TransactionID,Date,Item
1,2026-10-09,Bananas
1,2026-10-09,Coffee
1,2026-10-09,Croissants
1,2026-10-09,Reusable Bag
1,2026-10-09,Whole Milk
2,2026-02-04,Burger Buns
2,2026-02-04,Chicken Breast
2,2026-02-04,Cucumber
2,2026-02-04,Diapers
2,2026-02-04,Lettuce
2,2026-02-04,Olive Oil
2,2026-02-04,Reusable Bag
2,2026-02-04,Yogurt
3,2026-12-08,Garlic
3,2026-12-08,Pasta
3,2026-12-08,Red Wine
3,2026-12-08,Reusable Bag
3,2026-12-08,Rice
3,2026-12-08,Sparkling Water
4,2026-09-23,Apples
4,2026-09-23,Carrots
4,2026-09-23,Cheddar
4,2026-09-23,Garlic
4,2026-09-23,Paper Towels
4,2026-09-23,Parmesan
4,2026-09-23,Pasta
4,2026-09-23,Reusable Bag
4,2026-09-23,Tomato Sauce
4,2026-09-23,Yogurt
5,2026-07-09,Apples
5,2026-07-09,Beer
5,2026-07-09,Bread
5,2026-07-09,Burger Buns
5,2026-07-09,Charcoal
5,2026-07-09,Chicken Breast
5,2026-07-09,Frozen Pizza
5,2026-07-09,Steak
6,2026-07-18,Bananas
6,2026-07-18,Cucumber
6,2026-07-18,Lettuce
6,2026-07-18,Reusable Bag
6,2026-07-18,Tomatoes
7,2026-05-20,Chocolate
7,2026-05-20,Onions
7,2026-05-20,Reusable Bag
8,2026-04-30,Bananas
8,2026-04-30,Cheddar
8,2026-04-30,Coffee
8,2026-04-30,Croissants
8,2026-04-30,Eggs
8,2026-04-30,Orange Juice
8,2026-04-30,Paper Towels
8,2026-04-30,Reusable Bag
9,2026-08-15,Beer
9,2026-08-15,Bread
9,2026-08-15,Burger Buns
9,2026-08-15,Charcoal
9,2026-08-15,Ketchup
9,2026-08-15,Parmesan
9,2026-08-15,Reusable Bag
9,2026-08-15,Steak
10,2026-09-21,Baby Food
10,2026-09-21,Baby Wipes
10,2026-09-21,Bananas
10,2026-09-21,Beer
10,2026-09-21,Diapers
10,2026-09-21,Onions
10,2026-09-21,Reusable Bag
11,2026-01-19,Bread
11,2026-01-19,Chocolate
11,2026-01-19,Coffee
11,2026-01-19,Dish Soap
11,2026-01-19,Orange Juice
11,2026-01-19,Reusable Bag
12,2026-01-04,Apples
12,2026-01-04,Croissants
12,2026-01-04,Lettuce
12,2026-01-04,Olive Oil
12,2026-01-04,Potato Chips
12,2026-01-04,Reusable Bag
12,2026-01-04,Tomatoes
13,2026-12-24,Ketchup
13,2026-12-24,Reusable Bag
13,2026-12-24,Sparkling Water
13,2026-12-24,Steak
14,2026-06-21,Butter
14,2026-06-21,Eggs
14,2026-06-21,Potato Chips
14,2026-06-21,Sparkling Water
15,2026-06-15,Baby Food
15,2026-06-15,Bread
15,2026-06-15,Dish Soap
15,2026-06-15,Eggs
15,2026-06-15,Garlic
15,2026-06-15,Lettuce
15,2026-06-15,Parmesan
15,2026-06-15,Pasta
15,2026-06-15,Red Wine
15,2026-06-15,Reusable Bag
15,2026-06-15,Rice
15,2026-06-15,Steak
15,2026-06-15,Tomato Sauce
16,2026-08-23,Chicken Breast
16,2026-08-23,Lettuce
16,2026-08-23,Reusable Bag
16,2026-08-23,Tomatoes
17,2026-08-11,Bananas
17,2026-08-11,Carrots
17,2026-08-11,Chicken Breast
17,2026-08-11,Garlic
17,2026-08-11,Parmesan
17,2026-08-11,Pasta
17,2026-08-11,Potato Chips
17,2026-08-11,Red Wine
17,2026-08-11,Reusable Bag
17,2026-08-11,Tomato Sauce
17,2026-08-11,Whole Milk
18,2026-11-08,Baby Wipes
18,2026-11-08,Cheddar
18,2026-11-08,Chicken Breast
18,2026-11-08,Diapers
19,2026-08-18,Burger Buns
19,2026-08-18,Butter
19,2026-08-18,Charcoal
19,2026-08-18,Onions
19,2026-08-18,Reusable Bag
19,2026-08-18,Sparkling Water
20,2026-04-26,2% Milk
20,2026-04-26,Coffee
20,2026-04-26,Garlic
20,2026-04-26,Parmesan
20,2026-04-26,Pasta
20,2026-04-26,Red Wine
20,2026-04-26,Steak
20,2026-04-26,Tomato Sauce
21,2026-12-01,2% Milk
21,2026-12-01,Baby Food
21,2026-12-01,Charcoal
21,2026-12-01,Chicken Breast
21,2026-12-01,Diapers
21,2026-12-01,Garlic
21,2026-12-01,Paper Towels
21,2026-12-01,Parmesan
21,2026-12-01,Pasta
21,2026-12-01,Reusable Bag
21,2026-12-01,Rice
21,2026-12-01,Tomato Sauce
22,2026-06-30,Baby Wipes
22,2026-06-30,Beer
22,2026-06-30,Cheddar
22,2026-06-30,Chicken Breast
22,2026-06-30,Diapers
22,2026-06-30,Potato Chips
22,2026-06-30,Reusable Bag
23,2026-11-08,Bananas
23,2026-11-08,Beer
23,2026-11-08,Burger Buns
23,2026-11-08,Charcoal
23,2026-11-08,Ketchup
23,2026-11-08,Reusable Bag
24,2026-01-22,Cucumber
24,2026-01-22,Lettuce
24,2026-01-22,Olive Oil
24,2026-01-22,Reusable Bag
24,2026-01-22,Tomatoes
24,2026-01-22,Yogurt
25,2026-05-09,Baby Food
25,2026-05-09,Baby Wipes
25,2026-05-09,Bananas
25,2026-05-09,Charcoal
25,2026-05-09,Chocolate
25,2026-05-09,Cucumber
25,2026-05-09,Diapers
25,2026-05-09,Paper Towels
25,2026-05-09,Potato Chips
25,2026-05-09,Reusable Bag
25,2026-05-09,Tomatoes
25,2026-05-09,Truffle Oil
26,2026-04-07,Apples
26,2026-04-07,Bananas
26,2026-04-07,Carrots
26,2026-04-07,Chocolate
26,2026-04-07,Eggs
26,2026-04-07,Reusable Bag
27,2026-11-27,2% Milk
27,2026-11-27,Bananas
27,2026-11-27,Bread
27,2026-11-27,Coffee
27,2026-11-27,Croissants
27,2026-11-27,Orange Juice
27,2026-11-27,Tea
27,2026-11-27,Whole Milk
28,2026-11-20,Baby Food
28,2026-11-20,Baby Wipes
28,2026-11-20,Beer
28,2026-11-20,Bread
28,2026-11-20,Diapers
28,2026-11-20,Dish Soap
28,2026-11-20,Reusable Bag
28,2026-11-20,Yogurt
29,2026-01-10,2% Milk
29,2026-01-10,Eggs
29,2026-01-10,Garlic
29,2026-01-10,Parmesan
29,2026-01-10,Pasta
29,2026-01-10,Reusable Bag
30,2026-06-08,2% Milk
30,2026-06-08,Apples
30,2026-06-08,Bread
30,2026-06-08,Charcoal
30,2026-06-08,Chicken Breast
30,2026-06-08,Coffee
30,2026-06-08,Croissants
30,2026-06-08,Garlic
30,2026-06-08,Paper Towels
30,2026-06-08,Pasta
30,2026-06-08,Reusable Bag
30,2026-06-08,Tomato Sauce
31,2026-06-22,Chicken Breast
31,2026-06-22,Coffee
31,2026-06-22,Orange Juice
31,2026-06-22,Reusable Bag
31,2026-06-22,Whole Milk
32,2026-02-04,2% Milk
32,2026-02-04,Baby Food
32,2026-02-04,Cucumber
32,2026-02-04,Diapers
32,2026-02-04,Eggs
32,2026-02-04,Onions
32,2026-02-04,Parmesan
32,2026-02-04,Pasta
32,2026-02-04,Reusable Bag
32,2026-02-04,Rice
33,2026-04-16,2% Milk
33,2026-04-16,Apples
33,2026-04-16,Chicken Breast
33,2026-04-16,Red Wine
33,2026-04-16,Reusable Bag
33,2026-04-16,Sparkling Water
34,2026-07-23,Paper Towels
34,2026-07-23,Reusable Bag
34,2026-07-23,Sparkling Water
35,2026-10-13,Beer
35,2026-10-13,Burger Buns
35,2026-10-13,Charcoal
35,2026-10-13,Paper Towels
35,2026-10-13,Steak
36,2026-07-09,Chocolate
36,2026-07-09,Eggs
36,2026-07-09,Garlic
36,2026-07-09,Parmesan
36,2026-07-09,Pasta
36,2026-07-09,Reusable Bag
36,2026-07-09,Tomato Sauce
37,2026-04-25,Baby Food
37,2026-04-25,Beer
37,2026-04-25,Burger Buns
37,2026-04-25,Cereal
37,2026-04-25,Charcoal
37,2026-04-25,Croissants
37,2026-04-25,Frozen Pizza
37,2026-04-25,Ketchup
37,2026-04-25,Paper Towels
37,2026-04-25,Reusable Bag
37,2026-04-25,Steak
37,2026-04-25,Tea
38,2026-02-16,2% Milk
38,2026-02-16,Bread
38,2026-02-16,Chicken Breast
38,2026-02-16,Coffee
38,2026-02-16,Diapers
38,2026-02-16,Whole Milk
39,2026-09-08,Apples
39,2026-09-08,Beer
39,2026-09-08,Carrots
39,2026-09-08,Cereal
39,2026-09-08,Charcoal
39,2026-09-08,Dish Soap
39,2026-09-08,Lettuce
39,2026-09-08,Olive Oil
39,2026-09-08,Paper Towels
39,2026-09-08,Reusable Bag
39,2026-09-08,Tomatoes
40,2026-06-27,Beer
40,2026-06-27,Bread
40,2026-06-27,Burger Buns
40,2026-06-27,Charcoal
40,2026-06-27,Ketchup
40,2026-06-27,Reusable Bag
40,2026-06-27,Sparkling Water
40,2026-06-27,Steak
40,2026-06-27,Whole Milk
41,2026-06-08,Bread
41,2026-06-08,Chocolate
41,2026-06-08,Coffee
41,2026-06-08,Eggs
41,2026-06-08,Paper Towels
41,2026-06-08,Reusable Bag
41,2026-06-08,Rice
42,2026-02-05,Garlic
42,2026-02-05,Pasta
42,2026-02-05,Red Wine
42,2026-02-05,Reusable Bag
42,2026-02-05,Rice
42,2026-02-05,Tea
42,2026-02-05,Tomato Sauce
43,2026-06-18,Butter
43,2026-06-18,Cheddar
44,2026-11-09,Baby Wipes
44,2026-11-09,Dish Soap
44,2026-11-09,Ketchup
44,2026-11-09,Orange Juice
44,2026-11-09,Reusable Bag
44,2026-11-09,Tea
45,2026-12-01,Apples
45,2026-12-01,Bread
45,2026-12-01,Burger Buns
45,2026-12-01,Carrots
45,2026-12-01,Chocolate
45,2026-12-01,Cucumber
45,2026-12-01,Lettuce
45,2026-12-01,Potato Chips
45,2026-12-01,Red Wine
45,2026-12-01,Tomatoes
46,2026-06-27,2% Milk
46,2026-06-27,Parmesan
46,2026-06-27,Pasta
46,2026-06-27,Red Wine
46,2026-06-27,Reusable Bag
46,2026-06-27,Tomato Sauce
47,2026-12-27,Cheddar
47,2026-12-27,Reusable Bag
48,2026-06-19,Baby Food
48,2026-06-19,Baby Wipes
48,2026-06-19,Beer
48,2026-06-19,Diapers
48,2026-06-19,Eggs
48,2026-06-19,Reusable Bag
48,2026-06-19,Rice
49,2026-04-06,2% Milk
49,2026-04-06,Apples
49,2026-04-06,Beer
49,2026-04-06,Burger Buns
49,2026-04-06,Charcoal
49,2026-04-06,Chicken Breast
49,2026-04-06,Ketchup
49,2026-04-06,Reusable Bag
49,2026-04-06,Steak
49,2026-04-06,Tea
49,2026-04-06,Yogurt
50,2026-06-28,2% Milk
50,2026-06-28,Baby Wipes
50,2026-06-28,Bananas
50,2026-06-28,Coffee
50,2026-06-28,Croissants
50,2026-06-28,Cucumber
50,2026-06-28,Orange Juice
50,2026-06-28,Reusable Bag
50,2026-06-28,Whole Milk
51,2026-05-30,Sparkling Water
52,2026-07-11,Butter
52,2026-07-11,Chocolate
52,2026-07-11,Croissants
52,2026-07-11,Eggs
52,2026-07-11,Reusable Bag
52,2026-07-11,Steak
52,2026-07-11,Whole Milk
53,2026-08-28,Burger Buns
53,2026-08-28,Butter
53,2026-08-28,Frozen Pizza
53,2026-08-28,Lettuce
53,2026-08-28,Orange Juice
53,2026-08-28,Paper Towels
53,2026-08-28,Reusable Bag
53,2026-08-28,Tomatoes
53,2026-08-28,Yogurt
54,2026-07-18,Baby Food
54,2026-07-18,Bread
54,2026-07-18,Cucumber
54,2026-07-18,Diapers
54,2026-07-18,Lettuce
54,2026-07-18,Olive Oil
54,2026-07-18,Pasta
54,2026-07-18,Reusable Bag
54,2026-07-18,Tea
54,2026-07-18,Tomatoes
55,2026-05-28,Apples
55,2026-05-28,Butter
55,2026-05-28,Lettuce
55,2026-05-28,Potato Chips
55,2026-05-28,Reusable Bag
56,2026-09-30,Apples
56,2026-09-30,Cheddar
56,2026-09-30,Chicken Breast
56,2026-09-30,Cucumber
56,2026-09-30,Lettuce
56,2026-09-30,Onions
56,2026-09-30,Reusable Bag
56,2026-09-30,Tomatoes
57,2026-10-29,Baby Food
57,2026-10-29,Bananas
57,2026-10-29,Bread
57,2026-10-29,Cheddar
57,2026-10-29,Diapers
57,2026-10-29,Reusable Bag
57,2026-10-29,Tomato Sauce
58,2026-11-17,2% Milk
58,2026-11-17,Beer
58,2026-11-17,Burger Buns
58,2026-11-17,Cereal
58,2026-11-17,Charcoal
58,2026-11-17,Chicken Breast
58,2026-11-17,Reusable Bag
58,2026-11-17,Steak
58,2026-11-17,Yogurt
59,2026-12-27,Apples
59,2026-12-27,Chocolate
59,2026-12-27,Coffee
59,2026-12-27,Croissants
59,2026-12-27,Orange Juice
59,2026-12-27,Pasta
59,2026-12-27,Red Wine
59,2026-12-27,Reusable Bag
59,2026-12-27,Rice
59,2026-12-27,Whole Milk
60,2026-10-25,Apples
60,2026-10-25,Baby Wipes
60,2026-10-25,Chicken Breast
60,2026-10-25,Diapers
60,2026-10-25,Eggs
60,2026-10-25,Frozen Pizza
60,2026-10-25,Reusable Bag
61,2026-04-06,2% Milk
61,2026-04-06,Baby Wipes
61,2026-04-06,Bread
61,2026-04-06,Diapers
61,2026-04-06,Eggs
61,2026-04-06,Potato Chips
62,2026-06-10,Bananas
62,2026-06-10,Butter
62,2026-06-10,Reusable Bag
62,2026-06-10,Tea
62,2026-06-10,Yogurt
63,2026-11-05,Potato Chips
63,2026-11-05,Reusable Bag
64,2026-02-05,Pasta
64,2026-02-05,Red Wine
64,2026-02-05,Reusable Bag
64,2026-02-05,Sparkling Water
65,2026-03-28,Cereal
65,2026-03-28,Cucumber
65,2026-03-28,Lettuce
65,2026-03-28,Red Wine
65,2026-03-28,Reusable Bag
65,2026-03-28,Tomatoes
66,2026-07-04,Butter
66,2026-07-04,Reusable Bag
66,2026-07-04,Rice
67,2026-02-15,Carrots
67,2026-02-15,Coffee
67,2026-02-15,Cucumber
67,2026-02-15,Garlic
67,2026-02-15,Lettuce
67,2026-02-15,Olive Oil
67,2026-02-15,Red Wine
67,2026-02-15,Reusable Bag
67,2026-02-15,Tea
67,2026-02-15,Tomatoes
68,2026-11-16,2% Milk
68,2026-11-16,Baby Food
68,2026-11-16,Baby Wipes
68,2026-11-16,Beer
68,2026-11-16,Butter
68,2026-11-16,Diapers
68,2026-11-16,Potato Chips
68,2026-11-16,Reusable Bag
69,2026-06-09,Bananas
69,2026-06-09,Bread
69,2026-06-09,Cereal
69,2026-06-09,Cheddar
69,2026-06-09,Chocolate
69,2026-06-09,Garlic
69,2026-06-09,Olive Oil
69,2026-06-09,Parmesan
69,2026-06-09,Pasta
69,2026-06-09,Red Wine
69,2026-06-09,Tomato Sauce
70,2026-12-18,Apples
70,2026-12-18,Bread
70,2026-12-18,Cucumber
70,2026-12-18,Lettuce
70,2026-12-18,Olive Oil
70,2026-12-18,Reusable Bag
70,2026-12-18,Tomatoes
71,2026-02-27,Coffee
71,2026-02-27,Croissants
71,2026-02-27,Eggs
71,2026-02-27,Orange Juice
71,2026-02-27,Reusable Bag
71,2026-02-27,Whole Milk
72,2026-03-24,Baby Wipes
72,2026-03-24,Beer
72,2026-03-24,Butter
72,2026-03-24,Croissants
72,2026-03-24,Cucumber
72,2026-03-24,Diapers
72,2026-03-24,Eggs
72,2026-03-24,Red Wine
72,2026-03-24,Reusable Bag
72,2026-03-24,Rice
73,2026-06-28,Carrots
73,2026-06-28,Cheddar
73,2026-06-28,Garlic
73,2026-06-28,Parmesan
73,2026-06-28,Pasta
73,2026-06-28,Red Wine
73,2026-06-28,Reusable Bag
73,2026-06-28,Tomato Sauce
73,2026-06-28,Yogurt
74,2026-02-02,Carrots
74,2026-02-02,Garlic
74,2026-02-02,Onions
74,2026-02-02,Parmesan
74,2026-02-02,Pasta
75,2026-02-27,Beer
75,2026-02-27,Charcoal
75,2026-02-27,Coffee
75,2026-02-27,Frozen Pizza
75,2026-02-27,Ketchup
75,2026-02-27,Pasta
75,2026-02-27,Reusable Bag
75,2026-02-27,Steak
75,2026-02-27,Tea
76,2026-09-13,Bananas
76,2026-09-13,Garlic
76,2026-09-13,Parmesan
76,2026-09-13,Pasta
76,2026-09-13,Red Wine
76,2026-09-13,Reusable Bag
77,2026-03-09,Chocolate
77,2026-03-09,Pasta
77,2026-03-09,Red Wine
77,2026-03-09,Reusable Bag
77,2026-03-09,Tomato Sauce
78,2026-12-02,Cheddar
78,2026-12-02,Cucumber
78,2026-12-02,Lettuce
78,2026-12-02,Tomatoes
79,2026-08-13,Coffee
79,2026-08-13,Frozen Pizza
79,2026-08-13,Garlic
79,2026-08-13,Pasta
79,2026-08-13,Red Wine
79,2026-08-13,Reusable Bag
79,2026-08-13,Tomato Sauce
80,2026-10-10,2% Milk
80,2026-10-10,Apples
80,2026-10-10,Carrots
80,2026-10-10,Cheddar
80,2026-10-10,Paper Towels
80,2026-10-10,Reusable Bag
81,2026-04-06,Baby Food
81,2026-04-06,Baby Wipes
81,2026-04-06,Carrots
81,2026-04-06,Cheddar
81,2026-04-06,Diapers
81,2026-04-06,Orange Juice
81,2026-04-06,Reusable Bag
82,2026-10-31,Baby Wipes
82,2026-10-31,Bananas
82,2026-10-31,Beer
82,2026-10-31,Diapers
82,2026-10-31,Olive Oil
82,2026-10-31,Reusable Bag
83,2026-06-23,Bananas
83,2026-06-23,Bread
83,2026-06-23,Garlic
83,2026-06-23,Parmesan
83,2026-06-23,Pasta
83,2026-06-23,Potato Chips
83,2026-06-23,Red Wine
83,2026-06-23,Reusable Bag
83,2026-06-23,Sparkling Water
83,2026-06-23,Tomato Sauce
84,2026-01-28,Beer
84,2026-01-28,Butter
84,2026-01-28,Dish Soap
84,2026-01-28,Frozen Pizza
84,2026-01-28,Ketchup
84,2026-01-28,Reusable Bag
84,2026-01-28,Sparkling Water
85,2026-12-07,Cereal
85,2026-12-07,Coffee
85,2026-12-07,Croissants
85,2026-12-07,Onions
85,2026-12-07,Orange Juice
85,2026-12-07,Reusable Bag
85,2026-12-07,Rice
86,2026-03-03,Onions
86,2026-03-03,Paper Towels
86,2026-03-03,Parmesan
86,2026-03-03,Pasta
86,2026-03-03,Reusable Bag
86,2026-03-03,Rice
87,2026-05-14,Bananas
87,2026-05-14,Chicken Breast
87,2026-05-14,Eggs
87,2026-05-14,Frozen Pizza
87,2026-05-14,Garlic
87,2026-05-14,Orange Juice
87,2026-05-14,Pasta
87,2026-05-14,Potato Chips
87,2026-05-14,Red Wine
87,2026-05-14,Reusable Bag
87,2026-05-14,Tomato Sauce
87,2026-05-14,Whole Milk
88,2026-07-28,Apples
88,2026-07-28,Chocolate
88,2026-07-28,Reusable Bag
89,2026-09-26,2% Milk
89,2026-09-26,Coffee
89,2026-09-26,Croissants
89,2026-09-26,Garlic
89,2026-09-26,Orange Juice
89,2026-09-26,Reusable Bag
89,2026-09-26,Tea
90,2026-05-16,Baby Food
90,2026-05-16,Bananas
90,2026-05-16,Beer
90,2026-05-16,Burger Buns
90,2026-05-16,Charcoal
90,2026-05-16,Eggs
90,2026-05-16,Ketchup
90,2026-05-16,Onions
90,2026-05-16,Sparkling Water
90,2026-05-16,Steak
90,2026-05-16,Tea
90,2026-05-16,Whole Milk
91,2026-10-18,Baby Food
91,2026-10-18,Baby Wipes
91,2026-10-18,Carrots
91,2026-10-18,Chocolate
91,2026-10-18,Diapers
91,2026-10-18,Olive Oil
91,2026-10-18,Onions
91,2026-10-18,Orange Juice
91,2026-10-18,Reusable Bag
91,2026-10-18,Rice
91,2026-10-18,Tea
91,2026-10-18,Whole Milk
92,2026-11-20,2% Milk
92,2026-11-20,Baby Wipes
92,2026-11-20,Beer
92,2026-11-20,Bread
92,2026-11-20,Chicken Breast
92,2026-11-20,Diapers
92,2026-11-20,Dish Soap
92,2026-11-20,Reusable Bag
93,2026-10-23,2% Milk
93,2026-10-23,Carrots
93,2026-10-23,Garlic
93,2026-10-23,Parmesan
93,2026-10-23,Pasta
93,2026-10-23,Reusable Bag
93,2026-10-23,Tomato Sauce
94,2026-02-16,Baby Wipes
94,2026-02-16,Diapers
94,2026-02-16,Potato Chips
94,2026-02-16,Reusable Bag
95,2026-08-09,Burger Buns
95,2026-08-09,Butter
95,2026-08-09,Chicken Breast
95,2026-08-09,Cucumber
95,2026-08-09,Eggs
95,2026-08-09,Ketchup
95,2026-08-09,Lettuce
95,2026-08-09,Tea
95,2026-08-09,Yogurt
96,2026-03-15,Beer
96,2026-03-15,Burger Buns
96,2026-03-15,Cereal
96,2026-03-15,Charcoal
96,2026-03-15,Eggs
96,2026-03-15,Ketchup
96,2026-03-15,Reusable Bag
96,2026-03-15,Steak
97,2026-10-17,Apples
97,2026-10-17,Chocolate
97,2026-10-17,Eggs
97,2026-10-17,Garlic
97,2026-10-17,Parmesan
97,2026-10-17,Pasta
97,2026-10-17,Red Wine
97,2026-10-17,Reusable Bag
97,2026-10-17,Tomato Sauce
98,2026-11-03,Beer
98,2026-11-03,Bread
98,2026-11-03,Burger Buns
98,2026-11-03,Charcoal
98,2026-11-03,Ketchup
98,2026-11-03,Reusable Bag
99,2026-01-11,Coffee
99,2026-01-11,Eggs
99,2026-01-11,Potato Chips
99,2026-01-11,Reusable Bag
99,2026-01-11,Rice
100,2026-12-23,Bananas
100,2026-12-23,Bread
100,2026-12-23,Frozen Pizza
100,2026-12-23,Garlic
100,2026-12-23,Olive Oil
100,2026-12-23,Onions
100,2026-12-23,Parmesan
100,2026-12-23,Pasta
100,2026-12-23,Red Wine
100,2026-12-23,Tea
100,2026-12-23,Whole Milk
101,2026-08-26,Bread
101,2026-08-26,Rice
101,2026-08-26,Yogurt
102,2026-03-06,Burger Buns
102,2026-03-06,Charcoal
102,2026-03-06,Ketchup
102,2026-03-06,Potato Chips
103,2026-02-20,Baby Wipes
103,2026-02-20,Bananas
103,2026-02-20,Beer
103,2026-02-20,Cereal
103,2026-02-20,Coffee
103,2026-02-20,Paper Towels
103,2026-02-20,Reusable Bag
103,2026-02-20,Yogurt
104,2026-07-14,Apples
104,2026-07-14,Chocolate
104,2026-07-14,Garlic
104,2026-07-14,Olive Oil
104,2026-07-14,Parmesan
104,2026-07-14,Pasta
104,2026-07-14,Reusable Bag
104,2026-07-14,Tomato Sauce
105,2026-08-09,2% Milk
105,2026-08-09,Apples
105,2026-08-09,Baby Wipes
105,2026-08-09,Bread
105,2026-08-09,Burger Buns
105,2026-08-09,Charcoal
105,2026-08-09,Dish Soap
105,2026-08-09,Ketchup
105,2026-08-09,Onions
105,2026-08-09,Orange Juice
105,2026-08-09,Reusable Bag
106,2026-12-29,Baby Food
106,2026-12-29,Baby Wipes
106,2026-12-29,Beer
106,2026-12-29,Carrots
106,2026-12-29,Chocolate
106,2026-12-29,Diapers
106,2026-12-29,Reusable Bag
107,2026-08-18,Reusable Bag
107,2026-08-18,Rice
108,2026-11-17,2% Milk
108,2026-11-17,Chicken Breast
108,2026-11-17,Croissants
108,2026-11-17,Cucumber
108,2026-11-17,Dish Soap
108,2026-11-17,Frozen Pizza
108,2026-11-17,Red Wine
108,2026-11-17,Reusable Bag
108,2026-11-17,Tea
109,2026-02-25,2% Milk
109,2026-02-25,Bananas
109,2026-02-25,Bread
109,2026-02-25,Butter
109,2026-02-25,Charcoal
109,2026-02-25,Cheddar
109,2026-02-25,Reusable Bag
109,2026-02-25,Steak
110,2026-08-22,Butter
110,2026-08-22,Chicken Breast
110,2026-08-22,Garlic
110,2026-08-22,Lettuce
110,2026-08-22,Onions
110,2026-08-22,Parmesan
110,2026-08-22,Pasta
110,2026-08-22,Reusable Bag
110,2026-08-22,Rice
110,2026-08-22,Tomato Sauce
111,2026-06-12,Bread
111,2026-06-12,Charcoal
111,2026-06-12,Eggs
111,2026-06-12,Potato Chips
111,2026-06-12,Reusable Bag
111,2026-06-12,Steak
111,2026-06-12,Tomatoes
112,2026-01-19,Bread
112,2026-01-19,Diapers
112,2026-01-19,Orange Juice
112,2026-01-19,Parmesan
112,2026-01-19,Reusable Bag
112,2026-01-19,Yogurt
113,2026-08-11,Baby Wipes
113,2026-08-11,Beer
113,2026-08-11,Diapers
113,2026-08-11,Sparkling Water
114,2026-12-19,Baby Food
114,2026-12-19,Baby Wipes
114,2026-12-19,Diapers
114,2026-12-19,Reusable Bag
114,2026-12-19,Rice
115,2026-04-24,2% Milk
115,2026-04-24,Bread
115,2026-04-24,Butter
115,2026-04-24,Coffee
115,2026-04-24,Croissants
115,2026-04-24,Orange Juice
115,2026-04-24,Reusable Bag
115,2026-04-24,Sparkling Water
115,2026-04-24,Tea
116,2026-03-26,Bread
116,2026-03-26,Butter
116,2026-03-26,Charcoal
116,2026-03-26,Frozen Pizza
116,2026-03-26,Garlic
116,2026-03-26,Onions
116,2026-03-26,Parmesan
116,2026-03-26,Pasta
116,2026-03-26,Potato Chips
116,2026-03-26,Red Wine
116,2026-03-26,Tomato Sauce
117,2026-03-30,Burger Buns
117,2026-03-30,Butter
117,2026-03-30,Charcoal
117,2026-03-30,Onions
117,2026-03-30,Reusable Bag
117,2026-03-30,Steak
118,2026-07-28,Bananas
118,2026-07-28,Bread
118,2026-07-28,Cereal
118,2026-07-28,Reusable Bag
119,2026-05-11,Bananas
119,2026-05-11,Charcoal
119,2026-05-11,Croissants
119,2026-05-11,Dish Soap
119,2026-05-11,Onions
119,2026-05-11,Sparkling Water
119,2026-05-11,Tomato Sauce
120,2026-09-17,Beer
120,2026-09-17,Burger Buns
120,2026-09-17,Charcoal
120,2026-09-17,Croissants
120,2026-09-17,Cucumber
120,2026-09-17,Frozen Pizza
120,2026-09-17,Reusable Bag
120,2026-09-17,Steak
120,2026-09-17,Tomatoes
121,2026-03-05,Carrots
121,2026-03-05,Dish Soap
121,2026-03-05,Lettuce
121,2026-03-05,Tomatoes
122,2026-03-12,Paper Towels
122,2026-03-12,Potato Chips
122,2026-03-12,Reusable Bag
123,2026-01-03,Bread
123,2026-01-03,Cheddar
124,2026-02-09,Parmesan
124,2026-02-09,Pasta
124,2026-02-09,Potato Chips
124,2026-02-09,Red Wine
124,2026-02-09,Tomato Sauce
125,2026-12-30,Beer
125,2026-12-30,Coffee
125,2026-12-30,Croissants
125,2026-12-30,Ketchup
125,2026-12-30,Orange Juice
125,2026-12-30,Reusable Bag
125,2026-12-30,Yogurt
126,2026-05-04,Apples
126,2026-05-04,Cucumber
126,2026-05-04,Lettuce
126,2026-05-04,Reusable Bag
126,2026-05-04,Tomatoes
127,2026-07-09,Baby Food
127,2026-07-09,Butter
127,2026-07-09,Cheddar
127,2026-07-09,Chicken Breast
127,2026-07-09,Chocolate
127,2026-07-09,Garlic
127,2026-07-09,Paper Towels
127,2026-07-09,Parmesan
127,2026-07-09,Pasta
127,2026-07-09,Reusable Bag
127,2026-07-09,Tomato Sauce
128,2026-10-22,Bread
128,2026-10-22,Parmesan
128,2026-10-22,Pasta
128,2026-10-22,Potato Chips
128,2026-10-22,Red Wine
128,2026-10-22,Reusable Bag
128,2026-10-22,Tomato Sauce
129,2026-01-08,Baby Wipes
129,2026-01-08,Chocolate
129,2026-01-08,Croissants
129,2026-01-08,Paper Towels
129,2026-01-08,Reusable Bag
129,2026-01-08,Tomato Sauce
130,2026-11-23,2% Milk
130,2026-11-23,Baby Wipes
130,2026-11-23,Cheddar
130,2026-11-23,Coffee
130,2026-11-23,Croissants
130,2026-11-23,Orange Juice
130,2026-11-23,Potato Chips
130,2026-11-23,Reusable Bag
131,2026-02-02,Baby Wipes
131,2026-02-02,Butter
131,2026-02-02,Reusable Bag
131,2026-02-02,Sparkling Water
132,2026-11-05,Baby Food
132,2026-11-05,Bread
132,2026-11-05,Garlic
132,2026-11-05,Parmesan
132,2026-11-05,Pasta
132,2026-11-05,Reusable Bag
132,2026-11-05,Tomato Sauce
133,2026-07-30,Bread
133,2026-07-30,Carrots
133,2026-07-30,Cereal
133,2026-07-30,Chicken Breast
133,2026-07-30,Coffee
133,2026-07-30,Onions
133,2026-07-30,Orange Juice
134,2026-04-23,2% Milk
134,2026-04-23,Baby Food
134,2026-04-23,Baby Wipes
134,2026-04-23,Beer
134,2026-04-23,Diapers
134,2026-04-23,Reusable Bag
135,2026-11-13,Apples
135,2026-11-13,Cereal
135,2026-11-13,Cucumber
135,2026-11-13,Frozen Pizza
135,2026-11-13,Lettuce
135,2026-11-13,Olive Oil
135,2026-11-13,Paper Towels
135,2026-11-13,Reusable Bag
135,2026-11-13,Sparkling Water
135,2026-11-13,Tomatoes
136,2026-03-27,Bananas
136,2026-03-27,Bread
136,2026-03-27,Frozen Pizza
136,2026-03-27,Lettuce
136,2026-03-27,Olive Oil
136,2026-03-27,Reusable Bag
136,2026-03-27,Sparkling Water
137,2026-04-06,Bananas
137,2026-04-06,Butter
137,2026-04-06,Chocolate
137,2026-04-06,Coffee
137,2026-04-06,Orange Juice
137,2026-04-06,Reusable Bag
137,2026-04-06,Yogurt
138,2026-04-16,Bananas
138,2026-04-16,Burger Buns
138,2026-04-16,Cereal
138,2026-04-16,Charcoal
138,2026-04-16,Reusable Bag
138,2026-04-16,Sparkling Water
138,2026-04-16,Steak
138,2026-04-16,Yogurt
139,2026-04-30,Baby Wipes
139,2026-04-30,Cheddar
139,2026-04-30,Reusable Bag
140,2026-09-25,Chicken Breast
140,2026-09-25,Diapers
140,2026-09-25,Onions
140,2026-09-25,Reusable Bag
141,2026-07-30,Chicken Breast
141,2026-07-30,Coffee
141,2026-07-30,Onions
141,2026-07-30,Orange Juice
141,2026-07-30,Reusable Bag
141,2026-07-30,Steak
142,2026-06-01,Coffee
142,2026-06-01,Garlic
142,2026-06-01,Pasta
142,2026-06-01,Potato Chips
142,2026-06-01,Red Wine
142,2026-06-01,Reusable Bag
142,2026-06-01,Tomato Sauce
142,2026-06-01,Whole Milk
143,2026-09-14,Beer
143,2026-09-14,Burger Buns
143,2026-09-14,Charcoal
143,2026-09-14,Coffee
143,2026-09-14,Red Wine
143,2026-09-14,Reusable Bag
143,2026-09-14,Sparkling Water
143,2026-09-14,Steak
144,2026-11-11,Burger Buns
144,2026-11-11,Butter
144,2026-11-11,Charcoal
144,2026-11-11,Coffee
144,2026-11-11,Eggs
144,2026-11-11,Reusable Bag
144,2026-11-11,Tomato Sauce
145,2026-09-04,Bread
145,2026-09-04,Burger Buns
145,2026-09-04,Charcoal
145,2026-09-04,Reusable Bag
145,2026-09-04,Steak
146,2026-05-24,Apples
146,2026-05-24,Bananas
146,2026-05-24,Bread
146,2026-05-24,Burger Buns
146,2026-05-24,Chocolate
146,2026-05-24,Coffee
146,2026-05-24,Lettuce
146,2026-05-24,Orange Juice
146,2026-05-24,Reusable Bag
146,2026-05-24,Tea
146,2026-05-24,Tomatoes
147,2026-03-29,Cheddar
147,2026-03-29,Eggs
147,2026-03-29,Onions
147,2026-03-29,Paper Towels
147,2026-03-29,Reusable Bag
147,2026-03-29,Tea
148,2026-01-05,Butter
148,2026-01-05,Carrots
148,2026-01-05,Chocolate
148,2026-01-05,Reusable Bag
149,2026-07-18,Bread
149,2026-07-18,Cheddar
149,2026-07-18,Reusable Bag
149,2026-07-18,Tea
150,2026-03-27,Beer
150,2026-03-27,Bread
150,2026-03-27,Burger Buns
150,2026-03-27,Charcoal
150,2026-03-27,Ketchup
150,2026-03-27,Reusable Bag
150,2026-03-27,Steak
150,2026-03-27,Whole Milk
151,2026-12-22,2% Milk
151,2026-12-22,Apples
151,2026-12-22,Bananas
151,2026-12-22,Burger Buns
151,2026-12-22,Cereal
151,2026-12-22,Coffee
151,2026-12-22,Croissants
151,2026-12-22,Cucumber
151,2026-12-22,Orange Juice
151,2026-12-22,Paper Towels
151,2026-12-22,Reusable Bag
151,2026-12-22,Tomatoes
152,2026-10-27,Beer
152,2026-10-27,Carrots
152,2026-10-27,Charcoal
152,2026-10-27,Coffee
152,2026-10-27,Eggs
152,2026-10-27,Paper Towels
152,2026-10-27,Potato Chips
152,2026-10-27,Reusable Bag
152,2026-10-27,Steak
153,2026-03-12,Bananas
153,2026-03-12,Eggs
153,2026-03-12,Lettuce
153,2026-03-12,Olive Oil
153,2026-03-12,Reusable Bag
154,2026-04-03,2% Milk
154,2026-04-03,Baby Wipes
154,2026-04-03,Carrots
154,2026-04-03,Cheddar
154,2026-04-03,Cucumber
154,2026-04-03,Lettuce
154,2026-04-03,Paper Towels
155,2026-02-21,Apples
155,2026-02-21,Dish Soap
155,2026-02-21,Garlic
155,2026-02-21,Orange Juice
155,2026-02-21,Parmesan
155,2026-02-21,Pasta
155,2026-02-21,Red Wine
155,2026-02-21,Reusable Bag
155,2026-02-21,Tomato Sauce
156,2026-02-22,Bread
156,2026-02-22,Chocolate
156,2026-02-22,Eggs
156,2026-02-22,Lettuce
156,2026-02-22,Olive Oil
156,2026-02-22,Reusable Bag
156,2026-02-22,Tomatoes
156,2026-02-22,Yogurt
157,2026-10-29,Apples
157,2026-10-29,Bananas
157,2026-10-29,Carrots
157,2026-10-29,Potato Chips
157,2026-10-29,Reusable Bag
157,2026-10-29,Tea
158,2026-01-08,2% Milk
158,2026-01-08,Beer
158,2026-01-08,Burger Buns
158,2026-01-08,Charcoal
158,2026-01-08,Ketchup
158,2026-01-08,Reusable Bag
158,2026-01-08,Steak
159,2026-11-24,Chocolate
159,2026-11-24,Eggs
159,2026-11-24,Ketchup
159,2026-11-24,Pasta
159,2026-11-24,Red Wine
159,2026-11-24,Reusable Bag
159,2026-11-24,Tomato Sauce
159,2026-11-24,Yogurt
160,2026-12-15,2% Milk
160,2026-12-15,Apples
160,2026-12-15,Carrots
160,2026-12-15,Garlic
160,2026-12-15,Pasta
160,2026-12-15,Red Wine
160,2026-12-15,Reusable Bag
160,2026-12-15,Tomato Sauce
161,2026-09-05,2% Milk
161,2026-09-05,Beer
161,2026-09-05,Burger Buns
161,2026-09-05,Charcoal
161,2026-09-05,Croissants
161,2026-09-05,Dish Soap
161,2026-09-05,Olive Oil
161,2026-09-05,Pasta
161,2026-09-05,Potato Chips
161,2026-09-05,Reusable Bag
161,2026-09-05,Sparkling Water
162,2026-07-10,Apples
162,2026-07-10,Carrots
162,2026-07-10,Chicken Breast
162,2026-07-10,Coffee
162,2026-07-10,Dish Soap
162,2026-07-10,Onions
162,2026-07-10,Orange Juice
162,2026-07-10,Pasta
162,2026-07-10,Reusable Bag
162,2026-07-10,Whole Milk
163,2026-08-15,Bananas
163,2026-08-15,Chicken Breast
163,2026-08-15,Lettuce
163,2026-08-15,Rice
163,2026-08-15,Tomatoes
164,2026-07-08,Beer
164,2026-07-08,Bread
164,2026-07-08,Burger Buns
164,2026-07-08,Charcoal
164,2026-07-08,Cheddar
164,2026-07-08,Onions
164,2026-07-08,Reusable Bag
164,2026-07-08,Tea
165,2026-01-03,2% Milk
165,2026-01-03,Baby Food
165,2026-01-03,Baby Wipes
165,2026-01-03,Bread
165,2026-01-03,Carrots
165,2026-01-03,Cucumber
165,2026-01-03,Diapers
165,2026-01-03,Eggs
165,2026-01-03,Garlic
165,2026-01-03,Potato Chips
165,2026-01-03,Reusable Bag
166,2026-01-13,2% Milk
166,2026-01-13,Eggs
166,2026-01-13,Garlic
166,2026-01-13,Olive Oil
166,2026-01-13,Parmesan
166,2026-01-13,Pasta
166,2026-01-13,Potato Chips
166,2026-01-13,Reusable Bag
166,2026-01-13,Sparkling Water
166,2026-01-13,Tomato Sauce
166,2026-01-13,Yogurt
167,2026-09-19,2% Milk
167,2026-09-19,Apples
167,2026-09-19,Beer
167,2026-09-19,Charcoal
167,2026-09-19,Dish Soap
167,2026-09-19,Eggs
167,2026-09-19,Potato Chips
167,2026-09-19,Reusable Bag
168,2026-10-22,Bananas
168,2026-10-22,Cereal
168,2026-10-22,Cheddar
168,2026-10-22,Cucumber
168,2026-10-22,Lettuce
168,2026-10-22,Olive Oil
168,2026-10-22,Potato Chips
168,2026-10-22,Reusable Bag
169,2026-04-17,Apples
169,2026-04-17,Bananas
169,2026-04-17,Coffee
169,2026-04-17,Croissants
169,2026-04-17,Orange Juice
169,2026-04-17,Reusable Bag
169,2026-04-17,Sparkling Water
169,2026-04-17,Tea
169,2026-04-17,Whole Milk
169,2026-04-17,Yogurt
170,2026-07-30,Paper Towels
170,2026-07-30,Parmesan
170,2026-07-30,Pasta
170,2026-07-30,Red Wine
170,2026-07-30,Reusable Bag
171,2026-11-21,Baby Food
171,2026-11-21,Baby Wipes
171,2026-11-21,Bananas
171,2026-11-21,Beer
171,2026-11-21,Chicken Breast
171,2026-11-21,Diapers
171,2026-11-21,Reusable Bag
172,2026-02-03,Reusable Bag
172,2026-02-03,Tea
173,2026-02-26,Reusable Bag
173,2026-02-26,Yogurt
174,2026-11-12,Bread
174,2026-11-12,Lettuce
174,2026-11-12,Olive Oil
174,2026-11-12,Reusable Bag
174,2026-11-12,Tomatoes
174,2026-11-12,Yogurt
175,2026-09-11,Carrots
175,2026-09-11,Chicken Breast
175,2026-09-11,Cucumber
175,2026-09-11,Eggs
175,2026-09-11,Lettuce
175,2026-09-11,Olive Oil
175,2026-09-11,Reusable Bag
176,2026-05-30,Baby Wipes
176,2026-05-30,Butter
176,2026-05-30,Chocolate
176,2026-05-30,Steak
176,2026-05-30,Tomato Sauce
177,2026-05-26,Baby Wipes
177,2026-05-26,Cheddar
177,2026-05-26,Chicken Breast
177,2026-05-26,Diapers
177,2026-05-26,Eggs
177,2026-05-26,Frozen Pizza
177,2026-05-26,Reusable Bag
177,2026-05-26,Sparkling Water
178,2026-11-04,Beer
178,2026-11-04,Burger Buns
178,2026-11-04,Charcoal
178,2026-11-04,Eggs
178,2026-11-04,Frozen Pizza
178,2026-11-04,Reusable Bag
178,2026-11-04,Steak
179,2026-04-16,Carrots
179,2026-04-16,Reusable Bag
180,2026-03-11,2% Milk
180,2026-03-11,Beer
180,2026-03-11,Carrots
180,2026-03-11,Charcoal
180,2026-03-11,Eggs
180,2026-03-11,Ketchup
180,2026-03-11,Reusable Bag
180,2026-03-11,Steak
181,2026-11-20,Bananas
181,2026-11-20,Beer
181,2026-11-20,Burger Buns
181,2026-11-20,Butter
181,2026-11-20,Charcoal
181,2026-11-20,Chocolate
181,2026-11-20,Croissants
181,2026-11-20,Ketchup
181,2026-11-20,Reusable Bag
181,2026-11-20,Sparkling Water
181,2026-11-20,Tea
181,2026-11-20,Tomato Sauce
182,2026-01-09,Butter
182,2026-01-09,Chocolate
182,2026-01-09,Olive Oil
182,2026-01-09,Orange Juice
182,2026-01-09,Reusable Bag
182,2026-01-09,Rice
183,2026-07-01,Carrots
183,2026-07-01,Parmesan
183,2026-07-01,Pasta
183,2026-07-01,Reusable Bag
183,2026-07-01,Yogurt
184,2026-01-16,Carrots
184,2026-01-16,Chocolate
184,2026-01-16,Garlic
184,2026-01-16,Parmesan
184,2026-01-16,Pasta
184,2026-01-16,Reusable Bag
184,2026-01-16,Tea
184,2026-01-16,Tomato Sauce
185,2026-03-11,Baby Wipes
185,2026-03-11,Burger Buns
185,2026-03-11,Eggs
185,2026-03-11,Ketchup
186,2026-02-24,Carrots
186,2026-02-24,Chicken Breast
186,2026-02-24,Frozen Pizza
186,2026-02-24,Lettuce
186,2026-02-24,Olive Oil
186,2026-02-24,Potato Chips
186,2026-02-24,Tomatoes
187,2026-07-09,Apples
187,2026-07-09,Bread
187,2026-07-09,Burger Buns
187,2026-07-09,Charcoal
187,2026-07-09,Ketchup
187,2026-07-09,Paper Towels
187,2026-07-09,Reusable Bag
187,2026-07-09,Steak
187,2026-07-09,Yogurt
188,2026-03-16,Baby Wipes
188,2026-03-16,Bananas
188,2026-03-16,Bread
188,2026-03-16,Cereal
188,2026-03-16,Chocolate
188,2026-03-16,Diapers
188,2026-03-16,Tea
189,2026-05-30,2% Milk
189,2026-05-30,Apples
189,2026-05-30,Bread
189,2026-05-30,Diapers
189,2026-05-30,Olive Oil
189,2026-05-30,Potato Chips
189,2026-05-30,Steak
189,2026-05-30,Yogurt
190,2026-01-14,Beer
190,2026-01-14,Bread
190,2026-01-14,Coffee
190,2026-01-14,Croissants
190,2026-01-14,Frozen Pizza
190,2026-01-14,Paper Towels
190,2026-01-14,Reusable Bag
190,2026-01-14,Rice
190,2026-01-14,Steak
190,2026-01-14,Tomato Sauce
190,2026-01-14,Whole Milk
190,2026-01-14,Yogurt
191,2026-12-03,Bread
191,2026-12-03,Chicken Breast
191,2026-12-03,Croissants
191,2026-12-03,Parmesan
191,2026-12-03,Pasta
191,2026-12-03,Reusable Bag
191,2026-12-03,Tomato Sauce
191,2026-12-03,Yogurt
192,2026-09-18,Baby Wipes
192,2026-09-18,Cheddar
192,2026-09-18,Garlic
192,2026-09-18,Ketchup
192,2026-09-18,Pasta
192,2026-09-18,Reusable Bag
193,2026-05-09,Bananas
193,2026-05-09,Bread
193,2026-05-09,Garlic
193,2026-05-09,Paper Towels
193,2026-05-09,Parmesan
193,2026-05-09,Pasta
193,2026-05-09,Red Wine
193,2026-05-09,Tomato Sauce
194,2026-07-06,Bananas
194,2026-07-06,Cucumber
194,2026-07-06,Diapers
194,2026-07-06,Garlic
194,2026-07-06,Lettuce
194,2026-07-06,Reusable Bag
194,2026-07-06,Rice
194,2026-07-06,Tea
194,2026-07-06,Tomatoes
194,2026-07-06,Whole Milk
195,2026-09-30,Carrots
195,2026-09-30,Cereal
195,2026-09-30,Chicken Breast
195,2026-09-30,Coffee
195,2026-09-30,Croissants
195,2026-09-30,Orange Juice
195,2026-09-30,Rice
195,2026-09-30,Tea
196,2026-12-30,Baby Wipes
196,2026-12-30,Beer
196,2026-12-30,Diapers
196,2026-12-30,Potato Chips
196,2026-12-30,Reusable Bag
197,2026-04-25,2% Milk
197,2026-04-25,Apples
197,2026-04-25,Cheddar
197,2026-04-25,Garlic
197,2026-04-25,Paper Towels
197,2026-04-25,Parmesan
197,2026-04-25,Pasta
197,2026-04-25,Red Wine
197,2026-04-25,Reusable Bag
197,2026-04-25,Sparkling Water
198,2026-12-19,Frozen Pizza
198,2026-12-19,Garlic
198,2026-12-19,Pasta
198,2026-12-19,Reusable Bag
199,2026-10-07,2% Milk
199,2026-10-07,Bananas
199,2026-10-07,Chicken Breast
199,2026-10-07,Coffee
199,2026-10-07,Croissants
199,2026-10-07,Olive Oil
199,2026-10-07,Pasta
199,2026-10-07,Steak
200,2026-05-20,Baby Food
200,2026-05-20,Baby Wipes
200,2026-05-20,Butter
200,2026-05-20,Diapers
200,2026-05-20,Pasta
200,2026-05-20,Reusable Bag
200,2026-05-20,Sparkling Water
200,2026-05-20,Yogurt
201,2026-07-10,Bread
201,2026-07-10,Croissants
201,2026-07-10,Onions
201,2026-07-10,Potato Chips
201,2026-07-10,Reusable Bag
202,2026-07-11,Apples
202,2026-07-11,Chicken Breast
202,2026-07-11,Reusable Bag
202,2026-07-11,Sparkling Water
203,2026-06-28,Carrots
203,2026-06-28,Cereal
203,2026-06-28,Cheddar
203,2026-06-28,Cucumber
203,2026-06-28,Onions
203,2026-06-28,Reusable Bag
203,2026-06-28,Tomato Sauce
204,2026-12-09,Bread
204,2026-12-09,Burger Buns
204,2026-12-09,Carrots
204,2026-12-09,Charcoal
204,2026-12-09,Ketchup
204,2026-12-09,Potato Chips
204,2026-12-09,Reusable Bag
204,2026-12-09,Rice
204,2026-12-09,Steak
205,2026-06-10,Bread
205,2026-06-10,Reusable Bag
206,2026-10-10,Apples
206,2026-10-10,Beer
206,2026-10-10,Burger Buns
206,2026-10-10,Cereal
206,2026-10-10,Charcoal
206,2026-10-10,Diapers
206,2026-10-10,Ketchup
206,2026-10-10,Reusable Bag
206,2026-10-10,Steak
206,2026-10-10,Tomatoes
207,2026-06-26,Baby Wipes
207,2026-06-26,Bananas
207,2026-06-26,Beer
207,2026-06-26,Cheddar
207,2026-06-26,Cucumber
207,2026-06-26,Diapers
207,2026-06-26,Eggs
207,2026-06-26,Garlic
207,2026-06-26,Yogurt
208,2026-07-17,2% Milk
208,2026-07-17,Apples
208,2026-07-17,Bananas
208,2026-07-17,Carrots
208,2026-07-17,Charcoal
208,2026-07-17,Ketchup
208,2026-07-17,Reusable Bag
208,2026-07-17,Rice
208,2026-07-17,Steak
209,2026-01-12,Baby Food
209,2026-01-12,Baby Wipes
209,2026-01-12,Bread
209,2026-01-12,Carrots
209,2026-01-12,Diapers
209,2026-01-12,Reusable Bag
209,2026-01-12,Rice
209,2026-01-12,Sparkling Water
209,2026-01-12,Yogurt
210,2026-09-29,Bananas
210,2026-09-29,Charcoal
210,2026-09-29,Croissants
210,2026-09-29,Eggs
210,2026-09-29,Olive Oil
210,2026-09-29,Reusable Bag
210,2026-09-29,Rice
211,2026-11-24,Beer
211,2026-11-24,Burger Buns
211,2026-11-24,Charcoal
211,2026-11-24,Ketchup
211,2026-11-24,Reusable Bag
211,2026-11-24,Sparkling Water
211,2026-11-24,Steak
212,2026-04-20,2% Milk
212,2026-04-20,Eggs
212,2026-04-20,Onions
212,2026-04-20,Parmesan
212,2026-04-20,Pasta
212,2026-04-20,Reusable Bag
212,2026-04-20,Tomato Sauce
213,2026-06-28,Butter
213,2026-06-28,Carrots
213,2026-06-28,Cereal
213,2026-06-28,Cheddar
213,2026-06-28,Coffee
213,2026-06-28,Croissants
213,2026-06-28,Onions
213,2026-06-28,Reusable Bag
213,2026-06-28,Tomato Sauce
213,2026-06-28,Whole Milk
214,2026-08-25,Baby Food
214,2026-08-25,Baby Wipes
214,2026-08-25,Beer
214,2026-08-25,Butter
214,2026-08-25,Diapers
214,2026-08-25,Onions
214,2026-08-25,Reusable Bag
214,2026-08-25,Yogurt
215,2026-10-19,Apples
215,2026-10-19,Chocolate
215,2026-10-19,Coffee
215,2026-10-19,Onions
215,2026-10-19,Reusable Bag
215,2026-10-19,Tea
215,2026-10-19,Whole Milk
216,2026-09-09,2% Milk
216,2026-09-09,Bananas
216,2026-09-09,Garlic
216,2026-09-09,Parmesan
216,2026-09-09,Pasta
216,2026-09-09,Red Wine
216,2026-09-09,Reusable Bag
216,2026-09-09,Rice
216,2026-09-09,Tomato Sauce
217,2026-04-19,Baby Food
217,2026-04-19,Baby Wipes
217,2026-04-19,Beer
217,2026-04-19,Chicken Breast
217,2026-04-19,Diapers
217,2026-04-19,Reusable Bag
218,2026-06-14,2% Milk
218,2026-06-14,Cheddar
218,2026-06-14,Coffee
218,2026-06-14,Croissants
218,2026-06-14,Orange Juice
218,2026-06-14,Potato Chips
218,2026-06-14,Reusable Bag
218,2026-06-14,Whole Milk
219,2026-07-30,Apples
219,2026-07-30,Butter
219,2026-07-30,Cereal
219,2026-07-30,Potato Chips
219,2026-07-30,Reusable Bag
220,2026-06-08,2% Milk
220,2026-06-08,Eggs
220,2026-06-08,Paper Towels
220,2026-06-08,Reusable Bag
220,2026-06-08,Yogurt
221,2026-11-21,Apples
221,2026-11-21,Paper Towels
221,2026-11-21,Reusable Bag
222,2026-02-23,Baby Food
222,2026-02-23,Baby Wipes
222,2026-02-23,Butter
222,2026-02-23,Cereal
222,2026-02-23,Cheddar
222,2026-02-23,Diapers
222,2026-02-23,Paper Towels
222,2026-02-23,Reusable Bag
223,2026-05-24,Bananas
223,2026-05-24,Chicken Breast
223,2026-05-24,Cucumber
223,2026-05-24,Lettuce
223,2026-05-24,Orange Juice
223,2026-05-24,Pasta
223,2026-05-24,Tea
224,2026-01-18,Apples
224,2026-01-18,Bananas
224,2026-01-18,Carrots
224,2026-01-18,Chocolate
224,2026-01-18,Garlic
224,2026-01-18,Parmesan
224,2026-01-18,Pasta
224,2026-01-18,Potato Chips
224,2026-01-18,Reusable Bag
225,2026-12-25,Apples
225,2026-12-25,Bananas
225,2026-12-25,Bread
225,2026-12-25,Cheddar
225,2026-12-25,Onions
225,2026-12-25,Reusable Bag
226,2026-12-24,Dish Soap
226,2026-12-24,Garlic
226,2026-12-24,Parmesan
226,2026-12-24,Pasta
226,2026-12-24,Potato Chips
226,2026-12-24,Reusable Bag
226,2026-12-24,Tea
226,2026-12-24,Tomato Sauce
227,2026-11-01,Coffee
227,2026-11-01,Croissants
227,2026-11-01,Ketchup
227,2026-11-01,Orange Juice
227,2026-11-01,Reusable Bag
227,2026-11-01,Sparkling Water
228,2026-10-23,Apples
228,2026-10-23,Bread
228,2026-10-23,Eggs
228,2026-10-23,Reusable Bag
228,2026-10-23,Rice
229,2026-07-17,2% Milk
229,2026-07-17,Bananas
229,2026-07-17,Cucumber
229,2026-07-17,Lettuce
229,2026-07-17,Olive Oil
229,2026-07-17,Reusable Bag
229,2026-07-17,Rice
229,2026-07-17,Sparkling Water
229,2026-07-17,Tomatoes
230,2026-10-25,Apples
230,2026-10-25,Eggs
230,2026-10-25,Onions
230,2026-10-25,Parmesan
230,2026-10-25,Pasta
230,2026-10-25,Tomato Sauce
231,2026-10-17,Bananas
231,2026-10-17,Carrots
231,2026-10-17,Charcoal
231,2026-10-17,Diapers
231,2026-10-17,Paper Towels
231,2026-10-17,Reusable Bag
231,2026-10-17,Whole Milk
232,2026-10-09,Baby Food
232,2026-10-09,Baby Wipes
232,2026-10-09,Bananas
232,2026-10-09,Cereal
232,2026-10-09,Diapers
232,2026-10-09,Eggs
233,2026-05-22,Baby Food
233,2026-05-22,Lettuce
233,2026-05-22,Orange Juice
233,2026-05-22,Paper Towels
233,2026-05-22,Reusable Bag
233,2026-05-22,Sparkling Water
234,2026-12-23,2% Milk
234,2026-12-23,Baby Food
234,2026-12-23,Baby Wipes
234,2026-12-23,Chicken Breast
234,2026-12-23,Diapers
234,2026-12-23,Garlic
234,2026-12-23,Olive Oil
234,2026-12-23,Reusable Bag
234,2026-12-23,Steak
235,2026-03-20,2% Milk
235,2026-03-20,Cereal
235,2026-03-20,Coffee
235,2026-03-20,Croissants
235,2026-03-20,Eggs
235,2026-03-20,Orange Juice
235,2026-03-20,Reusable Bag
235,2026-03-20,Sparkling Water
236,2026-04-16,2% Milk
236,2026-04-16,Butter
236,2026-04-16,Chicken Breast
236,2026-04-16,Coffee
236,2026-04-16,Croissants
236,2026-04-16,Reusable Bag
236,2026-04-16,Whole Milk
237,2026-05-13,Baby Wipes
237,2026-05-13,Bread
237,2026-05-13,Cheddar
237,2026-05-13,Chicken Breast
237,2026-05-13,Chocolate
237,2026-05-13,Diapers
237,2026-05-13,Reusable Bag
237,2026-05-13,Yogurt
238,2026-10-23,2% Milk
238,2026-10-23,Apples
238,2026-10-23,Butter
238,2026-10-23,Reusable Bag
238,2026-10-23,Sparkling Water
239,2026-04-28,2% Milk
239,2026-04-28,Beer
239,2026-04-28,Burger Buns
239,2026-04-28,Charcoal
239,2026-04-28,Onions
239,2026-04-28,Reusable Bag
240,2026-12-05,2% Milk
240,2026-12-05,Cucumber
240,2026-12-05,Lettuce
240,2026-12-05,Orange Juice
240,2026-12-05,Paper Towels
240,2026-12-05,Reusable Bag
240,2026-12-05,Tomatoes
240,2026-12-05,Whole Milk
241,2026-03-20,Burger Buns
241,2026-03-20,Butter
241,2026-03-20,Carrots
241,2026-03-20,Cereal
241,2026-03-20,Charcoal
241,2026-03-20,Cheddar
241,2026-03-20,Pasta
241,2026-03-20,Rice
242,2026-04-26,Apples
242,2026-04-26,Baby Wipes
242,2026-04-26,Burger Buns
242,2026-04-26,Cereal
242,2026-04-26,Charcoal
242,2026-04-26,Chicken Breast
242,2026-04-26,Ketchup
242,2026-04-26,Reusable Bag
242,2026-04-26,Steak
243,2026-11-12,2% Milk
243,2026-11-12,Carrots
243,2026-11-12,Diapers
243,2026-11-12,Garlic
243,2026-11-12,Paper Towels
243,2026-11-12,Parmesan
243,2026-11-12,Pasta
243,2026-11-12,Reusable Bag
243,2026-11-12,Tomato Sauce
244,2026-01-19,Chicken Breast
244,2026-01-19,Reusable Bag
245,2026-10-05,Bananas
245,2026-10-05,Chicken Breast
245,2026-10-05,Chocolate
245,2026-10-05,Dish Soap
245,2026-10-05,Onions
245,2026-10-05,Parmesan
245,2026-10-05,Pasta
245,2026-10-05,Reusable Bag
246,2026-06-25,2% Milk
246,2026-06-25,Apples
246,2026-06-25,Bread
246,2026-06-25,Burger Buns
246,2026-06-25,Charcoal
246,2026-06-25,Chicken Breast
246,2026-06-25,Ketchup
246,2026-06-25,Olive Oil
246,2026-06-25,Reusable Bag
246,2026-06-25,Sparkling Water
246,2026-06-25,Steak
247,2026-04-08,Chicken Breast
247,2026-04-08,Coffee
247,2026-04-08,Croissants
247,2026-04-08,Orange Juice
247,2026-04-08,Reusable Bag
247,2026-04-08,Tea
248,2026-01-07,Apples
248,2026-01-07,Bananas
248,2026-01-07,Cucumber
248,2026-01-07,Lettuce
248,2026-01-07,Olive Oil
248,2026-01-07,Onions
248,2026-01-07,Potato Chips
248,2026-01-07,Reusable Bag
248,2026-01-07,Tomatoes
249,2026-09-26,Beer
249,2026-09-26,Burger Buns
249,2026-09-26,Charcoal
249,2026-09-26,Ketchup
249,2026-09-26,Reusable Bag
249,2026-09-26,Steak
249,2026-09-26,Yogurt
250,2026-05-11,Bananas
250,2026-05-11,Beer
250,2026-05-11,Butter
250,2026-05-11,Cereal
250,2026-05-11,Diapers
250,2026-05-11,Eggs
250,2026-05-11,Reusable Bag
250,2026-05-11,Sparkling Water
250,2026-05-11,Steak
251,2026-06-10,Chicken Breast
251,2026-06-10,Garlic
251,2026-06-10,Parmesan
251,2026-06-10,Pasta
251,2026-06-10,Potato Chips
251,2026-06-10,Red Wine
251,2026-06-10,Reusable Bag
251,2026-06-10,Tomato Sauce
252,2026-08-26,Beer
252,2026-08-26,Burger Buns
252,2026-08-26,Butter
252,2026-08-26,Charcoal
252,2026-08-26,Cheddar
252,2026-08-26,Coffee
252,2026-08-26,Reusable Bag
252,2026-08-26,Steak
252,2026-08-26,Tomato Sauce
253,2026-07-08,2% Milk
253,2026-07-08,Lettuce
253,2026-07-08,Reusable Bag
253,2026-07-08,Tomatoes
254,2026-04-05,2% Milk
254,2026-04-05,Bread
254,2026-04-05,Burger Buns
254,2026-04-05,Butter
254,2026-04-05,Charcoal
254,2026-04-05,Chocolate
254,2026-04-05,Diapers
254,2026-04-05,Garlic
254,2026-04-05,Ketchup
254,2026-04-05,Steak
254,2026-04-05,Tea
254,2026-04-05,Whole Milk
255,2026-04-29,Cheddar
255,2026-04-29,Garlic
255,2026-04-29,Onions
255,2026-04-29,Parmesan
255,2026-04-29,Pasta
255,2026-04-29,Red Wine
255,2026-04-29,Reusable Bag
255,2026-04-29,Tomato Sauce
256,2026-04-14,Apples
256,2026-04-14,Chocolate
256,2026-04-14,Reusable Bag
257,2026-08-10,Bananas
257,2026-08-10,Burger Buns
257,2026-08-10,Cereal
257,2026-08-10,Charcoal
257,2026-08-10,Chicken Breast
257,2026-08-10,Eggs
257,2026-08-10,Ketchup
257,2026-08-10,Reusable Bag
257,2026-08-10,Steak
258,2026-09-28,Baby Food
258,2026-09-28,Bread
258,2026-09-28,Cheddar
258,2026-09-28,Coffee
258,2026-09-28,Garlic
258,2026-09-28,Paper Towels
258,2026-09-28,Pasta
258,2026-09-28,Red Wine
258,2026-09-28,Reusable Bag
258,2026-09-28,Sparkling Water
258,2026-09-28,Tomato Sauce
259,2026-02-01,Baby Wipes
259,2026-02-01,Beer
259,2026-02-01,Cereal
259,2026-02-01,Diapers
260,2026-05-30,Apples
260,2026-05-30,Bananas
260,2026-05-30,Charcoal
260,2026-05-30,Coffee
260,2026-05-30,Garlic
260,2026-05-30,Orange Juice
260,2026-05-30,Reusable Bag
261,2026-03-19,2% Milk
261,2026-03-19,Beer
261,2026-03-19,Burger Buns
261,2026-03-19,Cereal
261,2026-03-19,Charcoal
261,2026-03-19,Frozen Pizza
261,2026-03-19,Ketchup
261,2026-03-19,Paper Towels
261,2026-03-19,Potato Chips
261,2026-03-19,Reusable Bag
261,2026-03-19,Steak
262,2026-04-18,Chicken Breast
262,2026-04-18,Reusable Bag
263,2026-07-08,Baby Food
263,2026-07-08,Baby Wipes
263,2026-07-08,Beer
263,2026-07-08,Diapers
263,2026-07-08,Reusable Bag
263,2026-07-08,Tea
264,2026-01-01,2% Milk
264,2026-01-01,Cheddar
264,2026-01-01,Chicken Breast
264,2026-01-01,Garlic
264,2026-01-01,Onions
264,2026-01-01,Pasta
264,2026-01-01,Red Wine
264,2026-01-01,Tomato Sauce
265,2026-07-27,Chicken Breast
265,2026-07-27,Garlic
265,2026-07-27,Parmesan
265,2026-07-27,Pasta
265,2026-07-27,Red Wine
265,2026-07-27,Reusable Bag
265,2026-07-27,Steak
265,2026-07-27,Tomato Sauce
266,2026-04-06,Chocolate
266,2026-04-06,Diapers
266,2026-04-06,Reusable Bag
267,2026-02-15,2% Milk
267,2026-02-15,Beer
267,2026-02-15,Charcoal
267,2026-02-15,Croissants
267,2026-02-15,Dish Soap
267,2026-02-15,Onions
267,2026-02-15,Reusable Bag
267,2026-02-15,Yogurt
268,2026-06-19,Diapers
268,2026-06-19,Garlic
268,2026-06-19,Onions
268,2026-06-19,Orange Juice
268,2026-06-19,Parmesan
268,2026-06-19,Pasta
268,2026-06-19,Red Wine
268,2026-06-19,Reusable Bag
268,2026-06-19,Sparkling Water
268,2026-06-19,Tomato Sauce
269,2026-06-06,Beer
269,2026-06-06,Bread
269,2026-06-06,Charcoal
269,2026-06-06,Eggs
269,2026-06-06,Frozen Pizza
269,2026-06-06,Ketchup
269,2026-06-06,Onions
269,2026-06-06,Reusable Bag
269,2026-06-06,Steak
270,2026-06-20,Butter
270,2026-06-20,Carrots
270,2026-06-20,Croissants
270,2026-06-20,Garlic
270,2026-06-20,Lettuce
270,2026-06-20,Parmesan
270,2026-06-20,Pasta
270,2026-06-20,Reusable Bag
270,2026-06-20,Tomato Sauce
271,2026-11-19,Bread
271,2026-11-19,Chicken Breast
271,2026-11-19,Chocolate
271,2026-11-19,Croissants
271,2026-11-19,Garlic
271,2026-11-19,Onions
271,2026-11-19,Pasta
271,2026-11-19,Reusable Bag
271,2026-11-19,Rice
272,2026-04-06,Bananas
272,2026-04-06,Burger Buns
272,2026-04-06,Butter
272,2026-04-06,Charcoal
272,2026-04-06,Chicken Breast
272,2026-04-06,Ketchup
272,2026-04-06,Orange Juice
272,2026-04-06,Paper Towels
272,2026-04-06,Reusable Bag
272,2026-04-06,Steak
273,2026-06-05,Baby Food
273,2026-06-05,Baby Wipes
273,2026-06-05,Beer
273,2026-06-05,Butter
273,2026-06-05,Carrots
273,2026-06-05,Diapers
273,2026-06-05,Yogurt
274,2026-12-06,Bananas
274,2026-12-06,Cereal
274,2026-12-06,Frozen Pizza
274,2026-12-06,Reusable Bag
274,2026-12-06,Tea
275,2026-01-19,Garlic
275,2026-01-19,Paper Towels
275,2026-01-19,Parmesan
275,2026-01-19,Pasta
276,2026-01-09,Diapers
276,2026-01-09,Paper Towels
276,2026-01-09,Reusable Bag
276,2026-01-09,Sparkling Water
276,2026-01-09,Tea
277,2026-01-25,Beer
277,2026-01-25,Burger Buns
277,2026-01-25,Charcoal
277,2026-01-25,Cheddar
277,2026-01-25,Eggs
277,2026-01-25,Ketchup
277,2026-01-25,Onions
277,2026-01-25,Potato Chips
277,2026-01-25,Reusable Bag
277,2026-01-25,Steak
278,2026-12-03,Coffee
278,2026-12-03,Croissants
278,2026-12-03,Dish Soap
278,2026-12-03,Olive Oil
278,2026-12-03,Reusable Bag
278,2026-12-03,Whole Milk
279,2026-02-20,Cereal
279,2026-02-20,Cheddar
279,2026-02-20,Reusable Bag
280,2026-07-25,2% Milk
280,2026-07-25,Apples
280,2026-07-25,Bananas
280,2026-07-25,Cheddar
280,2026-07-25,Coffee
280,2026-07-25,Orange Juice
280,2026-07-25,Potato Chips
280,2026-07-25,Reusable Bag
280,2026-07-25,Whole Milk
281,2026-08-29,Bananas
281,2026-08-29,Burger Buns
281,2026-08-29,Charcoal
281,2026-08-29,Ketchup
281,2026-08-29,Reusable Bag
281,2026-08-29,Steak
282,2026-12-28,Cheddar
282,2026-12-28,Eggs
282,2026-12-28,Rice
283,2026-06-22,Apples
283,2026-06-22,Chocolate
283,2026-06-22,Frozen Pizza
283,2026-06-22,Reusable Bag
283,2026-06-22,Tea
284,2026-05-09,2% Milk
284,2026-05-09,Apples
284,2026-05-09,Bread
284,2026-05-09,Lettuce
284,2026-05-09,Olive Oil
284,2026-05-09,Reusable Bag
285,2026-07-17,Bread
285,2026-07-17,Chocolate
285,2026-07-17,Lettuce
285,2026-07-17,Onions
285,2026-07-17,Reusable Bag
285,2026-07-17,Tomatoes
285,2026-07-17,Whole Milk
286,2026-08-21,Butter
286,2026-08-21,Ketchup
286,2026-08-21,Parmesan
286,2026-08-21,Pasta
286,2026-08-21,Potato Chips
286,2026-08-21,Red Wine
286,2026-08-21,Tea
286,2026-08-21,Tomato Sauce
287,2026-08-08,Apples
287,2026-08-08,Bread
287,2026-08-08,Garlic
287,2026-08-08,Parmesan
287,2026-08-08,Pasta
287,2026-08-08,Red Wine
287,2026-08-08,Reusable Bag
288,2026-10-18,Bananas
288,2026-10-18,Beer
288,2026-10-18,Bread
288,2026-10-18,Charcoal
288,2026-10-18,Coffee
288,2026-10-18,Reusable Bag
288,2026-10-18,Whole Milk
289,2026-05-09,Baby Food
289,2026-05-09,Bread
289,2026-05-09,Chicken Breast
289,2026-05-09,Cucumber
289,2026-05-09,Eggs
289,2026-05-09,Onions
289,2026-05-09,Pasta
289,2026-05-09,Tea
290,2026-01-25,Burger Buns
290,2026-01-25,Carrots
290,2026-01-25,Charcoal
290,2026-01-25,Ketchup
290,2026-01-25,Parmesan
290,2026-01-25,Reusable Bag
290,2026-01-25,Steak
290,2026-01-25,Tomatoes
291,2026-09-24,Apples
291,2026-09-24,Bananas
291,2026-09-24,Chocolate
292,2026-09-06,Baby Food
292,2026-09-06,Baby Wipes
292,2026-09-06,Beer
292,2026-09-06,Bread
292,2026-09-06,Cucumber
292,2026-09-06,Diapers
292,2026-09-06,Eggs
292,2026-09-06,Pasta
292,2026-09-06,Potato Chips
292,2026-09-06,Reusable Bag
292,2026-09-06,Sparkling Water
292,2026-09-06,Tea
293,2026-12-24,Bread
293,2026-12-24,Butter
293,2026-12-24,Carrots
293,2026-12-24,Paper Towels
293,2026-12-24,Reusable Bag
293,2026-12-24,Tea
294,2026-09-13,2% Milk
294,2026-09-13,Baby Food
294,2026-09-13,Bread
294,2026-09-13,Carrots
294,2026-09-13,Cereal
294,2026-09-13,Coffee
294,2026-09-13,Croissants
294,2026-09-13,Cucumber
294,2026-09-13,Orange Juice
294,2026-09-13,Red Wine
295,2026-10-22,2% Milk
295,2026-10-22,Burger Buns
295,2026-10-22,Chocolate
295,2026-10-22,Cucumber
295,2026-10-22,Lettuce
295,2026-10-22,Paper Towels
295,2026-10-22,Reusable Bag
295,2026-10-22,Rice
295,2026-10-22,Tea
295,2026-10-22,Tomatoes
296,2026-04-24,Chocolate
296,2026-04-24,Coffee
296,2026-04-24,Croissants
296,2026-04-24,Orange Juice
296,2026-04-24,Red Wine
296,2026-04-24,Reusable Bag
296,2026-04-24,Rice
297,2026-08-19,Bread
297,2026-08-19,Carrots
297,2026-08-19,Charcoal
297,2026-08-19,Cucumber
297,2026-08-19,Lettuce
297,2026-08-19,Olive Oil
297,2026-08-19,Red Wine
297,2026-08-19,Reusable Bag
297,2026-08-19,Rice
298,2026-01-29,Beer
298,2026-01-29,Cereal
298,2026-01-29,Chocolate
298,2026-01-29,Cucumber
298,2026-01-29,Dish Soap
298,2026-01-29,Pasta
298,2026-01-29,Red Wine
298,2026-01-29,Reusable Bag
298,2026-01-29,Tomato Sauce
299,2026-04-27,2% Milk
299,2026-04-27,Bread
299,2026-04-27,Burger Buns
299,2026-04-27,Chicken Breast
299,2026-04-27,Cucumber
299,2026-04-27,Lettuce
299,2026-04-27,Olive Oil
299,2026-04-27,Reusable Bag
299,2026-04-27,Sparkling Water
299,2026-04-27,Tomatoes
300,2026-09-28,Beer
300,2026-09-28,Carrots
300,2026-09-28,Coffee
300,2026-09-28,Lettuce
300,2026-09-28,Onions
300,2026-09-28,Reusable Bag
300,2026-09-28,Tomatoes
301,2026-07-30,2% Milk
301,2026-07-30,Chocolate
301,2026-07-30,Coffee
301,2026-07-30,Garlic
301,2026-07-30,Ketchup
301,2026-07-30,Pasta
301,2026-07-30,Red Wine
301,2026-07-30,Reusable Bag
301,2026-07-30,Tea
301,2026-07-30,Tomato Sauce
301,2026-07-30,Yogurt
302,2026-01-16,2% Milk
302,2026-01-16,Carrots
302,2026-01-16,Dish Soap
302,2026-01-16,Lettuce
302,2026-01-16,Olive Oil
302,2026-01-16,Reusable Bag
302,2026-01-16,Tomatoes
303,2026-05-17,Baby Food
303,2026-05-17,Baby Wipes
303,2026-05-17,Bananas
303,2026-05-17,Beer
303,2026-05-17,Bread
303,2026-05-17,Chocolate
303,2026-05-17,Diapers
304,2026-11-08,Apples
304,2026-11-08,Baby Food
304,2026-11-08,Baby Wipes
304,2026-11-08,Diapers
304,2026-11-08,Ketchup
304,2026-11-08,Olive Oil
304,2026-11-08,Reusable Bag
305,2026-10-24,Bread
305,2026-10-24,Coffee
305,2026-10-24,Reusable Bag
306,2026-08-17,Burger Buns
306,2026-08-17,Charcoal
306,2026-08-17,Ketchup
306,2026-08-17,Sparkling Water
306,2026-08-17,Steak
307,2026-08-03,Chocolate
307,2026-08-03,Reusable Bag
308,2026-01-24,Burger Buns
308,2026-01-24,Charcoal
308,2026-01-24,Chicken Breast
308,2026-01-24,Ketchup
308,2026-01-24,Reusable Bag
308,2026-01-24,Steak
309,2026-06-06,Burger Buns
309,2026-06-06,Cereal
309,2026-06-06,Charcoal
309,2026-06-06,Dish Soap
309,2026-06-06,Paper Towels
309,2026-06-06,Reusable Bag
309,2026-06-06,Steak
310,2026-06-12,2% Milk
310,2026-06-12,Bananas
310,2026-06-12,Bread
310,2026-06-12,Reusable Bag
310,2026-06-12,Rice
310,2026-06-12,Tea
311,2026-04-27,Cheddar
311,2026-04-27,Chicken Breast
311,2026-04-27,Cucumber
311,2026-04-27,Eggs
311,2026-04-27,Frozen Pizza
311,2026-04-27,Lettuce
311,2026-04-27,Olive Oil
311,2026-04-27,Reusable Bag
311,2026-04-27,Tea
312,2026-07-10,Butter
312,2026-07-10,Chicken Breast
312,2026-07-10,Dish Soap
312,2026-07-10,Reusable Bag
313,2026-07-10,Bananas
313,2026-07-10,Beer
313,2026-07-10,Butter
313,2026-07-10,Diapers
313,2026-07-10,Onions
313,2026-07-10,Reusable Bag
313,2026-07-10,Rice
313,2026-07-10,Whole Milk
314,2026-01-29,Apples
314,2026-01-29,Lettuce
314,2026-01-29,Reusable Bag
314,2026-01-29,Tea
314,2026-01-29,Tomatoes
315,2026-05-21,Chicken Breast
315,2026-05-21,Cucumber
315,2026-05-21,Lettuce
315,2026-05-21,Reusable Bag
315,2026-05-21,Sparkling Water
316,2026-11-05,Bread
316,2026-11-05,Burger Buns
316,2026-11-05,Charcoal
316,2026-11-05,Ketchup
316,2026-11-05,Reusable Bag
316,2026-11-05,Steak
317,2026-02-13,Apples
317,2026-02-13,Cereal
317,2026-02-13,Cheddar
317,2026-02-13,Cucumber
317,2026-02-13,Frozen Pizza
317,2026-02-13,Lettuce
317,2026-02-13,Olive Oil
317,2026-02-13,Reusable Bag
317,2026-02-13,Rice
318,2026-05-31,Bananas
318,2026-05-31,Coffee
318,2026-05-31,Croissants
318,2026-05-31,Orange Juice
318,2026-05-31,Paper Towels
318,2026-05-31,Red Wine
318,2026-05-31,Sparkling Water
319,2026-09-24,2% Milk
319,2026-09-24,Potato Chips
319,2026-09-24,Reusable Bag
319,2026-09-24,Rice
320,2026-12-14,Apples
320,2026-12-14,Charcoal
320,2026-12-14,Chicken Breast
320,2026-12-14,Potato Chips
320,2026-12-14,Reusable Bag
320,2026-12-14,Steak
320,2026-12-14,Tomato Sauce
320,2026-12-14,Yogurt
321,2026-03-17,2% Milk
321,2026-03-17,Bread
321,2026-03-17,Coffee
321,2026-03-17,Eggs
321,2026-03-17,Orange Juice
321,2026-03-17,Parmesan
321,2026-03-17,Red Wine
321,2026-03-17,Reusable Bag
321,2026-03-17,Whole Milk
322,2026-01-14,2% Milk
322,2026-01-14,Chicken Breast
322,2026-01-14,Garlic
322,2026-01-14,Parmesan
322,2026-01-14,Pasta
322,2026-01-14,Red Wine
322,2026-01-14,Reusable Bag
322,2026-01-14,Tomato Sauce
323,2026-06-13,Burger Buns
323,2026-06-13,Carrots
323,2026-06-13,Parmesan
323,2026-06-13,Pasta
323,2026-06-13,Reusable Bag
323,2026-06-13,Rice
323,2026-06-13,Sparkling Water
323,2026-06-13,Tomato Sauce
323,2026-06-13,Yogurt
324,2026-04-07,Bananas
324,2026-04-07,Bread
324,2026-04-07,Chocolate
324,2026-04-07,Cucumber
324,2026-04-07,Paper Towels
324,2026-04-07,Reusable Bag
325,2026-05-30,Apples
325,2026-05-30,Chicken Breast
325,2026-05-30,Coffee
325,2026-05-30,Garlic
325,2026-05-30,Orange Juice
325,2026-05-30,Parmesan
325,2026-05-30,Reusable Bag
325,2026-05-30,Tomatoes
326,2026-04-12,Beer
326,2026-04-12,Burger Buns
326,2026-04-12,Cereal
326,2026-04-12,Charcoal
326,2026-04-12,Ketchup
326,2026-04-12,Reusable Bag
326,2026-04-12,Sparkling Water
326,2026-04-12,Steak
327,2026-11-23,Coffee
327,2026-11-23,Croissants
327,2026-11-23,Eggs
327,2026-11-23,Reusable Bag
327,2026-11-23,Sparkling Water
327,2026-11-23,Tea
327,2026-11-23,Whole Milk
328,2026-04-06,Bread
328,2026-04-06,Eggs
328,2026-04-06,Lettuce
328,2026-04-06,Olive Oil
328,2026-04-06,Paper Towels
328,2026-04-06,Reusable Bag
328,2026-04-06,Rice
329,2026-08-29,Butter
329,2026-08-29,Cheddar
329,2026-08-29,Eggs
329,2026-08-29,Lettuce
329,2026-08-29,Olive Oil
329,2026-08-29,Onions
329,2026-08-29,Orange Juice
329,2026-08-29,Reusable Bag
329,2026-08-29,Tomatoes
329,2026-08-29,Yogurt
330,2026-09-28,2% Milk
330,2026-09-28,Baby Food
330,2026-09-28,Coffee
330,2026-09-28,Onions
330,2026-09-28,Reusable Bag
330,2026-09-28,Rice
330,2026-09-28,Tomato Sauce
330,2026-09-28,Whole Milk
331,2026-12-19,Butter
331,2026-12-19,Reusable Bag
332,2026-07-21,2% Milk
332,2026-07-21,Baby Food
332,2026-07-21,Baby Wipes
332,2026-07-21,Bananas
332,2026-07-21,Chocolate
332,2026-07-21,Diapers
332,2026-07-21,Eggs
332,2026-07-21,Reusable Bag
333,2026-12-03,Cereal
333,2026-12-03,Diapers
333,2026-12-03,Garlic
333,2026-12-03,Reusable Bag
334,2026-04-12,Apples
334,2026-04-12,Beer
334,2026-04-12,Charcoal
334,2026-04-12,Chicken Breast
334,2026-04-12,Ketchup
334,2026-04-12,Reusable Bag
334,2026-04-12,Sparkling Water
334,2026-04-12,Steak
335,2026-03-24,Beer
335,2026-03-24,Bread
335,2026-03-24,Cheddar
335,2026-03-24,Chicken Breast
335,2026-03-24,Diapers
335,2026-03-24,Eggs
335,2026-03-24,Reusable Bag
335,2026-03-24,Sparkling Water
336,2026-05-26,Bananas
336,2026-05-26,Burger Buns
336,2026-05-26,Butter
336,2026-05-26,Charcoal
336,2026-05-26,Cheddar
336,2026-05-26,Chocolate
336,2026-05-26,Eggs
336,2026-05-26,Ketchup
336,2026-05-26,Reusable Bag
336,2026-05-26,Steak
337,2026-02-06,Cheddar
337,2026-02-06,Chocolate
337,2026-02-06,Onions
337,2026-02-06,Reusable Bag
338,2026-02-09,Apples
338,2026-02-09,Chicken Breast
338,2026-02-09,Chocolate
338,2026-02-09,Croissants
338,2026-02-09,Frozen Pizza
338,2026-02-09,Garlic
338,2026-02-09,Lettuce
338,2026-02-09,Onions
338,2026-02-09,Tomatoes
339,2026-02-26,Beer
339,2026-02-26,Burger Buns
339,2026-02-26,Cereal
339,2026-02-26,Charcoal
339,2026-02-26,Chicken Breast
339,2026-02-26,Cucumber
339,2026-02-26,Eggs
339,2026-02-26,Frozen Pizza
339,2026-02-26,Reusable Bag
339,2026-02-26,Steak
340,2026-03-06,Baby Food
340,2026-03-06,Beer
340,2026-03-06,Bread
340,2026-03-06,Butter
340,2026-03-06,Charcoal
340,2026-03-06,Cheddar
340,2026-03-06,Ketchup
340,2026-03-06,Reusable Bag
340,2026-03-06,Steak
340,2026-03-06,Tea
340,2026-03-06,Yogurt
341,2026-03-03,2% Milk
341,2026-03-03,Baby Food
341,2026-03-03,Butter
341,2026-03-03,Charcoal
341,2026-03-03,Chicken Breast
341,2026-03-03,Coffee
341,2026-03-03,Ketchup
341,2026-03-03,Steak
341,2026-03-03,Tomatoes
342,2026-12-02,Coffee
342,2026-12-02,Croissants
342,2026-12-02,Orange Juice
342,2026-12-02,Reusable Bag
342,2026-12-02,Sparkling Water
342,2026-12-02,Yogurt
343,2026-12-10,Apples
343,2026-12-10,Burger Buns
343,2026-12-10,Charcoal
343,2026-12-10,Ketchup
343,2026-12-10,Parmesan
343,2026-12-10,Steak
343,2026-12-10,Tomatoes
344,2026-08-07,Beer
344,2026-08-07,Charcoal
344,2026-08-07,Cheddar
344,2026-08-07,Eggs
344,2026-08-07,Ketchup
344,2026-08-07,Paper Towels
344,2026-08-07,Steak
344,2026-08-07,Yogurt
345,2026-04-12,Bananas
345,2026-04-12,Cheddar
345,2026-04-12,Garlic
345,2026-04-12,Parmesan
345,2026-04-12,Pasta
345,2026-04-12,Red Wine
345,2026-04-12,Tomato Sauce
346,2026-12-30,Bananas
346,2026-12-30,Bread
346,2026-12-30,Burger Buns
346,2026-12-30,Chicken Breast
346,2026-12-30,Frozen Pizza
346,2026-12-30,Parmesan
346,2026-12-30,Pasta
346,2026-12-30,Reusable Bag
346,2026-12-30,Tomato Sauce
347,2026-07-31,Apples
347,2026-07-31,Bread
347,2026-07-31,Burger Buns
347,2026-07-31,Cereal
347,2026-07-31,Charcoal
347,2026-07-31,Chicken Breast
347,2026-07-31,Reusable Bag
347,2026-07-31,Rice
348,2026-11-11,Baby Wipes
348,2026-11-11,Bread
348,2026-11-11,Cheddar
348,2026-11-11,Eggs
348,2026-11-11,Reusable Bag
349,2026-09-18,Bread
349,2026-09-18,Cucumber
349,2026-09-18,Eggs
349,2026-09-18,Frozen Pizza
349,2026-09-18,Lettuce
349,2026-09-18,Olive Oil
349,2026-09-18,Onions
349,2026-09-18,Reusable Bag
349,2026-09-18,Sparkling Water
349,2026-09-18,Tomatoes
350,2026-12-04,Cereal
350,2026-12-04,Cucumber
350,2026-12-04,Lettuce
350,2026-12-04,Paper Towels
350,2026-12-04,Reusable Bag
350,2026-12-04,Sparkling Water
350,2026-12-04,Yogurt
351,2026-07-26,Apples
351,2026-07-26,Bananas
351,2026-07-26,Eggs
351,2026-07-26,Reusable Bag
352,2026-10-26,Apples
352,2026-10-26,Carrots
352,2026-10-26,Ketchup
352,2026-10-26,Pasta
352,2026-10-26,Reusable Bag
353,2026-12-02,2% Milk
353,2026-12-02,Bread
353,2026-12-02,Charcoal
353,2026-12-02,Garlic
353,2026-12-02,Ketchup
353,2026-12-02,Potato Chips
353,2026-12-02,Red Wine
353,2026-12-02,Reusable Bag
353,2026-12-02,Steak
354,2026-05-25,Baby Food
354,2026-05-25,Cucumber
354,2026-05-25,Onions
354,2026-05-25,Reusable Bag
354,2026-05-25,Whole Milk
355,2026-05-24,2% Milk
355,2026-05-24,Chocolate
355,2026-05-24,Garlic
355,2026-05-24,Parmesan
355,2026-05-24,Pasta
355,2026-05-24,Red Wine
355,2026-05-24,Reusable Bag
355,2026-05-24,Sparkling Water
356,2026-03-14,Bread
356,2026-03-14,Chicken Breast
356,2026-03-14,Reusable Bag
357,2026-02-24,2% Milk
357,2026-02-24,Baby Wipes
357,2026-02-24,Beer
357,2026-02-24,Bread
357,2026-02-24,Charcoal
357,2026-02-24,Diapers
357,2026-02-24,Paper Towels
357,2026-02-24,Reusable Bag
358,2026-03-01,Carrots
358,2026-03-01,Cereal
358,2026-03-01,Reusable Bag
358,2026-03-01,Tea
359,2026-04-28,2% Milk
359,2026-04-28,Apples
359,2026-04-28,Baby Wipes
359,2026-04-28,Diapers
359,2026-04-28,Eggs
359,2026-04-28,Onions
359,2026-04-28,Parmesan
359,2026-04-28,Potato Chips
359,2026-04-28,Red Wine
359,2026-04-28,Reusable Bag
360,2026-01-16,Bread
360,2026-01-16,Carrots
360,2026-01-16,Chicken Breast
360,2026-01-16,Reusable Bag
360,2026-01-16,Tea
361,2026-08-28,Baby Food
361,2026-08-28,Coffee
361,2026-08-28,Croissants
361,2026-08-28,Orange Juice
361,2026-08-28,Reusable Bag
361,2026-08-28,Rice
362,2026-09-03,Bananas
362,2026-09-03,Beer
362,2026-09-03,Coffee
362,2026-09-03,Ketchup
362,2026-09-03,Rice
362,2026-09-03,Tomatoes
362,2026-09-03,Whole Milk
363,2026-08-28,Reusable Bag
363,2026-08-28,Tea
364,2026-02-28,2% Milk
364,2026-02-28,Beer
364,2026-02-28,Bread
364,2026-02-28,Cheddar
364,2026-02-28,Chocolate
364,2026-02-28,Garlic
364,2026-02-28,Olive Oil
364,2026-02-28,Pasta
364,2026-02-28,Red Wine
364,2026-02-28,Reusable Bag
365,2026-12-13,2% Milk
365,2026-12-13,Baby Food
365,2026-12-13,Baby Wipes
365,2026-12-13,Diapers
365,2026-12-13,Frozen Pizza
365,2026-12-13,Potato Chips
365,2026-12-13,Reusable Bag
365,2026-12-13,Sparkling Water
365,2026-12-13,Tea
366,2026-10-08,Chocolate
366,2026-10-08,Diapers
366,2026-10-08,Reusable Bag
366,2026-10-08,Rice
367,2026-01-29,Beer
367,2026-01-29,Cucumber
367,2026-01-29,Frozen Pizza
367,2026-01-29,Lettuce
367,2026-01-29,Potato Chips
367,2026-01-29,Reusable Bag
367,2026-01-29,Steak
367,2026-01-29,Tomatoes
368,2026-04-30,Baby Wipes
368,2026-04-30,Beer
368,2026-04-30,Diapers
368,2026-04-30,Reusable Bag
368,2026-04-30,Sparkling Water
369,2026-03-29,2% Milk
369,2026-03-29,Chocolate
369,2026-03-29,Garlic
369,2026-03-29,Paper Towels
369,2026-03-29,Parmesan
369,2026-03-29,Pasta
369,2026-03-29,Red Wine
369,2026-03-29,Reusable Bag
369,2026-03-29,Yogurt
370,2026-01-02,Bread
370,2026-01-02,Cereal
370,2026-01-02,Chocolate
370,2026-01-02,Dish Soap
370,2026-01-02,Parmesan
370,2026-01-02,Pasta
370,2026-01-02,Red Wine
370,2026-01-02,Rice
370,2026-01-02,Saffron
370,2026-01-02,Tomato Sauce
371,2026-05-03,Baby Food
371,2026-05-03,Baby Wipes
371,2026-05-03,Diapers
371,2026-05-03,Frozen Pizza
371,2026-05-03,Parmesan
371,2026-05-03,Reusable Bag
372,2026-08-30,Apples
372,2026-08-30,Bread
372,2026-08-30,Dish Soap
372,2026-08-30,Potato Chips
372,2026-08-30,Reusable Bag
372,2026-08-30,Yogurt
373,2026-07-04,Apples
373,2026-07-04,Chocolate
373,2026-07-04,Eggs
373,2026-07-04,Ketchup
373,2026-07-04,Reusable Bag
373,2026-07-04,Rice
373,2026-07-04,Sparkling Water
374,2026-04-22,Butter
374,2026-04-22,Coffee
374,2026-04-22,Croissants
374,2026-04-22,Reusable Bag
375,2026-12-05,Carrots
375,2026-12-05,Coffee
375,2026-12-05,Croissants
375,2026-12-05,Eggs
375,2026-12-05,Olive Oil
375,2026-12-05,Orange Juice
375,2026-12-05,Yogurt
376,2026-01-30,Baby Food
376,2026-01-30,Baby Wipes
376,2026-01-30,Beer
376,2026-01-30,Butter
376,2026-01-30,Diapers
376,2026-01-30,Reusable Bag
377,2026-08-27,2% Milk
377,2026-08-27,Baby Food
377,2026-08-27,Baby Wipes
377,2026-08-27,Beer
377,2026-08-27,Bread
377,2026-08-27,Burger Buns
377,2026-08-27,Butter
377,2026-08-27,Cheddar
377,2026-08-27,Diapers
377,2026-08-27,Reusable Bag
377,2026-08-27,Tomato Sauce
378,2026-01-19,2% Milk
378,2026-01-19,Bananas
378,2026-01-19,Beer
378,2026-01-19,Burger Buns
378,2026-01-19,Charcoal
378,2026-01-19,Onions
378,2026-01-19,Reusable Bag
378,2026-01-19,Rice
378,2026-01-19,Steak
379,2026-09-22,2% Milk
379,2026-09-22,Baby Wipes
379,2026-09-22,Beer
379,2026-09-22,Burger Buns
379,2026-09-22,Butter
379,2026-09-22,Charcoal
379,2026-09-22,Eggs
379,2026-09-22,Orange Juice
379,2026-09-22,Reusable Bag
379,2026-09-22,Sparkling Water
379,2026-09-22,Steak
380,2026-10-20,2% Milk
380,2026-10-20,Butter
380,2026-10-20,Cucumber
380,2026-10-20,Dish Soap
380,2026-10-20,Lettuce
380,2026-10-20,Olive Oil
380,2026-10-20,Reusable Bag
380,2026-10-20,Tomatoes
381,2026-06-25,Apples
381,2026-06-25,Charcoal
381,2026-06-25,Chicken Breast
381,2026-06-25,Cucumber
381,2026-06-25,Lettuce
381,2026-06-25,Olive Oil
381,2026-06-25,Rice
381,2026-06-25,Tomatoes
381,2026-06-25,Yogurt
382,2026-09-30,Bananas
382,2026-09-30,Cheddar
382,2026-09-30,Garlic
382,2026-09-30,Onions
382,2026-09-30,Parmesan
382,2026-09-30,Pasta
382,2026-09-30,Reusable Bag
382,2026-09-30,Rice
382,2026-09-30,Tomato Sauce
383,2026-08-25,Apples
383,2026-08-25,Baby Food
383,2026-08-25,Baby Wipes
383,2026-08-25,Bananas
383,2026-08-25,Cheddar
383,2026-08-25,Diapers
383,2026-08-25,Dish Soap
383,2026-08-25,Onions
383,2026-08-25,Reusable Bag
384,2026-08-31,Apples
384,2026-08-31,Beer
384,2026-08-31,Charcoal
384,2026-08-31,Chocolate
384,2026-08-31,Eggs
384,2026-08-31,Ketchup
384,2026-08-31,Reusable Bag
384,2026-08-31,Steak
385,2026-07-17,Diapers
385,2026-07-17,Garlic
385,2026-07-17,Onions
385,2026-07-17,Paper Towels
385,2026-07-17,Parmesan
385,2026-07-17,Pasta
385,2026-07-17,Red Wine
385,2026-07-17,Reusable Bag
385,2026-07-17,Yogurt
386,2026-06-01,Beer
386,2026-06-01,Burger Buns
386,2026-06-01,Charcoal
386,2026-06-01,Ketchup
386,2026-06-01,Onions
386,2026-06-01,Steak
387,2026-07-30,Beer
387,2026-07-30,Charcoal
387,2026-07-30,Lettuce
387,2026-07-30,Reusable Bag
387,2026-07-30,Rice
388,2026-07-09,Baby Wipes
388,2026-07-09,Diapers
388,2026-07-09,Eggs
388,2026-07-09,Pasta
388,2026-07-09,Red Wine
388,2026-07-09,Reusable Bag
388,2026-07-09,Tomato Sauce
389,2026-04-28,2% Milk
389,2026-04-28,Carrots
389,2026-04-28,Cereal
389,2026-04-28,Coffee
389,2026-04-28,Eggs
389,2026-04-28,Reusable Bag
389,2026-04-28,Yogurt
390,2026-06-22,Garlic
390,2026-06-22,Onions
390,2026-06-22,Parmesan
390,2026-06-22,Pasta
390,2026-06-22,Reusable Bag
391,2026-09-24,Bananas
391,2026-09-24,Butter
391,2026-09-24,Cereal
391,2026-09-24,Reusable Bag
392,2026-12-13,2% Milk
392,2026-12-13,Cereal
392,2026-12-13,Chicken Breast
392,2026-12-13,Chocolate
392,2026-12-13,Onions
392,2026-12-13,Reusable Bag
392,2026-12-13,Steak
393,2026-03-14,Bread
393,2026-03-14,Carrots
393,2026-03-14,Coffee
393,2026-03-14,Orange Juice
393,2026-03-14,Pasta
393,2026-03-14,Potato Chips
393,2026-03-14,Reusable Bag
393,2026-03-14,Rice
393,2026-03-14,Tomato Sauce
394,2026-10-02,Bananas
394,2026-10-02,Beer
394,2026-10-02,Parmesan
394,2026-10-02,Pasta
394,2026-10-02,Red Wine
394,2026-10-02,Reusable Bag
394,2026-10-02,Tomato Sauce
395,2026-07-21,Apples
395,2026-07-21,Bread
395,2026-07-21,Chocolate
395,2026-07-21,Garlic
395,2026-07-21,Pasta
395,2026-07-21,Reusable Bag
395,2026-07-21,Rice
395,2026-07-21,Tomato Sauce
396,2026-01-28,Baby Food
396,2026-01-28,Charcoal
396,2026-01-28,Onions
396,2026-01-28,Reusable Bag
397,2026-03-10,Apples
397,2026-03-10,Butter
397,2026-03-10,Carrots
397,2026-03-10,Coffee
397,2026-03-10,Dish Soap
397,2026-03-10,Orange Juice
397,2026-03-10,Reusable Bag
397,2026-03-10,Sparkling Water
397,2026-03-10,Steak
397,2026-03-10,Whole Milk
398,2026-09-19,Apples
398,2026-09-19,Chicken Breast
398,2026-09-19,Cucumber
398,2026-09-19,Diapers
398,2026-09-19,Lettuce
398,2026-09-19,Potato Chips
398,2026-09-19,Reusable Bag
399,2026-04-03,Baby Food
399,2026-04-03,Chicken Breast
399,2026-04-03,Garlic
399,2026-04-03,Ketchup
399,2026-04-03,Parmesan
399,2026-04-03,Pasta
399,2026-04-03,Reusable Bag
399,2026-04-03,Tomato Sauce
400,2026-11-21,Beer
400,2026-11-21,Burger Buns
400,2026-11-21,Butter
400,2026-11-21,Charcoal
400,2026-11-21,Cheddar
400,2026-11-21,Onions
400,2026-11-21,Reusable Bag
400,2026-11-21,Rice
400,2026-11-21,Steak
400,2026-11-21,Tea
401,2026-03-16,Butter
401,2026-03-16,Reusable Bag
401,2026-03-16,Sparkling Water
402,2026-07-17,2% Milk
402,2026-07-17,Bananas
402,2026-07-17,Bread
402,2026-07-17,Carrots
402,2026-07-17,Cucumber
402,2026-07-17,Lettuce
402,2026-07-17,Reusable Bag
402,2026-07-17,Rice
402,2026-07-17,Tomatoes
403,2026-05-06,Bananas
403,2026-05-06,Carrots
403,2026-05-06,Charcoal
403,2026-05-06,Chicken Breast
403,2026-05-06,Cucumber
403,2026-05-06,Dish Soap
403,2026-05-06,Ketchup
403,2026-05-06,Reusable Bag
403,2026-05-06,Steak
403,2026-05-06,Yogurt
404,2026-01-12,2% Milk
404,2026-01-12,Carrots
404,2026-01-12,Chicken Breast
404,2026-01-12,Cucumber
404,2026-01-12,Lettuce
404,2026-01-12,Olive Oil
404,2026-01-12,Onions
404,2026-01-12,Reusable Bag
404,2026-01-12,Tomatoes
405,2026-06-04,2% Milk
405,2026-06-04,Cereal
405,2026-06-04,Garlic
405,2026-06-04,Parmesan
405,2026-06-04,Pasta
405,2026-06-04,Reusable Bag
405,2026-06-04,Sparkling Water
406,2026-05-12,Baby Food
406,2026-05-12,Baby Wipes
406,2026-05-12,Chocolate
406,2026-05-12,Diapers
406,2026-05-12,Reusable Bag
407,2026-01-23,Bananas
407,2026-01-23,Bread
407,2026-01-23,Burger Buns
407,2026-01-23,Carrots
407,2026-01-23,Chocolate
407,2026-01-23,Coffee
407,2026-01-23,Orange Juice
407,2026-01-23,Reusable Bag
407,2026-01-23,Tea
408,2026-02-27,Bananas
408,2026-02-27,Beer
408,2026-02-27,Burger Buns
408,2026-02-27,Charcoal
408,2026-02-27,Chocolate
408,2026-02-27,Ketchup
408,2026-02-27,Steak
408,2026-02-27,Tea
409,2026-01-28,Apples
409,2026-01-28,Baby Food
409,2026-01-28,Bread
409,2026-01-28,Croissants
409,2026-01-28,Pasta
409,2026-01-28,Reusable Bag
409,2026-01-28,Tomato Sauce
410,2026-10-28,2% Milk
410,2026-10-28,Cheddar
410,2026-10-28,Eggs
410,2026-10-28,Garlic
410,2026-10-28,Olive Oil
410,2026-10-28,Onions
410,2026-10-28,Pasta
410,2026-10-28,Reusable Bag
410,2026-10-28,Tomato Sauce
411,2026-05-03,Cereal
411,2026-05-03,Chicken Breast
411,2026-05-03,Coffee
411,2026-05-03,Potato Chips
411,2026-05-03,Tea
411,2026-05-03,Yogurt
412,2026-11-28,Dish Soap
412,2026-11-28,Reusable Bag
413,2026-11-03,Burger Buns
413,2026-11-03,Carrots
413,2026-11-03,Charcoal
413,2026-11-03,Cucumber
413,2026-11-03,Ketchup
413,2026-11-03,Olive Oil
413,2026-11-03,Paper Towels
413,2026-11-03,Potato Chips
413,2026-11-03,Reusable Bag
413,2026-11-03,Steak
414,2026-01-23,Baby Wipes
414,2026-01-23,Cheddar
414,2026-01-23,Chicken Breast
414,2026-01-23,Diapers
414,2026-01-23,Potato Chips
415,2026-05-05,Beer
415,2026-05-05,Burger Buns
415,2026-05-05,Charcoal
415,2026-05-05,Chicken Breast
415,2026-05-05,Ketchup
415,2026-05-05,Reusable Bag
415,2026-05-05,Steak
416,2026-07-23,Baby Food
416,2026-07-23,Baby Wipes
416,2026-07-23,Bananas
416,2026-07-23,Butter
416,2026-07-23,Diapers
416,2026-07-23,Eggs
416,2026-07-23,Reusable Bag
416,2026-07-23,Tea
417,2026-10-06,Bread
417,2026-10-06,Butter
417,2026-10-06,Cheddar
417,2026-10-06,Eggs
417,2026-10-06,Onions
418,2026-04-03,Eggs
418,2026-04-03,Paper Towels
418,2026-04-03,Pasta
418,2026-04-03,Red Wine
418,2026-04-03,Reusable Bag
418,2026-04-03,Tomato Sauce
418,2026-04-03,Yogurt
419,2026-08-16,Bread
419,2026-08-16,Cheddar
419,2026-08-16,Chicken Breast
419,2026-08-16,Croissants
419,2026-08-16,Lettuce
419,2026-08-16,Olive Oil
419,2026-08-16,Onions
419,2026-08-16,Pasta
419,2026-08-16,Reusable Bag
419,2026-08-16,Sparkling Water
419,2026-08-16,Tomatoes
420,2026-03-21,Bananas
420,2026-03-21,Butter
420,2026-03-21,Cucumber
420,2026-03-21,Eggs
420,2026-03-21,Lettuce
420,2026-03-21,Paper Towels
420,2026-03-21,Reusable Bag
420,2026-03-21,Tea
420,2026-03-21,Tomatoes
421,2026-06-18,Baby Food
421,2026-06-18,Carrots
421,2026-06-18,Charcoal
421,2026-06-18,Eggs
421,2026-06-18,Sparkling Water
421,2026-06-18,Steak
421,2026-06-18,Tea
422,2026-09-23,Cereal
422,2026-09-23,Lettuce
422,2026-09-23,Tomatoes
423,2026-05-03,2% Milk
423,2026-05-03,Carrots
423,2026-05-03,Chicken Breast
423,2026-05-03,Reusable Bag
424,2026-01-25,Beer
424,2026-01-25,Burger Buns
424,2026-01-25,Charcoal
424,2026-01-25,Garlic
424,2026-01-25,Ketchup
424,2026-01-25,Potato Chips
424,2026-01-25,Reusable Bag
424,2026-01-25,Steak
424,2026-01-25,Tomato Sauce
425,2026-04-21,Baby Food
425,2026-04-21,Diapers
425,2026-04-21,Frozen Pizza
425,2026-04-21,Reusable Bag
426,2026-09-05,Cheddar
426,2026-09-05,Coffee
426,2026-09-05,Onions
426,2026-09-05,Orange Juice
426,2026-09-05,Reusable Bag
427,2026-02-12,Bananas
427,2026-02-12,Beer
427,2026-02-12,Burger Buns
427,2026-02-12,Charcoal
427,2026-02-12,Dish Soap
427,2026-02-12,Ketchup
427,2026-02-12,Reusable Bag
427,2026-02-12,Steak
427,2026-02-12,Tea
427,2026-02-12,Yogurt
428,2026-10-14,Bananas
428,2026-10-14,Cheddar
428,2026-10-14,Cucumber
428,2026-10-14,Lettuce
428,2026-10-14,Reusable Bag
428,2026-10-14,Rice
428,2026-10-14,Tomatoes
429,2026-03-16,Baby Wipes
429,2026-03-16,Beer
429,2026-03-16,Burger Buns
429,2026-03-16,Cheddar
429,2026-03-16,Diapers
429,2026-03-16,Dish Soap
429,2026-03-16,Potato Chips
429,2026-03-16,Reusable Bag
430,2026-06-05,Carrots
430,2026-06-05,Eggs
430,2026-06-05,Rice
430,2026-06-05,Sparkling Water
430,2026-06-05,Tea
430,2026-06-05,Tomato Sauce
430,2026-06-05,Tomatoes
430,2026-06-05,Whole Milk
431,2026-02-13,Beer
431,2026-02-13,Bread
431,2026-02-13,Burger Buns
431,2026-02-13,Charcoal
431,2026-02-13,Eggs
431,2026-02-13,Paper Towels
431,2026-02-13,Reusable Bag
431,2026-02-13,Steak
431,2026-02-13,Yogurt
432,2026-09-29,2% Milk
432,2026-09-29,Bananas
432,2026-09-29,Cheddar
432,2026-09-29,Garlic
432,2026-09-29,Reusable Bag
433,2026-02-04,Apples
433,2026-02-04,Chicken Breast
433,2026-02-04,Coffee
433,2026-02-04,Onions
433,2026-02-04,Orange Juice
433,2026-02-04,Reusable Bag
433,2026-02-04,Sparkling Water
434,2026-05-10,Cheddar
434,2026-05-10,Cucumber
434,2026-05-10,Lettuce
434,2026-05-10,Olive Oil
434,2026-05-10,Potato Chips
434,2026-05-10,Reusable Bag
434,2026-05-10,Tomatoes
435,2026-03-01,Cheddar
435,2026-03-01,Cucumber
435,2026-03-01,Dish Soap
435,2026-03-01,Frozen Pizza
435,2026-03-01,Lettuce
435,2026-03-01,Reusable Bag
435,2026-03-01,Yogurt
436,2026-08-03,Baby Food
436,2026-08-03,Baby Wipes
436,2026-08-03,Bananas
436,2026-08-03,Diapers
436,2026-08-03,Dish Soap
436,2026-08-03,Reusable Bag
437,2026-07-06,Baby Wipes
437,2026-07-06,Bananas
437,2026-07-06,Bread
437,2026-07-06,Diapers
437,2026-07-06,Frozen Pizza
437,2026-07-06,Onions
437,2026-07-06,Reusable Bag
437,2026-07-06,Yogurt
438,2026-12-16,Cheddar
438,2026-12-16,Coffee
438,2026-12-16,Diapers
438,2026-12-16,Garlic
438,2026-12-16,Orange Juice
438,2026-12-16,Reusable Bag
438,2026-12-16,Steak
439,2026-07-27,Bananas
439,2026-07-27,Cereal
439,2026-07-27,Cheddar
439,2026-07-27,Garlic
439,2026-07-27,Parmesan
439,2026-07-27,Pasta
439,2026-07-27,Reusable Bag
439,2026-07-27,Tomato Sauce
439,2026-07-27,Yogurt
440,2026-01-03,Apples
440,2026-01-03,Baby Food
440,2026-01-03,Bananas
440,2026-01-03,Cheddar
440,2026-01-03,Diapers
440,2026-01-03,Paper Towels
440,2026-01-03,Parmesan
440,2026-01-03,Potato Chips
440,2026-01-03,Reusable Bag
441,2026-11-25,Bananas
441,2026-11-25,Burger Buns
441,2026-11-25,Charcoal
441,2026-11-25,Ketchup
441,2026-11-25,Reusable Bag
441,2026-11-25,Sparkling Water
441,2026-11-25,Steak
441,2026-11-25,Tea
441,2026-11-25,Tomatoes
442,2026-11-12,Coffee
442,2026-11-12,Croissants
442,2026-11-12,Orange Juice
442,2026-11-12,Paper Towels
442,2026-11-12,Reusable Bag
442,2026-11-12,Rice
442,2026-11-12,Whole Milk
443,2026-02-03,Apples
443,2026-02-03,Beer
443,2026-02-03,Burger Buns
443,2026-02-03,Cereal
443,2026-02-03,Charcoal
443,2026-02-03,Eggs
443,2026-02-03,Onions
443,2026-02-03,Paper Towels
443,2026-02-03,Steak
444,2026-10-02,2% Milk
444,2026-10-02,Butter
444,2026-10-02,Garlic
444,2026-10-02,Parmesan
444,2026-10-02,Pasta
444,2026-10-02,Reusable Bag
444,2026-10-02,Rice
445,2026-09-09,Bread
445,2026-09-09,Garlic
445,2026-09-09,Lettuce
445,2026-09-09,Pasta
445,2026-09-09,Red Wine
445,2026-09-09,Reusable Bag
445,2026-09-09,Steak
445,2026-09-09,Tomato Sauce
446,2026-03-23,2% Milk
446,2026-03-23,Bananas
446,2026-03-23,Carrots
446,2026-03-23,Frozen Pizza
446,2026-03-23,Pasta
446,2026-03-23,Red Wine
446,2026-03-23,Reusable Bag
446,2026-03-23,Sparkling Water
446,2026-03-23,Tomato Sauce
447,2026-04-08,Butter
447,2026-04-08,Carrots
447,2026-04-08,Cucumber
447,2026-04-08,Eggs
447,2026-04-08,Lettuce
447,2026-04-08,Olive Oil
447,2026-04-08,Reusable Bag
447,2026-04-08,Sparkling Water
447,2026-04-08,Tomatoes
448,2026-12-20,Bananas
448,2026-12-20,Chicken Breast
448,2026-12-20,Olive Oil
448,2026-12-20,Pasta
448,2026-12-20,Potato Chips
448,2026-12-20,Reusable Bag
449,2026-10-19,Cheddar
449,2026-10-19,Cucumber
449,2026-10-19,Garlic
449,2026-10-19,Pasta
449,2026-10-19,Reusable Bag
449,2026-10-19,Tomato Sauce
450,2026-11-29,2% Milk
450,2026-11-29,Burger Buns
450,2026-11-29,Orange Juice
450,2026-11-29,Parmesan
450,2026-11-29,Pasta
450,2026-11-29,Reusable Bag
450,2026-11-29,Tomato Sauce
450,2026-11-29,Yogurt
451,2026-06-01,Baby Wipes
451,2026-06-01,Bread
451,2026-06-01,Butter
451,2026-06-01,Coffee
451,2026-06-01,Diapers
451,2026-06-01,Reusable Bag
451,2026-06-01,Tea
451,2026-06-01,Tomatoes
452,2026-05-10,2% Milk
452,2026-05-10,Bread
452,2026-05-10,Dish Soap
452,2026-05-10,Reusable Bag
453,2026-03-30,Bananas
453,2026-03-30,Burger Buns
453,2026-03-30,Chicken Breast
453,2026-03-30,Cucumber
453,2026-03-30,Lettuce
453,2026-03-30,Reusable Bag
454,2026-08-30,Baby Food
454,2026-08-30,Bread
454,2026-08-30,Eggs
454,2026-08-30,Paper Towels
454,2026-08-30,Parmesan
454,2026-08-30,Reusable Bag
455,2026-04-17,Bread
455,2026-04-17,Cheddar
455,2026-04-17,Coffee
455,2026-04-17,Parmesan
455,2026-04-17,Red Wine
455,2026-04-17,Whole Milk
456,2026-03-15,2% Milk
456,2026-03-15,Chicken Breast
456,2026-03-15,Eggs
456,2026-03-15,Garlic
456,2026-03-15,Onions
456,2026-03-15,Parmesan
456,2026-03-15,Pasta
456,2026-03-15,Reusable Bag
456,2026-03-15,Tomato Sauce
456,2026-03-15,Yogurt
457,2026-04-12,Bananas
457,2026-04-12,Burger Buns
457,2026-04-12,Coffee
457,2026-04-12,Ketchup
457,2026-04-12,Reusable Bag
458,2026-05-24,Apples
458,2026-05-24,Chicken Breast
458,2026-05-24,Coffee
458,2026-05-24,Croissants
458,2026-05-24,Frozen Pizza
458,2026-05-24,Onions
458,2026-05-24,Orange Juice
458,2026-05-24,Reusable Bag
458,2026-05-24,Whole Milk
458,2026-05-24,Yogurt
459,2026-03-26,Baby Food
459,2026-03-26,Baby Wipes
459,2026-03-26,Beer
459,2026-03-26,Butter
459,2026-03-26,Diapers
459,2026-03-26,Dish Soap
459,2026-03-26,Reusable Bag
459,2026-03-26,Sparkling Water
460,2026-10-26,Beer
460,2026-10-26,Burger Buns
460,2026-10-26,Butter
460,2026-10-26,Cheddar
460,2026-10-26,Coffee
460,2026-10-26,Dish Soap
460,2026-10-26,Orange Juice
460,2026-10-26,Parmesan
460,2026-10-26,Potato Chips
460,2026-10-26,Reusable Bag
461,2026-12-26,2% Milk
461,2026-12-26,Bread
461,2026-12-26,Chicken Breast
461,2026-12-26,Dish Soap
461,2026-12-26,Garlic
461,2026-12-26,Parmesan
461,2026-12-26,Pasta
461,2026-12-26,Tomato Sauce
462,2026-05-25,Chicken Breast
462,2026-05-25,Paper Towels
462,2026-05-25,Reusable Bag
462,2026-05-25,Tea
463,2026-03-15,Beer
463,2026-03-15,Burger Buns
463,2026-03-15,Charcoal
463,2026-03-15,Ketchup
463,2026-03-15,Potato Chips
463,2026-03-15,Reusable Bag
463,2026-03-15,Steak
463,2026-03-15,Tomato Sauce
463,2026-03-15,Tomatoes
463,2026-03-15,Whole Milk
464,2026-03-05,Beer
464,2026-03-05,Butter
464,2026-03-05,Charcoal
464,2026-03-05,Chocolate
464,2026-03-05,Ketchup
464,2026-03-05,Orange Juice
464,2026-03-05,Reusable Bag
464,2026-03-05,Steak
464,2026-03-05,Yogurt
465,2026-07-31,Bananas
465,2026-07-31,Beer
465,2026-07-31,Carrots
465,2026-07-31,Charcoal
465,2026-07-31,Frozen Pizza
465,2026-07-31,Ketchup
465,2026-07-31,Reusable Bag
465,2026-07-31,Sparkling Water
465,2026-07-31,Steak
466,2026-09-21,Cucumber
466,2026-09-21,Lettuce
466,2026-09-21,Olive Oil
466,2026-09-21,Onions
466,2026-09-21,Reusable Bag
466,2026-09-21,Tomatoes
467,2026-08-03,Apples
467,2026-08-03,Cheddar
467,2026-08-03,Coffee
467,2026-08-03,Croissants
467,2026-08-03,Reusable Bag
468,2026-01-02,Baby Food
468,2026-01-02,Burger Buns
468,2026-01-02,Charcoal
468,2026-01-02,Croissants
468,2026-01-02,Dish Soap
468,2026-01-02,Ketchup
468,2026-01-02,Reusable Bag
468,2026-01-02,Steak
468,2026-01-02,Tea
469,2026-12-23,Coffee
469,2026-12-23,Croissants
469,2026-12-23,Eggs
469,2026-12-23,Orange Juice
469,2026-12-23,Reusable Bag
469,2026-12-23,Sparkling Water
469,2026-12-23,Tomatoes
469,2026-12-23,Whole Milk
470,2026-02-05,Coffee
470,2026-02-05,Croissants
470,2026-02-05,Onions
470,2026-02-05,Orange Juice
470,2026-02-05,Reusable Bag
471,2026-11-10,Bananas
471,2026-11-10,Onions
471,2026-11-10,Paper Towels
471,2026-11-10,Reusable Bag
472,2026-07-25,Beer
472,2026-07-25,Bread
472,2026-07-25,Diapers
472,2026-07-25,Ketchup
472,2026-07-25,Orange Juice
472,2026-07-25,Reusable Bag
472,2026-07-25,Whole Milk
473,2026-03-11,2% Milk
473,2026-03-11,Bananas
473,2026-03-11,Cucumber
473,2026-03-11,Lettuce
473,2026-03-11,Onions
473,2026-03-11,Paper Towels
473,2026-03-11,Pasta
473,2026-03-11,Reusable Bag
473,2026-03-11,Tomato Sauce
473,2026-03-11,Yogurt
474,2026-03-24,Baby Wipes
474,2026-03-24,Onions
474,2026-03-24,Parmesan
474,2026-03-24,Pasta
474,2026-03-24,Red Wine
474,2026-03-24,Reusable Bag
475,2026-05-18,Beer
475,2026-05-18,Charcoal
475,2026-05-18,Cheddar
475,2026-05-18,Ketchup
476,2026-10-28,Chocolate
476,2026-10-28,Diapers
476,2026-10-28,Eggs
476,2026-10-28,Frozen Pizza
476,2026-10-28,Onions
476,2026-10-28,Reusable Bag
476,2026-10-28,Sparkling Water
477,2026-01-20,Apples
477,2026-01-20,Beer
477,2026-01-20,Bread
477,2026-01-20,Burger Buns
477,2026-01-20,Charcoal
477,2026-01-20,Reusable Bag
477,2026-01-20,Steak
477,2026-01-20,Yogurt
478,2026-03-20,Bananas
478,2026-03-20,Bread
478,2026-03-20,Chocolate
478,2026-03-20,Coffee
478,2026-03-20,Croissants
478,2026-03-20,Onions
478,2026-03-20,Reusable Bag
478,2026-03-20,Whole Milk
479,2026-09-03,Bananas
479,2026-09-03,Cheddar
479,2026-09-03,Lettuce
479,2026-09-03,Reusable Bag
479,2026-09-03,Tomatoes
479,2026-09-03,Yogurt
480,2026-08-06,Beer
480,2026-08-06,Burger Buns
480,2026-08-06,Butter
480,2026-08-06,Charcoal
480,2026-08-06,Coffee
480,2026-08-06,Ketchup
480,2026-08-06,Parmesan
480,2026-08-06,Reusable Bag
480,2026-08-06,Steak
481,2026-01-16,Cheddar
481,2026-01-16,Garlic
481,2026-01-16,Parmesan
481,2026-01-16,Pasta
481,2026-01-16,Reusable Bag
481,2026-01-16,Tomato Sauce
482,2026-08-03,2% Milk
482,2026-08-03,Baby Food
482,2026-08-03,Baby Wipes
482,2026-08-03,Beer
482,2026-08-03,Bread
482,2026-08-03,Charcoal
482,2026-08-03,Cheddar
482,2026-08-03,Diapers
482,2026-08-03,Steak
482,2026-08-03,Tea
483,2026-01-25,2% Milk
483,2026-01-25,Bread
483,2026-01-25,Butter
483,2026-01-25,Dish Soap
483,2026-01-25,Frozen Pizza
483,2026-01-25,Lettuce
483,2026-01-25,Olive Oil
483,2026-01-25,Reusable Bag
484,2026-02-19,Cereal
484,2026-02-19,Cheddar
484,2026-02-19,Coffee
484,2026-02-19,Croissants
484,2026-02-19,Orange Juice
484,2026-02-19,Reusable Bag
484,2026-02-19,Rice
484,2026-02-19,Sparkling Water
484,2026-02-19,Whole Milk
485,2026-09-25,Baby Wipes
485,2026-09-25,Bananas
485,2026-09-25,Eggs
485,2026-09-25,Garlic
485,2026-09-25,Pasta
485,2026-09-25,Reusable Bag
486,2026-01-12,Cucumber
486,2026-01-12,Eggs
486,2026-01-12,Lettuce
486,2026-01-12,Reusable Bag
486,2026-01-12,Sparkling Water
487,2026-09-28,Beer
487,2026-09-28,Burger Buns
487,2026-09-28,Cereal
487,2026-09-28,Charcoal
487,2026-09-28,Ketchup
487,2026-09-28,Lettuce
487,2026-09-28,Reusable Bag
487,2026-09-28,Steak
488,2026-02-05,Apples
488,2026-02-05,Bread
488,2026-02-05,Butter
488,2026-02-05,Carrots
488,2026-02-05,Coffee
488,2026-02-05,Diapers
488,2026-02-05,Pasta
488,2026-02-05,Reusable Bag
488,2026-02-05,Rice
488,2026-02-05,Steak
488,2026-02-05,Whole Milk
489,2026-02-07,Beer
489,2026-02-07,Cucumber
489,2026-02-07,Eggs
489,2026-02-07,Pasta
489,2026-02-07,Reusable Bag
490,2026-04-20,Charcoal
490,2026-04-20,Chocolate
490,2026-04-20,Ketchup
490,2026-04-20,Parmesan
490,2026-04-20,Reusable Bag
490,2026-04-20,Steak
490,2026-04-20,Tomato Sauce
491,2026-01-12,Apples
491,2026-01-12,Bread
491,2026-01-12,Carrots
491,2026-01-12,Charcoal
491,2026-01-12,Dish Soap
491,2026-01-12,Garlic
491,2026-01-12,Ketchup
491,2026-01-12,Orange Juice
491,2026-01-12,Steak
491,2026-01-12,Tomato Sauce
492,2026-07-25,Apples
492,2026-07-25,Butter
492,2026-07-25,Cucumber
492,2026-07-25,Lettuce
492,2026-07-25,Olive Oil
492,2026-07-25,Onions
492,2026-07-25,Potato Chips
492,2026-07-25,Tea
492,2026-07-25,Tomatoes
493,2026-08-01,2% Milk
493,2026-08-01,Bread
493,2026-08-01,Diapers
493,2026-08-01,Frozen Pizza
493,2026-08-01,Reusable Bag
494,2026-02-02,Bananas
494,2026-02-02,Carrots
494,2026-02-02,Onions
494,2026-02-02,Reusable Bag
494,2026-02-02,Rice
495,2026-10-28,Burger Buns
495,2026-10-28,Charcoal
495,2026-10-28,Ketchup
495,2026-10-28,Reusable Bag
495,2026-10-28,Rice
495,2026-10-28,Steak
496,2026-12-07,Cheddar
496,2026-12-07,Cucumber
496,2026-12-07,Lettuce
496,2026-12-07,Olive Oil
496,2026-12-07,Reusable Bag
496,2026-12-07,Tomatoes
497,2026-07-22,Frozen Pizza
497,2026-07-22,Pasta
497,2026-07-22,Red Wine
497,2026-07-22,Reusable Bag
497,2026-07-22,Tomato Sauce
498,2026-11-28,Apples
498,2026-11-28,Burger Buns
498,2026-11-28,Butter
498,2026-11-28,Charcoal
498,2026-11-28,Chicken Breast
498,2026-11-28,Dish Soap
498,2026-11-28,Frozen Pizza
498,2026-11-28,Ketchup
498,2026-11-28,Reusable Bag
498,2026-11-28,Steak
499,2026-08-03,Apples
499,2026-08-03,Baby Wipes
499,2026-08-03,Beer
499,2026-08-03,Diapers
499,2026-08-03,Dish Soap
499,2026-08-03,Potato Chips
499,2026-08-03,Reusable Bag
500,2026-02-08,Onions
500,2026-02-08,Parmesan
500,2026-02-08,Pasta
500,2026-02-08,Red Wine
500,2026-02-08,Tomato Sauce
501,2026-03-04,2% Milk
501,2026-03-04,Coffee
501,2026-03-04,Croissants
501,2026-03-04,Reusable Bag
501,2026-03-04,Whole Milk
502,2026-10-17,Apples
502,2026-10-17,Baby Wipes
502,2026-10-17,Chicken Breast
502,2026-10-17,Diapers
502,2026-10-17,Dish Soap
502,2026-10-17,Reusable Bag
502,2026-10-17,Tea
503,2026-10-30,Bread
503,2026-10-30,Cheddar
503,2026-10-30,Potato Chips
503,2026-10-30,Reusable Bag
504,2026-02-24,Baby Wipes
504,2026-02-24,Carrots
504,2026-02-24,Charcoal
504,2026-02-24,Cheddar
504,2026-02-24,Eggs
504,2026-02-24,Garlic
504,2026-02-24,Parmesan
504,2026-02-24,Pasta
504,2026-02-24,Reusable Bag
504,2026-02-24,Tea
504,2026-02-24,Tomato Sauce
505,2026-08-26,Apples
505,2026-08-26,Burger Buns
505,2026-08-26,Carrots
505,2026-08-26,Charcoal
505,2026-08-26,Cucumber
505,2026-08-26,Diapers
505,2026-08-26,Frozen Pizza
505,2026-08-26,Ketchup
505,2026-08-26,Reusable Bag
505,2026-08-26,Steak
505,2026-08-26,Tomatoes
505,2026-08-26,Yogurt
506,2026-03-22,Baby Food
506,2026-03-22,Beer
506,2026-03-22,Burger Buns
506,2026-03-22,Cereal
506,2026-03-22,Charcoal
506,2026-03-22,Garlic
506,2026-03-22,Reusable Bag
506,2026-03-22,Sparkling Water
506,2026-03-22,Steak
506,2026-03-22,Tea
507,2026-07-10,2% Milk
507,2026-07-10,Cucumber
507,2026-07-10,Dish Soap
507,2026-07-10,Lettuce
507,2026-07-10,Reusable Bag
508,2026-06-18,Burger Buns
508,2026-06-18,Cheddar
508,2026-06-18,Olive Oil
508,2026-06-18,Reusable Bag
508,2026-06-18,Tea
509,2026-10-11,Bread
509,2026-10-11,Chocolate
509,2026-10-11,Cucumber
509,2026-10-11,Lettuce
509,2026-10-11,Olive Oil
509,2026-10-11,Potato Chips
509,2026-10-11,Reusable Bag
509,2026-10-11,Tomatoes
510,2026-06-10,2% Milk
510,2026-06-10,Baby Wipes
510,2026-06-10,Beer
510,2026-06-10,Bread
510,2026-06-10,Chicken Breast
510,2026-06-10,Chocolate
510,2026-06-10,Diapers
510,2026-06-10,Garlic
510,2026-06-10,Onions
511,2026-04-23,Baby Wipes
511,2026-04-23,Beer
511,2026-04-23,Burger Buns
511,2026-04-23,Croissants
511,2026-04-23,Diapers
511,2026-04-23,Eggs
511,2026-04-23,Onions
511,2026-04-23,Potato Chips
511,2026-04-23,Reusable Bag
511,2026-04-23,Sparkling Water
512,2026-03-01,Apples
512,2026-03-01,Bananas
512,2026-03-01,Beer
512,2026-03-01,Burger Buns
512,2026-03-01,Charcoal
512,2026-03-01,Chocolate
512,2026-03-01,Eggs
512,2026-03-01,Ketchup
512,2026-03-01,Orange Juice
512,2026-03-01,Steak
512,2026-03-01,Tea
513,2026-06-25,Bread
513,2026-06-25,Cucumber
513,2026-06-25,Lettuce
513,2026-06-25,Reusable Bag
513,2026-06-25,Tomatoes
514,2026-10-13,Cereal
514,2026-10-13,Chicken Breast
514,2026-10-13,Coffee
514,2026-10-13,Croissants
514,2026-10-13,Lettuce
514,2026-10-13,Orange Juice
514,2026-10-13,Pasta
514,2026-10-13,Potato Chips
514,2026-10-13,Reusable Bag
514,2026-10-13,Sparkling Water
514,2026-10-13,Tomatoes
515,2026-08-29,Apples
515,2026-08-29,Baby Food
515,2026-08-29,Baby Wipes
515,2026-08-29,Chicken Breast
515,2026-08-29,Diapers
515,2026-08-29,Olive Oil
515,2026-08-29,Parmesan
515,2026-08-29,Red Wine
515,2026-08-29,Reusable Bag
516,2026-01-22,Apples
516,2026-01-22,Bread
516,2026-01-22,Cereal
516,2026-01-22,Eggs
516,2026-01-22,Potato Chips
517,2026-05-24,Cheddar
517,2026-05-24,Cucumber
517,2026-05-24,Lettuce
517,2026-05-24,Olive Oil
517,2026-05-24,Reusable Bag
517,2026-05-24,Tomatoes
517,2026-05-24,Yogurt
518,2026-10-20,Apples
518,2026-10-20,Beer
518,2026-10-20,Burger Buns
518,2026-10-20,Butter
518,2026-10-20,Charcoal
518,2026-10-20,Cucumber
518,2026-10-20,Ketchup
518,2026-10-20,Onions
518,2026-10-20,Potato Chips
518,2026-10-20,Reusable Bag
518,2026-10-20,Sparkling Water
518,2026-10-20,Steak
519,2026-09-30,Garlic
519,2026-09-30,Parmesan
519,2026-09-30,Pasta
519,2026-09-30,Reusable Bag
519,2026-09-30,Sparkling Water
519,2026-09-30,Tomato Sauce
520,2026-08-22,Bananas
520,2026-08-22,Butter
520,2026-08-22,Cheddar
520,2026-08-22,Coffee
520,2026-08-22,Garlic
520,2026-08-22,Orange Juice
520,2026-08-22,Reusable Bag
520,2026-08-22,Sparkling Water
520,2026-08-22,Yogurt
521,2026-08-09,Cheddar
521,2026-08-09,Garlic
521,2026-08-09,Pasta
521,2026-08-09,Potato Chips
521,2026-08-09,Red Wine
521,2026-08-09,Reusable Bag
521,2026-08-09,Rice
522,2026-10-26,2% Milk
522,2026-10-26,Beer
522,2026-10-26,Bread
522,2026-10-26,Burger Buns
522,2026-10-26,Carrots
522,2026-10-26,Cereal
522,2026-10-26,Charcoal
522,2026-10-26,Ketchup
522,2026-10-26,Red Wine
522,2026-10-26,Reusable Bag
522,2026-10-26,Steak
522,2026-10-26,Tea
523,2026-08-12,2% Milk
523,2026-08-12,Bread
523,2026-08-12,Coffee
523,2026-08-12,Croissants
523,2026-08-12,Eggs
523,2026-08-12,Onions
523,2026-08-12,Orange Juice
523,2026-08-12,Reusable Bag
523,2026-08-12,Whole Milk
524,2026-06-03,Bread
524,2026-06-03,Paper Towels
524,2026-06-03,Reusable Bag
524,2026-06-03,Rice
525,2026-08-16,Dish Soap
525,2026-08-16,Reusable Bag
525,2026-08-16,Yogurt
526,2026-08-27,Apples
526,2026-08-27,Burger Buns
526,2026-08-27,Butter
526,2026-08-27,Charcoal
526,2026-08-27,Chicken Breast
526,2026-08-27,Ketchup
526,2026-08-27,Lettuce
526,2026-08-27,Reusable Bag
526,2026-08-27,Sparkling Water
526,2026-08-27,Steak
526,2026-08-27,Yogurt
527,2026-10-13,Beer
527,2026-10-13,Bread
527,2026-10-13,Charcoal
527,2026-10-13,Cheddar
527,2026-10-13,Ketchup
527,2026-10-13,Steak
528,2026-05-29,Beer
528,2026-05-29,Bread
528,2026-05-29,Charcoal
528,2026-05-29,Dish Soap
528,2026-05-29,Reusable Bag
529,2026-11-04,Beer
529,2026-11-04,Burger Buns
529,2026-11-04,Charcoal
529,2026-11-04,Cheddar
529,2026-11-04,Reusable Bag
530,2026-10-11,Baby Food
530,2026-10-11,Bread
530,2026-10-11,Burger Buns
530,2026-10-11,Carrots
530,2026-10-11,Charcoal
530,2026-10-11,Chicken Breast
530,2026-10-11,Pasta
530,2026-10-11,Red Wine
530,2026-10-11,Reusable Bag
530,2026-10-11,Steak
531,2026-10-26,Carrots
531,2026-10-26,Garlic
531,2026-10-26,Pasta
531,2026-10-26,Reusable Bag
531,2026-10-26,Tomato Sauce
531,2026-10-26,Yogurt
532,2026-06-05,Bread
532,2026-06-05,Butter
532,2026-06-05,Onions
532,2026-06-05,Pasta
532,2026-06-05,Reusable Bag
533,2026-03-01,Beer
533,2026-03-01,Bread
533,2026-03-01,Burger Buns
533,2026-03-01,Charcoal
533,2026-03-01,Rice
533,2026-03-01,Steak
534,2026-07-09,Bananas
534,2026-07-09,Coffee
534,2026-07-09,Croissants
534,2026-07-09,Orange Juice
534,2026-07-09,Tea
534,2026-07-09,Whole Milk
534,2026-07-09,Yogurt
535,2026-04-03,Beer
535,2026-04-03,Bread
535,2026-04-03,Burger Buns
535,2026-04-03,Charcoal
535,2026-04-03,Reusable Bag
536,2026-12-16,Apples
536,2026-12-16,Beer
536,2026-12-16,Cheddar
536,2026-12-16,Eggs
536,2026-12-16,Garlic
536,2026-12-16,Olive Oil
536,2026-12-16,Pasta
536,2026-12-16,Red Wine
536,2026-12-16,Reusable Bag
536,2026-12-16,Tomato Sauce
536,2026-12-16,Whole Milk
537,2026-09-05,2% Milk
537,2026-09-05,Carrots
537,2026-09-05,Cereal
537,2026-09-05,Chicken Breast
537,2026-09-05,Garlic
537,2026-09-05,Paper Towels
537,2026-09-05,Parmesan
537,2026-09-05,Pasta
537,2026-09-05,Red Wine
537,2026-09-05,Reusable Bag
537,2026-09-05,Tomato Sauce
538,2026-12-11,Cheddar
538,2026-12-11,Chocolate
538,2026-12-11,Lettuce
538,2026-12-11,Onions
538,2026-12-11,Pasta
538,2026-12-11,Reusable Bag
538,2026-12-11,Rice
538,2026-12-11,Tomato Sauce
539,2026-08-23,2% Milk
539,2026-08-23,Cereal
539,2026-08-23,Chicken Breast
539,2026-08-23,Paper Towels
539,2026-08-23,Reusable Bag
539,2026-08-23,Tea
540,2026-06-02,Bananas
540,2026-06-02,Chicken Breast
540,2026-06-02,Ketchup
540,2026-06-02,Pasta
540,2026-06-02,Reusable Bag
541,2026-12-22,Chocolate
541,2026-12-22,Dish Soap
541,2026-12-22,Frozen Pizza
541,2026-12-22,Reusable Bag
542,2026-12-02,Bananas
542,2026-12-02,Beer
542,2026-12-02,Butter
542,2026-12-02,Eggs
542,2026-12-02,Frozen Pizza
542,2026-12-02,Parmesan
542,2026-12-02,Pasta
542,2026-12-02,Red Wine
542,2026-12-02,Reusable Bag
542,2026-12-02,Steak
542,2026-12-02,Tomato Sauce
543,2026-12-04,Bread
543,2026-12-04,Burger Buns
543,2026-12-04,Chocolate
543,2026-12-04,Cucumber
543,2026-12-04,Lettuce
543,2026-12-04,Pasta
543,2026-12-04,Tea
543,2026-12-04,Tomatoes
544,2026-10-01,Apples
544,2026-10-01,Bananas
544,2026-10-01,Croissants
544,2026-10-01,Cucumber
544,2026-10-01,Frozen Pizza
544,2026-10-01,Lettuce
544,2026-10-01,Reusable Bag
544,2026-10-01,Tomatoes
545,2026-06-26,Bread
545,2026-06-26,Dish Soap
545,2026-06-26,Paper Towels
545,2026-06-26,Pasta
545,2026-06-26,Reusable Bag
546,2026-03-18,Apples
546,2026-03-18,Bananas
546,2026-03-18,Cereal
546,2026-03-18,Potato Chips
546,2026-03-18,Reusable Bag
546,2026-03-18,Tea
547,2026-01-15,Beer
547,2026-01-15,Burger Buns
547,2026-01-15,Charcoal
547,2026-01-15,Eggs
547,2026-01-15,Ketchup
547,2026-01-15,Reusable Bag
547,2026-01-15,Steak
547,2026-01-15,Yogurt
548,2026-02-11,Beer
548,2026-02-11,Burger Buns
548,2026-02-11,Charcoal
548,2026-02-11,Chicken Breast
548,2026-02-11,Potato Chips
548,2026-02-11,Reusable Bag
548,2026-02-11,Sparkling Water
548,2026-02-11,Steak
548,2026-02-11,Tea
548,2026-02-11,Tomato Sauce
549,2026-05-17,Baby Wipes
549,2026-05-17,Bananas
549,2026-05-17,Beer
549,2026-05-17,Bread
549,2026-05-17,Cheddar
549,2026-05-17,Chicken Breast
549,2026-05-17,Diapers
549,2026-05-17,Eggs
549,2026-05-17,Orange Juice
549,2026-05-17,Reusable Bag
550,2026-10-18,2% Milk
550,2026-10-18,Cereal
550,2026-10-18,Cheddar
550,2026-10-18,Paper Towels
550,2026-10-18,Reusable Bag
551,2026-12-08,2% Milk
551,2026-12-08,Baby Food
551,2026-12-08,Baby Wipes
551,2026-12-08,Bread
551,2026-12-08,Butter
551,2026-12-08,Chocolate
552,2026-06-29,Bananas
552,2026-06-29,Carrots
552,2026-06-29,Reusable Bag
553,2026-06-05,Baby Food
553,2026-06-05,Beer
553,2026-06-05,Burger Buns
553,2026-06-05,Charcoal
553,2026-06-05,Chicken Breast
553,2026-06-05,Ketchup
553,2026-06-05,Potato Chips
553,2026-06-05,Reusable Bag
553,2026-06-05,Rice
553,2026-06-05,Steak
554,2026-06-10,Coffee
554,2026-06-10,Orange Juice
554,2026-06-10,Pasta
554,2026-06-10,Potato Chips
554,2026-06-10,Reusable Bag
554,2026-06-10,Whole Milk
555,2026-08-07,Cereal
555,2026-08-07,Paper Towels
555,2026-08-07,Reusable Bag
556,2026-03-11,2% Milk
556,2026-03-11,Apples
556,2026-03-11,Beer
556,2026-03-11,Bread
556,2026-03-11,Butter
556,2026-03-11,Cucumber
556,2026-03-11,Reusable Bag
556,2026-03-11,Rice
557,2026-11-19,Apples
557,2026-11-19,Carrots
557,2026-11-19,Onions
557,2026-11-19,Reusable Bag
558,2026-05-14,Charcoal
558,2026-05-14,Cheddar
558,2026-05-14,Cucumber
558,2026-05-14,Ketchup
558,2026-05-14,Lettuce
558,2026-05-14,Reusable Bag
558,2026-05-14,Steak
559,2026-07-20,Apples
559,2026-07-20,Baby Wipes
559,2026-07-20,Beer
559,2026-07-20,Cereal
559,2026-07-20,Charcoal
559,2026-07-20,Ketchup
559,2026-07-20,Orange Juice
559,2026-07-20,Reusable Bag
559,2026-07-20,Steak
560,2026-09-15,Beer
560,2026-09-15,Burger Buns
560,2026-09-15,Charcoal
560,2026-09-15,Cheddar
560,2026-09-15,Chicken Breast
560,2026-09-15,Eggs
560,2026-09-15,Ketchup
560,2026-09-15,Lettuce
560,2026-09-15,Onions
560,2026-09-15,Pasta
560,2026-09-15,Reusable Bag
560,2026-09-15,Steak
561,2026-01-04,Carrots
561,2026-01-04,Garlic
561,2026-01-04,Parmesan
561,2026-01-04,Pasta
561,2026-01-04,Reusable Bag
561,2026-01-04,Tomato Sauce
562,2026-01-18,Apples
562,2026-01-18,Dish Soap
562,2026-01-18,Lettuce
562,2026-01-18,Potato Chips
562,2026-01-18,Reusable Bag
562,2026-01-18,Whole Milk
563,2026-09-23,Bananas
563,2026-09-23,Butter
563,2026-09-23,Chicken Breast
563,2026-09-23,Coffee
563,2026-09-23,Croissants
563,2026-09-23,Onions
563,2026-09-23,Orange Juice
563,2026-09-23,Paper Towels
563,2026-09-23,Reusable Bag
563,2026-09-23,Whole Milk
564,2026-08-27,Apples
564,2026-08-27,Burger Buns
564,2026-08-27,Butter
564,2026-08-27,Cereal
564,2026-08-27,Charcoal
564,2026-08-27,Croissants
564,2026-08-27,Ketchup
564,2026-08-27,Reusable Bag
564,2026-08-27,Steak
565,2026-05-09,2% Milk
565,2026-05-09,Chicken Breast
565,2026-05-09,Reusable Bag
566,2026-08-24,2% Milk
566,2026-08-24,Carrots
566,2026-08-24,Chicken Breast
566,2026-08-24,Reusable Bag
566,2026-08-24,Sparkling Water
567,2026-06-05,Beer
567,2026-06-05,Burger Buns
567,2026-06-05,Charcoal
567,2026-06-05,Onions
567,2026-06-05,Reusable Bag
567,2026-06-05,Steak
568,2026-06-19,Beer
568,2026-06-19,Burger Buns
568,2026-06-19,Charcoal
568,2026-06-19,Ketchup
568,2026-06-19,Potato Chips
568,2026-06-19,Reusable Bag
568,2026-06-19,Steak
569,2026-04-08,Bread
569,2026-04-08,Lettuce
569,2026-04-08,Reusable Bag
570,2026-01-10,Bread
570,2026-01-10,Butter
570,2026-01-10,Chocolate
570,2026-01-10,Garlic
570,2026-01-10,Parmesan
570,2026-01-10,Pasta
570,2026-01-10,Red Wine
570,2026-01-10,Reusable Bag
570,2026-01-10,Tomato Sauce
571,2026-07-13,2% Milk
571,2026-07-13,Baby Wipes
571,2026-07-13,Charcoal
571,2026-07-13,Chicken Breast
571,2026-07-13,Cucumber
571,2026-07-13,Diapers
571,2026-07-13,Onions
571,2026-07-13,Reusable Bag
572,2026-04-17,Croissants
572,2026-04-17,Eggs
572,2026-04-17,Frozen Pizza
572,2026-04-17,Paper Towels
572,2026-04-17,Potato Chips
572,2026-04-17,Tea
573,2026-12-26,Baby Wipes
573,2026-12-26,Beer
573,2026-12-26,Diapers
573,2026-12-26,Reusable Bag
573,2026-12-26,Yogurt
574,2026-06-15,Baby Wipes
574,2026-06-15,Carrots
574,2026-06-15,Parmesan
574,2026-06-15,Pasta
574,2026-06-15,Reusable Bag
574,2026-06-15,Tomato Sauce
575,2026-11-25,2% Milk
575,2026-11-25,Bread
575,2026-11-25,Burger Buns
575,2026-11-25,Chicken Breast
575,2026-11-25,Chocolate
575,2026-11-25,Coffee
575,2026-11-25,Garlic
575,2026-11-25,Reusable Bag
575,2026-11-25,Rice
575,2026-11-25,Whole Milk
576,2026-04-07,Bananas
576,2026-04-07,Bread
576,2026-04-07,Carrots
576,2026-04-07,Dish Soap
576,2026-04-07,Garlic
576,2026-04-07,Onions
576,2026-04-07,Parmesan
576,2026-04-07,Pasta
576,2026-04-07,Reusable Bag
576,2026-04-07,Tomato Sauce
577,2026-01-31,Baby Food
577,2026-01-31,Baby Wipes
577,2026-01-31,Beer
577,2026-01-31,Bread
577,2026-01-31,Cucumber
577,2026-01-31,Diapers
577,2026-01-31,Dish Soap
577,2026-01-31,Eggs
577,2026-01-31,Lettuce
577,2026-01-31,Reusable Bag
578,2026-12-06,Apples
578,2026-12-06,Bananas
578,2026-12-06,Beer
578,2026-12-06,Carrots
578,2026-12-06,Coffee
578,2026-12-06,Croissants
578,2026-12-06,Orange Juice
578,2026-12-06,Paper Towels
578,2026-12-06,Reusable Bag
579,2026-09-11,Bread
579,2026-09-11,Cereal
579,2026-09-11,Chicken Breast
579,2026-09-11,Eggs
579,2026-09-11,Onions
579,2026-09-11,Parmesan
579,2026-09-11,Pasta
579,2026-09-11,Tomato Sauce
580,2026-07-11,2% Milk
580,2026-07-11,Bread
580,2026-07-11,Carrots
580,2026-07-11,Cucumber
580,2026-07-11,Lettuce
580,2026-07-11,Olive Oil
580,2026-07-11,Potato Chips
580,2026-07-11,Reusable Bag
580,2026-07-11,Rice
581,2026-12-22,Paper Towels
581,2026-12-22,Reusable Bag
582,2026-04-14,2% Milk
582,2026-04-14,Baby Food
582,2026-04-14,Cereal
582,2026-04-14,Coffee
582,2026-04-14,Croissants
582,2026-04-14,Orange Juice
582,2026-04-14,Parmesan
582,2026-04-14,Potato Chips
582,2026-04-14,Reusable Bag
583,2026-03-24,Carrots
583,2026-03-24,Chocolate
583,2026-03-24,Coffee
583,2026-03-24,Garlic
583,2026-03-24,Orange Juice
583,2026-03-24,Red Wine
583,2026-03-24,Reusable Bag
583,2026-03-24,Whole Milk
584,2026-11-16,Beer
584,2026-11-16,Bread
584,2026-11-16,Eggs
584,2026-11-16,Frozen Pizza
584,2026-11-16,Ketchup
584,2026-11-16,Lettuce
584,2026-11-16,Olive Oil
584,2026-11-16,Reusable Bag
584,2026-11-16,Tomatoes
585,2026-12-30,2% Milk
585,2026-12-30,Bananas
585,2026-12-30,Carrots
585,2026-12-30,Coffee
585,2026-12-30,Croissants
585,2026-12-30,Eggs
585,2026-12-30,Sparkling Water
585,2026-12-30,Whole Milk
586,2026-10-10,Coffee
586,2026-10-10,Onions
586,2026-10-10,Orange Juice
586,2026-10-10,Potato Chips
586,2026-10-10,Reusable Bag
586,2026-10-10,Rice
586,2026-10-10,Whole Milk
587,2026-03-06,Beer
587,2026-03-06,Burger Buns
587,2026-03-06,Butter
587,2026-03-06,Cereal
587,2026-03-06,Charcoal
587,2026-03-06,Chocolate
587,2026-03-06,Ketchup
587,2026-03-06,Reusable Bag
587,2026-03-06,Steak
588,2026-05-15,2% Milk
588,2026-05-15,Apples
588,2026-05-15,Carrots
588,2026-05-15,Eggs
588,2026-05-15,Onions
588,2026-05-15,Reusable Bag
589,2026-03-13,2% Milk
589,2026-03-13,Baby Wipes
589,2026-03-13,Butter
589,2026-03-13,Cheddar
589,2026-03-13,Croissants
589,2026-03-13,Onions
589,2026-03-13,Reusable Bag
589,2026-03-13,Tea
589,2026-03-13,Tomato Sauce
590,2026-09-15,Baby Food
590,2026-09-15,Baby Wipes
590,2026-09-15,Butter
590,2026-09-15,Diapers
590,2026-09-15,Eggs
590,2026-09-15,Potato Chips
590,2026-09-15,Reusable Bag
591,2026-09-26,2% Milk
591,2026-09-26,Burger Buns
591,2026-09-26,Coffee
591,2026-09-26,Croissants
591,2026-09-26,Reusable Bag
591,2026-09-26,Tomatoes
592,2026-04-29,Baby Food
592,2026-04-29,Baby Wipes
592,2026-04-29,Beer
592,2026-04-29,Carrots
592,2026-04-29,Chicken Breast
592,2026-04-29,Croissants
592,2026-04-29,Diapers
592,2026-04-29,Reusable Bag
592,2026-04-29,Sparkling Water
593,2026-05-24,Apples
593,2026-05-24,Coffee
593,2026-05-24,Croissants
593,2026-05-24,Eggs
593,2026-05-24,Olive Oil
593,2026-05-24,Reusable Bag
593,2026-05-24,Whole Milk
594,2026-12-27,2% Milk
594,2026-12-27,Bananas
594,2026-12-27,Burger Buns
594,2026-12-27,Charcoal
594,2026-12-27,Reusable Bag
595,2026-02-21,Baby Food
595,2026-02-21,Baby Wipes
595,2026-02-21,Bananas
595,2026-02-21,Beer
595,2026-02-21,Diapers
595,2026-02-21,Dish Soap
595,2026-02-21,Olive Oil
595,2026-02-21,Paper Towels
595,2026-02-21,Reusable Bag
596,2026-09-07,Baby Food
596,2026-09-07,Baby Wipes
596,2026-09-07,Diapers
596,2026-09-07,Olive Oil
596,2026-09-07,Reusable Bag
596,2026-09-07,Rice
597,2026-07-28,Bananas
597,2026-07-28,Butter
597,2026-07-28,Carrots
597,2026-07-28,Charcoal
597,2026-07-28,Cucumber
597,2026-07-28,Lettuce
597,2026-07-28,Orange Juice
597,2026-07-28,Reusable Bag
597,2026-07-28,Rice
597,2026-07-28,Tomatoes
597,2026-07-28,Yogurt
598,2026-11-23,Baby Wipes
598,2026-11-23,Bananas
598,2026-11-23,Burger Buns
598,2026-11-23,Charcoal
598,2026-11-23,Ketchup
598,2026-11-23,Steak
599,2026-09-13,Baby Food
599,2026-09-13,Charcoal
599,2026-09-13,Chicken Breast
599,2026-09-13,Frozen Pizza
599,2026-09-13,Ketchup
599,2026-09-13,Reusable Bag
599,2026-09-13,Sparkling Water
599,2026-09-13,Steak
600,2026-03-28,Apples
600,2026-03-28,Bread
600,2026-03-28,Chicken Breast
600,2026-03-28,Coffee
600,2026-03-28,Croissants
600,2026-03-28,Orange Juice
600,2026-03-28,Reusable Bag
600,2026-03-28,Sparkling Water
600,2026-03-28,Whole Milk
600,2026-03-28,Yogurt
601,2026-01-24,Butter
601,2026-01-24,Parmesan
601,2026-01-24,Pasta
601,2026-01-24,Reusable Bag
601,2026-01-24,Tomato Sauce
602,2026-12-26,Baby Food
602,2026-12-26,Baby Wipes
602,2026-12-26,Diapers
602,2026-12-26,Dish Soap
602,2026-12-26,Eggs
602,2026-12-26,Reusable Bag
603,2026-09-15,Cereal
603,2026-09-15,Coffee
603,2026-09-15,Croissants
603,2026-09-15,Cucumber
603,2026-09-15,Reusable Bag
604,2026-06-15,Apples
604,2026-06-15,Bananas
604,2026-06-15,Beer
604,2026-06-15,Bread
604,2026-06-15,Burger Buns
604,2026-06-15,Charcoal
604,2026-06-15,Chicken Breast
604,2026-06-15,Chocolate
604,2026-06-15,Diapers
604,2026-06-15,Ketchup
604,2026-06-15,Pasta
604,2026-06-15,Reusable Bag
604,2026-06-15,Steak
604,2026-06-15,Tomatoes
605,2026-07-06,Bananas
605,2026-07-06,Carrots
605,2026-07-06,Cereal
605,2026-07-06,Chocolate
605,2026-07-06,Garlic
605,2026-07-06,Olive Oil
605,2026-07-06,Paper Towels
605,2026-07-06,Parmesan
605,2026-07-06,Pasta
605,2026-07-06,Red Wine
605,2026-07-06,Reusable Bag
605,2026-07-06,Tomato Sauce
606,2026-07-08,Apples
606,2026-07-08,Baby Food
606,2026-07-08,Chocolate
606,2026-07-08,Coffee
606,2026-07-08,Croissants
606,2026-07-08,Dish Soap
606,2026-07-08,Paper Towels
606,2026-07-08,Reusable Bag
606,2026-07-08,Rice
606,2026-07-08,Whole Milk
607,2026-08-30,Apples
607,2026-08-30,Baby Wipes
607,2026-08-30,Burger Buns
607,2026-08-30,Charcoal
607,2026-08-30,Garlic
607,2026-08-30,Ketchup
607,2026-08-30,Onions
607,2026-08-30,Potato Chips
607,2026-08-30,Reusable Bag
607,2026-08-30,Sparkling Water
607,2026-08-30,Steak
608,2026-01-16,Butter
608,2026-01-16,Paper Towels
608,2026-01-16,Reusable Bag
609,2026-09-12,Cheddar
609,2026-09-12,Lettuce
609,2026-09-12,Orange Juice
609,2026-09-12,Reusable Bag
609,2026-09-12,Tea
610,2026-06-26,Baby Food
610,2026-06-26,Baby Wipes
610,2026-06-26,Beer
610,2026-06-26,Bread
610,2026-06-26,Carrots
610,2026-06-26,Cucumber
610,2026-06-26,Diapers
610,2026-06-26,Steak
611,2026-04-11,Carrots
611,2026-04-11,Coffee
611,2026-04-11,Olive Oil
611,2026-04-11,Reusable Bag
611,2026-04-11,Steak
612,2026-09-12,2% Milk
612,2026-09-12,Bananas
612,2026-09-12,Cheddar
612,2026-09-12,Paper Towels
613,2026-08-30,Chicken Breast
613,2026-08-30,Eggs
613,2026-08-30,Garlic
613,2026-08-30,Onions
613,2026-08-30,Parmesan
613,2026-08-30,Pasta
613,2026-08-30,Red Wine
613,2026-08-30,Tea
613,2026-08-30,Tomato Sauce
614,2026-08-12,Frozen Pizza
614,2026-08-12,Onions
614,2026-08-12,Parmesan
614,2026-08-12,Pasta
614,2026-08-12,Red Wine
614,2026-08-12,Reusable Bag
614,2026-08-12,Sparkling Water
614,2026-08-12,Tea
614,2026-08-12,Tomato Sauce
614,2026-08-12,Whole Milk
615,2026-07-31,Carrots
615,2026-07-31,Cheddar
615,2026-07-31,Cucumber
615,2026-07-31,Lettuce
615,2026-07-31,Reusable Bag
616,2026-12-15,Cheddar
616,2026-12-15,Chicken Breast
616,2026-12-15,Cucumber
616,2026-12-15,Reusable Bag
617,2026-08-26,Baby Food
617,2026-08-26,Baby Wipes
617,2026-08-26,Bread
617,2026-08-26,Butter
617,2026-08-26,Cheddar
617,2026-08-26,Cucumber
617,2026-08-26,Diapers
617,2026-08-26,Onions
617,2026-08-26,Reusable Bag
617,2026-08-26,Whole Milk
618,2026-08-29,2% Milk
618,2026-08-29,Burger Buns
618,2026-08-29,Butter
618,2026-08-29,Charcoal
618,2026-08-29,Diapers
618,2026-08-29,Ketchup
618,2026-08-29,Orange Juice
618,2026-08-29,Reusable Bag
618,2026-08-29,Rice
618,2026-08-29,Steak
618,2026-08-29,Tomato Sauce
619,2026-07-20,Butter
619,2026-07-20,Frozen Pizza
619,2026-07-20,Paper Towels
619,2026-07-20,Reusable Bag
620,2026-01-20,2% Milk
620,2026-01-20,Apples
620,2026-01-20,Bananas
620,2026-01-20,Cheddar
620,2026-01-20,Reusable Bag
621,2026-01-31,2% Milk
621,2026-01-31,Bananas
621,2026-01-31,Carrots
621,2026-01-31,Chicken Breast
621,2026-01-31,Dish Soap
622,2026-05-19,Cereal
622,2026-05-19,Cucumber
622,2026-05-19,Lettuce
622,2026-05-19,Olive Oil
622,2026-05-19,Reusable Bag
622,2026-05-19,Tomatoes
623,2026-11-26,Burger Buns
623,2026-11-26,Charcoal
623,2026-11-26,Ketchup
623,2026-11-26,Paper Towels
623,2026-11-26,Reusable Bag
623,2026-11-26,Steak
624,2026-04-18,Apples
624,2026-04-18,Bread
624,2026-04-18,Cucumber
624,2026-04-18,Eggs
624,2026-04-18,Lettuce
624,2026-04-18,Reusable Bag
624,2026-04-18,Rice
624,2026-04-18,Tomatoes
624,2026-04-18,Yogurt
625,2026-12-26,Baby Food
625,2026-12-26,Baby Wipes
625,2026-12-26,Diapers
625,2026-12-26,Onions
625,2026-12-26,Reusable Bag
625,2026-12-26,Yogurt
626,2026-03-29,Bananas
626,2026-03-29,Bread
626,2026-03-29,Lettuce
626,2026-03-29,Olive Oil
626,2026-03-29,Red Wine
626,2026-03-29,Sparkling Water
626,2026-03-29,Tomatoes
627,2026-02-07,Cucumber
627,2026-02-07,Lettuce
627,2026-02-07,Paper Towels
627,2026-02-07,Reusable Bag
627,2026-02-07,Tomatoes
628,2026-01-06,Bananas
628,2026-01-06,Butter
628,2026-01-06,Croissants
628,2026-01-06,Eggs
628,2026-01-06,Paper Towels
628,2026-01-06,Reusable Bag
628,2026-01-06,Steak
629,2026-02-13,2% Milk
629,2026-02-13,Baby Food
629,2026-02-13,Baby Wipes
629,2026-02-13,Cheddar
629,2026-02-13,Diapers
629,2026-02-13,Reusable Bag
630,2026-02-28,Bread
630,2026-02-28,Cheddar
630,2026-02-28,Cucumber
630,2026-02-28,Eggs
630,2026-02-28,Lettuce
630,2026-02-28,Olive Oil
630,2026-02-28,Parmesan
630,2026-02-28,Reusable Bag
631,2026-08-04,2% Milk
631,2026-08-04,Bread
631,2026-08-04,Pasta
631,2026-08-04,Reusable Bag
631,2026-08-04,Steak
631,2026-08-04,Tomato Sauce
631,2026-08-04,Whole Milk
632,2026-03-20,Beer
632,2026-03-20,Burger Buns
632,2026-03-20,Carrots
632,2026-03-20,Charcoal
632,2026-03-20,Chocolate
632,2026-03-20,Ketchup
632,2026-03-20,Reusable Bag
633,2026-07-24,Bread
633,2026-07-24,Burger Buns
633,2026-07-24,Carrots
633,2026-07-24,Cereal
633,2026-07-24,Onions
633,2026-07-24,Potato Chips
633,2026-07-24,Reusable Bag
634,2026-02-16,2% Milk
634,2026-02-16,Beer
634,2026-02-16,Carrots
634,2026-02-16,Charcoal
634,2026-02-16,Ketchup
634,2026-02-16,Potato Chips
634,2026-02-16,Sparkling Water
634,2026-02-16,Steak
635,2026-04-18,Apples
635,2026-04-18,Baby Food
635,2026-04-18,Baby Wipes
635,2026-04-18,Beer
635,2026-04-18,Bread
635,2026-04-18,Burger Buns
635,2026-04-18,Butter
635,2026-04-18,Diapers
635,2026-04-18,Eggs
635,2026-04-18,Ketchup
635,2026-04-18,Paper Towels
635,2026-04-18,Reusable Bag
636,2026-01-11,Bread
636,2026-01-11,Cereal
636,2026-01-11,Coffee
636,2026-01-11,Orange Juice
636,2026-01-11,Red Wine
636,2026-01-11,Reusable Bag
637,2026-12-31,Apples
637,2026-12-31,Bread
637,2026-12-31,Cucumber
637,2026-12-31,Lettuce
637,2026-12-31,Orange Juice
637,2026-12-31,Pasta
637,2026-12-31,Reusable Bag
638,2026-03-21,2% Milk
638,2026-03-21,Bananas
638,2026-03-21,Cheddar
638,2026-03-21,Coffee
638,2026-03-21,Croissants
638,2026-03-21,Onions
638,2026-03-21,Reusable Bag
638,2026-03-21,Tomato Sauce
638,2026-03-21,Whole Milk
638,2026-03-21,Yogurt
639,2026-05-05,Cereal
639,2026-05-05,Cucumber
639,2026-05-05,Lettuce
639,2026-05-05,Yogurt
640,2026-10-14,2% Milk
640,2026-10-14,Coffee
640,2026-10-14,Croissants
640,2026-10-14,Ketchup
640,2026-10-14,Onions
640,2026-10-14,Reusable Bag
641,2026-09-10,Garlic
641,2026-09-10,Parmesan
641,2026-09-10,Pasta
641,2026-09-10,Reusable Bag
641,2026-09-10,Rice
641,2026-09-10,Sparkling Water
641,2026-09-10,Tomato Sauce
642,2026-11-12,Apples
642,2026-11-12,Carrots
642,2026-11-12,Coffee
642,2026-11-12,Eggs
642,2026-11-12,Orange Juice
642,2026-11-12,Whole Milk
643,2026-12-16,Bananas
643,2026-12-16,Cereal
643,2026-12-16,Parmesan
643,2026-12-16,Pasta
643,2026-12-16,Red Wine
643,2026-12-16,Reusable Bag
643,2026-12-16,Tomato Sauce
644,2026-06-29,Burger Buns
644,2026-06-29,Charcoal
644,2026-06-29,Chocolate
644,2026-06-29,Eggs
644,2026-06-29,Ketchup
644,2026-06-29,Reusable Bag
644,2026-06-29,Steak
645,2026-11-26,Bread
645,2026-11-26,Coffee
645,2026-11-26,Ketchup
645,2026-11-26,Potato Chips
645,2026-11-26,Reusable Bag
646,2026-05-12,Apples
646,2026-05-12,Carrots
646,2026-05-12,Cereal
646,2026-05-12,Onions
646,2026-05-12,Pasta
646,2026-05-12,Red Wine
646,2026-05-12,Tea
646,2026-05-12,Tomato Sauce
647,2026-12-24,Beer
647,2026-12-24,Burger Buns
647,2026-12-24,Charcoal
647,2026-12-24,Croissants
647,2026-12-24,Ketchup
647,2026-12-24,Reusable Bag
647,2026-12-24,Rice
647,2026-12-24,Steak
647,2026-12-24,Yogurt
648,2026-11-30,Baby Food
648,2026-11-30,Baby Wipes
648,2026-11-30,Bananas
648,2026-11-30,Beer
648,2026-11-30,Diapers
648,2026-11-30,Paper Towels
648,2026-11-30,Reusable Bag
648,2026-11-30,Rice
648,2026-11-30,Yogurt
649,2026-06-19,Garlic
649,2026-06-19,Orange Juice
649,2026-06-19,Pasta
649,2026-06-19,Red Wine
649,2026-06-19,Reusable Bag
649,2026-06-19,Rice
649,2026-06-19,Tomato Sauce
650,2026-01-07,Bananas
650,2026-01-07,Bread
650,2026-01-07,Charcoal
650,2026-01-07,Lettuce
650,2026-01-07,Reusable Bag
650,2026-01-07,Whole Milk
651,2026-07-24,Bananas
651,2026-07-24,Bread
651,2026-07-24,Lettuce
652,2026-02-02,Cheddar
652,2026-02-02,Coffee
652,2026-02-02,Croissants
652,2026-02-02,Frozen Pizza
652,2026-02-02,Onions
652,2026-02-02,Orange Juice
652,2026-02-02,Reusable Bag
652,2026-02-02,Whole Milk
653,2026-05-30,Baby Wipes
653,2026-05-30,Bananas
653,2026-05-30,Beer
653,2026-05-30,Burger Buns
653,2026-05-30,Charcoal
653,2026-05-30,Eggs
653,2026-05-30,Ketchup
653,2026-05-30,Potato Chips
653,2026-05-30,Reusable Bag
653,2026-05-30,Whole Milk
653,2026-05-30,Yogurt
654,2026-08-03,Chicken Breast
654,2026-08-03,Pasta
654,2026-08-03,Reusable Bag
654,2026-08-03,Tomato Sauce
655,2026-12-25,Bananas
655,2026-12-25,Burger Buns
655,2026-12-25,Butter
655,2026-12-25,Charcoal
655,2026-12-25,Ketchup
655,2026-12-25,Onions
655,2026-12-25,Paper Towels
655,2026-12-25,Reusable Bag
655,2026-12-25,Rice
655,2026-12-25,Steak
656,2026-12-08,Bread
656,2026-12-08,Charcoal
656,2026-12-08,Chocolate
656,2026-12-08,Onions
657,2026-05-10,Carrots
657,2026-05-10,Coffee
657,2026-05-10,Eggs
657,2026-05-10,Orange Juice
657,2026-05-10,Reusable Bag
658,2026-10-14,Apples
658,2026-10-14,Coffee
658,2026-10-14,Frozen Pizza
658,2026-10-14,Whole Milk
659,2026-04-03,Bread
659,2026-04-03,Carrots
659,2026-04-03,Cheddar
659,2026-04-03,Chicken Breast
659,2026-04-03,Pasta
659,2026-04-03,Red Wine
659,2026-04-03,Tomato Sauce
659,2026-04-03,Yogurt
660,2026-04-18,Bananas
660,2026-04-18,Beer
660,2026-04-18,Burger Buns
660,2026-04-18,Butter
660,2026-04-18,Cereal
660,2026-04-18,Cucumber
660,2026-04-18,Eggs
660,2026-04-18,Lettuce
660,2026-04-18,Orange Juice
660,2026-04-18,Reusable Bag
661,2026-04-03,Baby Food
661,2026-04-03,Baby Wipes
661,2026-04-03,Butter
661,2026-04-03,Diapers
661,2026-04-03,Eggs
661,2026-04-03,Reusable Bag
662,2026-11-11,Charcoal
662,2026-11-11,Eggs
662,2026-11-11,Frozen Pizza
662,2026-11-11,Pasta
662,2026-11-11,Reusable Bag
662,2026-11-11,Sparkling Water
662,2026-11-11,Tomatoes
662,2026-11-11,Yogurt
663,2026-01-12,2% Milk
663,2026-01-12,Croissants
663,2026-01-12,Pasta
663,2026-01-12,Tomato Sauce
664,2026-12-06,Baby Food
664,2026-12-06,Bread
664,2026-12-06,Butter
664,2026-12-06,Charcoal
664,2026-12-06,Diapers
664,2026-12-06,Frozen Pizza
664,2026-12-06,Lettuce
664,2026-12-06,Orange Juice
664,2026-12-06,Reusable Bag
664,2026-12-06,Sparkling Water
665,2026-04-24,Beer
665,2026-04-24,Burger Buns
665,2026-04-24,Cereal
665,2026-04-24,Charcoal
665,2026-04-24,Paper Towels
665,2026-04-24,Reusable Bag
665,2026-04-24,Sparkling Water
665,2026-04-24,Steak
666,2026-01-09,Apples
666,2026-01-09,Beer
666,2026-01-09,Bread
666,2026-01-09,Burger Buns
666,2026-01-09,Charcoal
666,2026-01-09,Dish Soap
666,2026-01-09,Onions
666,2026-01-09,Reusable Bag
666,2026-01-09,Steak
666,2026-01-09,Yogurt
667,2026-01-21,Reusable Bag
667,2026-01-21,Tea
668,2026-10-27,Beer
668,2026-10-27,Burger Buns
668,2026-10-27,Charcoal
668,2026-10-27,Chicken Breast
668,2026-10-27,Ketchup
668,2026-10-27,Reusable Bag
668,2026-10-27,Steak
669,2026-10-16,Carrots
669,2026-10-16,Chocolate
669,2026-10-16,Cucumber
669,2026-10-16,Lettuce
669,2026-10-16,Reusable Bag
669,2026-10-16,Rice
669,2026-10-16,Tomatoes
669,2026-10-16,Yogurt
670,2026-12-26,2% Milk
670,2026-12-26,Baby Wipes
670,2026-12-26,Beer
670,2026-12-26,Diapers
670,2026-12-26,Dish Soap
670,2026-12-26,Eggs
670,2026-12-26,Reusable Bag
671,2026-10-08,Baby Food
671,2026-10-08,Baby Wipes
671,2026-10-08,Bread
671,2026-10-08,Carrots
671,2026-10-08,Chicken Breast
671,2026-10-08,Diapers
671,2026-10-08,Frozen Pizza
671,2026-10-08,Onions
671,2026-10-08,Reusable Bag
672,2026-12-28,2% Milk
672,2026-12-28,Burger Buns
672,2026-12-28,Coffee
672,2026-12-28,Onions
672,2026-12-28,Potato Chips
672,2026-12-28,Reusable Bag
672,2026-12-28,Whole Milk
673,2026-06-05,Bananas
673,2026-06-05,Carrots
673,2026-06-05,Garlic
673,2026-06-05,Onions
673,2026-06-05,Parmesan
673,2026-06-05,Pasta
673,2026-06-05,Reusable Bag
673,2026-06-05,Steak
673,2026-06-05,Tomato Sauce
673,2026-06-05,Whole Milk
674,2026-07-29,Eggs
674,2026-07-29,Parmesan
674,2026-07-29,Pasta
674,2026-07-29,Red Wine
674,2026-07-29,Reusable Bag
674,2026-07-29,Tomato Sauce
675,2026-07-01,Eggs
675,2026-07-01,Ketchup
675,2026-07-01,Olive Oil
675,2026-07-01,Reusable Bag
675,2026-07-01,Sparkling Water
675,2026-07-01,Tomatoes
676,2026-09-26,Dish Soap
676,2026-09-26,Eggs
676,2026-09-26,Onions
676,2026-09-26,Paper Towels
676,2026-09-26,Reusable Bag
676,2026-09-26,Rice
677,2026-02-22,Bread
677,2026-02-22,Chicken Breast
677,2026-02-22,Pasta
677,2026-02-22,Red Wine
677,2026-02-22,Reusable Bag
677,2026-02-22,Tomato Sauce
678,2026-12-03,Beer
678,2026-12-03,Bread
678,2026-12-03,Charcoal
678,2026-12-03,Coffee
678,2026-12-03,Croissants
678,2026-12-03,Ketchup
678,2026-12-03,Reusable Bag
678,2026-12-03,Steak
679,2026-11-12,Bananas
679,2026-11-12,Coffee
679,2026-11-12,Orange Juice
679,2026-11-12,Reusable Bag
680,2026-02-17,Baby Wipes
680,2026-02-17,Charcoal
680,2026-02-17,Cheddar
680,2026-02-17,Coffee
680,2026-02-17,Croissants
680,2026-02-17,Diapers
680,2026-02-17,Orange Juice
680,2026-02-17,Rice
680,2026-02-17,Sparkling Water
680,2026-02-17,Whole Milk
681,2026-03-24,2% Milk
681,2026-03-24,Bananas
681,2026-03-24,Beer
681,2026-03-24,Charcoal
681,2026-03-24,Eggs
681,2026-03-24,Ketchup
681,2026-03-24,Potato Chips
681,2026-03-24,Reusable Bag
681,2026-03-24,Steak
682,2026-09-11,Carrots
682,2026-09-11,Onions
682,2026-09-11,Reusable Bag
682,2026-09-11,Yogurt
683,2026-01-01,Baby Food
683,2026-01-01,Bread
683,2026-01-01,Burger Buns
683,2026-01-01,Chicken Breast
683,2026-01-01,Dish Soap
683,2026-01-01,Lettuce
683,2026-01-01,Orange Juice
683,2026-01-01,Reusable Bag
683,2026-01-01,Tomatoes
684,2026-11-27,Butter
684,2026-11-27,Coffee
684,2026-11-27,Cucumber
684,2026-11-27,Ketchup
684,2026-11-27,Lettuce
684,2026-11-27,Reusable Bag
684,2026-11-27,Tomatoes
685,2026-10-20,Cucumber
685,2026-10-20,Lettuce
685,2026-10-20,Olive Oil
685,2026-10-20,Parmesan
685,2026-10-20,Reusable Bag
685,2026-10-20,Rice
685,2026-10-20,Tomato Sauce
686,2026-06-21,Apples
686,2026-06-21,Cheddar
686,2026-06-21,Chicken Breast
686,2026-06-21,Coffee
686,2026-06-21,Croissants
686,2026-06-21,Dish Soap
686,2026-06-21,Orange Juice
686,2026-06-21,Reusable Bag
686,2026-06-21,Tea
686,2026-06-21,Whole Milk
687,2026-08-16,Cucumber
687,2026-08-16,Dish Soap
687,2026-08-16,Ketchup
687,2026-08-16,Potato Chips
687,2026-08-16,Reusable Bag
687,2026-08-16,Steak
688,2026-08-09,Baby Food
688,2026-08-09,Baby Wipes
688,2026-08-09,Beer
688,2026-08-09,Bread
688,2026-08-09,Burger Buns
688,2026-08-09,Carrots
688,2026-08-09,Charcoal
688,2026-08-09,Eggs
688,2026-08-09,Frozen Pizza
688,2026-08-09,Ketchup
688,2026-08-09,Reusable Bag
688,2026-08-09,Sparkling Water
688,2026-08-09,Steak
689,2026-11-04,Cucumber
689,2026-11-04,Eggs
689,2026-11-04,Lettuce
689,2026-11-04,Olive Oil
689,2026-11-04,Orange Juice
689,2026-11-04,Reusable Bag
690,2026-10-26,Bread
690,2026-10-26,Cheddar
690,2026-10-26,Coffee
690,2026-10-26,Croissants
690,2026-10-26,Diapers
690,2026-10-26,Onions
690,2026-10-26,Orange Juice
690,2026-10-26,Reusable Bag
690,2026-10-26,Sparkling Water
690,2026-10-26,Steak
690,2026-10-26,Whole Milk
691,2026-11-06,2% Milk
691,2026-11-06,Bananas
691,2026-11-06,Cucumber
691,2026-11-06,Lettuce
691,2026-11-06,Potato Chips
692,2026-05-16,2% Milk
692,2026-05-16,Bread
692,2026-05-16,Cheddar
692,2026-05-16,Cucumber
692,2026-05-16,Lettuce
692,2026-05-16,Onions
692,2026-05-16,Reusable Bag
692,2026-05-16,Rice
693,2026-02-07,Apples
693,2026-02-07,Bananas
693,2026-02-07,Bread
693,2026-02-07,Croissants
693,2026-02-07,Garlic
693,2026-02-07,Orange Juice
693,2026-02-07,Parmesan
693,2026-02-07,Pasta
693,2026-02-07,Red Wine
693,2026-02-07,Reusable Bag
693,2026-02-07,Tomato Sauce
693,2026-02-07,Yogurt
694,2026-01-31,Baby Wipes
694,2026-01-31,Beer
694,2026-01-31,Diapers
694,2026-01-31,Onions
694,2026-01-31,Potato Chips
694,2026-01-31,Reusable Bag
695,2026-04-17,Apples
695,2026-04-17,Baby Wipes
695,2026-04-17,Bread
695,2026-04-17,Cheddar
695,2026-04-17,Dish Soap
695,2026-04-17,Parmesan
695,2026-04-17,Pasta
695,2026-04-17,Reusable Bag
695,2026-04-17,Tea
695,2026-04-17,Tomato Sauce
696,2026-08-25,Apples
696,2026-08-25,Butter
696,2026-08-25,Carrots
696,2026-08-25,Cucumber
696,2026-08-25,Ketchup
696,2026-08-25,Lettuce
696,2026-08-25,Olive Oil
696,2026-08-25,Pasta
696,2026-08-25,Potato Chips
696,2026-08-25,Reusable Bag
697,2026-05-30,Bread
697,2026-05-30,Onions
697,2026-05-30,Paper Towels
697,2026-05-30,Reusable Bag
697,2026-05-30,Yogurt
698,2026-02-03,Cereal
698,2026-02-03,Cheddar
698,2026-02-03,Coffee
698,2026-02-03,Croissants
698,2026-02-03,Garlic
698,2026-02-03,Orange Juice
698,2026-02-03,Tea
698,2026-02-03,Whole Milk
699,2026-06-23,Beer
699,2026-06-23,Bread
699,2026-06-23,Burger Buns
699,2026-06-23,Charcoal
699,2026-06-23,Ketchup
699,2026-06-23,Reusable Bag
699,2026-06-23,Steak
700,2026-06-11,Chocolate
700,2026-06-11,Coffee
700,2026-06-11,Croissants
700,2026-06-11,Paper Towels
700,2026-06-11,Potato Chips
700,2026-06-11,Whole Milk
701,2026-05-24,Chocolate
701,2026-05-24,Coffee
701,2026-05-24,Orange Juice
701,2026-05-24,Reusable Bag
701,2026-05-24,Sparkling Water
701,2026-05-24,Tea
701,2026-05-24,Yogurt
702,2026-01-20,Carrots
702,2026-01-20,Garlic
702,2026-01-20,Parmesan
702,2026-01-20,Pasta
702,2026-01-20,Red Wine
702,2026-01-20,Reusable Bag
702,2026-01-20,Tomato Sauce
703,2026-07-29,2% Milk
703,2026-07-29,Cereal
703,2026-07-29,Chocolate
703,2026-07-29,Paper Towels
703,2026-07-29,Reusable Bag
703,2026-07-29,Steak
703,2026-07-29,Yogurt
704,2026-01-01,Butter
704,2026-01-01,Lettuce
704,2026-01-01,Olive Oil
704,2026-01-01,Potato Chips
704,2026-01-01,Reusable Bag
704,2026-01-01,Sparkling Water
705,2026-07-02,Baby Food
705,2026-07-02,Cereal
705,2026-07-02,Cheddar
705,2026-07-02,Coffee
705,2026-07-02,Croissants
705,2026-07-02,Ketchup
705,2026-07-02,Orange Juice
705,2026-07-02,Reusable Bag
705,2026-07-02,Whole Milk
706,2026-05-17,2% Milk
706,2026-05-17,Baby Wipes
706,2026-05-17,Burger Buns
706,2026-05-17,Charcoal
706,2026-05-17,Ketchup
706,2026-05-17,Lettuce
706,2026-05-17,Reusable Bag
706,2026-05-17,Steak
707,2026-02-09,2% Milk
707,2026-02-09,Coffee
707,2026-02-09,Croissants
707,2026-02-09,Onions
707,2026-02-09,Orange Juice
707,2026-02-09,Whole Milk
708,2026-08-18,Bananas
708,2026-08-18,Cheddar
708,2026-08-18,Lettuce
708,2026-08-18,Olive Oil
708,2026-08-18,Reusable Bag
708,2026-08-18,Rice
708,2026-08-18,Tomatoes
709,2026-05-07,Carrots
709,2026-05-07,Charcoal
709,2026-05-07,Cheddar
709,2026-05-07,Coffee
709,2026-05-07,Dish Soap
709,2026-05-07,Ketchup
709,2026-05-07,Parmesan
709,2026-05-07,Reusable Bag
709,2026-05-07,Steak
710,2026-06-01,2% Milk
710,2026-06-01,Baby Food
710,2026-06-01,Baby Wipes
710,2026-06-01,Beer
710,2026-06-01,Butter
710,2026-06-01,Carrots
710,2026-06-01,Diapers
710,2026-06-01,Eggs
710,2026-06-01,Reusable Bag
710,2026-06-01,Yogurt
711,2026-05-25,Garlic
711,2026-05-25,Onions
711,2026-05-25,Pasta
711,2026-05-25,Red Wine
711,2026-05-25,Tomato Sauce
712,2026-09-12,Bananas
712,2026-09-12,Lettuce
712,2026-09-12,Reusable Bag
712,2026-09-12,Tomatoes
713,2026-11-28,Coffee
713,2026-11-28,Eggs
713,2026-11-28,Onions
713,2026-11-28,Reusable Bag
713,2026-11-28,Tomato Sauce
714,2026-03-16,2% Milk
714,2026-03-16,Cucumber
714,2026-03-16,Eggs
714,2026-03-16,Garlic
714,2026-03-16,Parmesan
714,2026-03-16,Pasta
714,2026-03-16,Potato Chips
714,2026-03-16,Red Wine
714,2026-03-16,Reusable Bag
714,2026-03-16,Tomato Sauce
714,2026-03-16,Whole Milk
715,2026-12-26,Bread
715,2026-12-26,Butter
715,2026-12-26,Garlic
715,2026-12-26,Parmesan
715,2026-12-26,Pasta
715,2026-12-26,Red Wine
715,2026-12-26,Reusable Bag
715,2026-12-26,Tomato Sauce
716,2026-05-10,Apples
716,2026-05-10,Chicken Breast
716,2026-05-10,Onions
716,2026-05-10,Reusable Bag
717,2026-05-10,Coffee
717,2026-05-10,Croissants
717,2026-05-10,Orange Juice
717,2026-05-10,Reusable Bag
717,2026-05-10,Rice
717,2026-05-10,Whole Milk
718,2026-09-21,2% Milk
718,2026-09-21,Apples
718,2026-09-21,Carrots
718,2026-09-21,Diapers
718,2026-09-21,Potato Chips
718,2026-09-21,Reusable Bag
719,2026-09-01,Beer
719,2026-09-01,Burger Buns
719,2026-09-01,Charcoal
719,2026-09-01,Coffee
719,2026-09-01,Dish Soap
719,2026-09-01,Parmesan
720,2026-10-09,Bread
720,2026-10-09,Chicken Breast
720,2026-10-09,Reusable Bag
721,2026-03-20,Apples
721,2026-03-20,Cheddar
721,2026-03-20,Chicken Breast
721,2026-03-20,Garlic
721,2026-03-20,Ketchup
721,2026-03-20,Parmesan
721,2026-03-20,Pasta
721,2026-03-20,Reusable Bag
721,2026-03-20,Tomato Sauce
722,2026-07-07,Bread
722,2026-07-07,Cheddar
722,2026-07-07,Chocolate
722,2026-07-07,Dish Soap
722,2026-07-07,Reusable Bag
723,2026-04-06,Apples
723,2026-04-06,Chicken Breast
723,2026-04-06,Croissants
723,2026-04-06,Garlic
723,2026-04-06,Pasta
723,2026-04-06,Steak
723,2026-04-06,Tomato Sauce
724,2026-01-08,Baby Food
724,2026-01-08,Baby Wipes
724,2026-01-08,Bananas
724,2026-01-08,Chicken Breast
724,2026-01-08,Diapers
724,2026-01-08,Lettuce
724,2026-01-08,Reusable Bag
724,2026-01-08,Sparkling Water
725,2026-12-29,Apples
725,2026-12-29,Bread
725,2026-12-29,Carrots
725,2026-12-29,Coffee
725,2026-12-29,Parmesan
725,2026-12-29,Pasta
725,2026-12-29,Red Wine
725,2026-12-29,Tomatoes
726,2026-09-21,Baby Wipes
726,2026-09-21,Beer
726,2026-09-21,Burger Buns
726,2026-09-21,Diapers
726,2026-09-21,Dish Soap
726,2026-09-21,Eggs
726,2026-09-21,Potato Chips
726,2026-09-21,Reusable Bag
726,2026-09-21,Sparkling Water
726,2026-09-21,Tomatoes
726,2026-09-21,Yogurt
727,2026-06-03,Apples
727,2026-06-03,Bread
727,2026-06-03,Eggs
727,2026-06-03,Reusable Bag
727,2026-06-03,Sparkling Water
728,2026-06-27,Bananas
728,2026-06-27,Bread
728,2026-06-27,Chocolate
728,2026-06-27,Coffee
728,2026-06-27,Frozen Pizza
728,2026-06-27,Parmesan
728,2026-06-27,Potato Chips
728,2026-06-27,Whole Milk
729,2026-08-27,2% Milk
729,2026-08-27,Burger Buns
729,2026-08-27,Charcoal
729,2026-08-27,Chicken Breast
729,2026-08-27,Ketchup
729,2026-08-27,Reusable Bag
729,2026-08-27,Rice
729,2026-08-27,Steak
730,2026-10-27,Butter
730,2026-10-27,Cucumber
730,2026-10-27,Lettuce
730,2026-10-27,Pasta
730,2026-10-27,Reusable Bag
730,2026-10-27,Tomatoes
730,2026-10-27,Yogurt
731,2026-04-16,Bananas
731,2026-04-16,Burger Buns
731,2026-04-16,Charcoal
731,2026-04-16,Reusable Bag
731,2026-04-16,Steak
732,2026-08-13,Bananas
732,2026-08-13,Butter
732,2026-08-13,Olive Oil
732,2026-08-13,Onions
732,2026-08-13,Orange Juice
732,2026-08-13,Reusable Bag
732,2026-08-13,Sparkling Water
732,2026-08-13,Tea
733,2026-02-19,2% Milk
733,2026-02-19,Bread
733,2026-02-19,Carrots
733,2026-02-19,Reusable Bag
733,2026-02-19,Yogurt
734,2026-07-01,Bananas
734,2026-07-01,Chicken Breast
734,2026-07-01,Reusable Bag
734,2026-07-01,Yogurt
735,2026-01-18,Burger Buns
735,2026-01-18,Butter
735,2026-01-18,Charcoal
735,2026-01-18,Cheddar
735,2026-01-18,Chocolate
735,2026-01-18,Dish Soap
735,2026-01-18,Reusable Bag
735,2026-01-18,Steak
736,2026-10-28,Apples
736,2026-10-28,Cucumber
736,2026-10-28,Lettuce
736,2026-10-28,Reusable Bag
736,2026-10-28,Tomatoes
737,2026-12-02,Butter
737,2026-12-02,Charcoal
737,2026-12-02,Potato Chips
737,2026-12-02,Rice
737,2026-12-02,Steak
738,2026-09-11,Apples
738,2026-09-11,Bananas
738,2026-09-11,Carrots
738,2026-09-11,Olive Oil
738,2026-09-11,Reusable Bag
739,2026-09-15,Charcoal
739,2026-09-15,Cheddar
739,2026-09-15,Reusable Bag
739,2026-09-15,Steak
740,2026-02-11,Garlic
740,2026-02-11,Orange Juice
740,2026-02-11,Paper Towels
740,2026-02-11,Parmesan
740,2026-02-11,Pasta
740,2026-02-11,Red Wine
740,2026-02-11,Reusable Bag
740,2026-02-11,Tomato Sauce
740,2026-02-11,Whole Milk
740,2026-02-11,Yogurt
741,2026-11-24,Beer
741,2026-11-24,Burger Buns
741,2026-11-24,Charcoal
741,2026-11-24,Coffee
741,2026-11-24,Eggs
741,2026-11-24,Ketchup
741,2026-11-24,Olive Oil
741,2026-11-24,Orange Juice
741,2026-11-24,Reusable Bag
741,2026-11-24,Steak
742,2026-03-25,Beer
742,2026-03-25,Cereal
742,2026-03-25,Cheddar
742,2026-03-25,Coffee
742,2026-03-25,Croissants
742,2026-03-25,Eggs
742,2026-03-25,Frozen Pizza
742,2026-03-25,Lettuce
742,2026-03-25,Orange Juice
742,2026-03-25,Reusable Bag
742,2026-03-25,Sparkling Water
742,2026-03-25,Whole Milk
743,2026-12-28,Bananas
743,2026-12-28,Burger Buns
743,2026-12-28,Charcoal
743,2026-12-28,Ketchup
743,2026-12-28,Reusable Bag
743,2026-12-28,Tea
744,2026-05-06,Beer
744,2026-05-06,Burger Buns
744,2026-05-06,Charcoal
744,2026-05-06,Eggs
744,2026-05-06,Ketchup
744,2026-05-06,Reusable Bag
744,2026-05-06,Sparkling Water
745,2026-05-02,2% Milk
745,2026-05-02,Cucumber
745,2026-05-02,Lettuce
745,2026-05-02,Olive Oil
745,2026-05-02,Reusable Bag
745,2026-05-02,Tomatoes
746,2026-05-01,Bananas
746,2026-05-01,Burger Buns
746,2026-05-01,Charcoal
746,2026-05-01,Reusable Bag
747,2026-07-13,Carrots
747,2026-07-13,Cereal
747,2026-07-13,Cucumber
747,2026-07-13,Parmesan
747,2026-07-13,Pasta
747,2026-07-13,Potato Chips
747,2026-07-13,Reusable Bag
747,2026-07-13,Tomato Sauce
747,2026-07-13,Yogurt
748,2026-11-19,Cereal
748,2026-11-19,Chocolate
748,2026-11-19,Cucumber
748,2026-11-19,Dish Soap
748,2026-11-19,Lettuce
748,2026-11-19,Olive Oil
748,2026-11-19,Reusable Bag
748,2026-11-19,Tomatoes
749,2026-08-26,Coffee
749,2026-08-26,Croissants
749,2026-08-26,Dish Soap
749,2026-08-26,Reusable Bag
749,2026-08-26,Whole Milk
750,2026-10-02,Apples
750,2026-10-02,Bananas
750,2026-10-02,Bread
750,2026-10-02,Butter
750,2026-10-02,Coffee
750,2026-10-02,Croissants
750,2026-10-02,Garlic
750,2026-10-02,Orange Juice
750,2026-10-02,Tomatoes
750,2026-10-02,Whole Milk
751,2026-12-12,2% Milk
751,2026-12-12,Bananas
751,2026-12-12,Bread
751,2026-12-12,Chicken Breast
751,2026-12-12,Coffee
751,2026-12-12,Frozen Pizza
751,2026-12-12,Reusable Bag
751,2026-12-12,Steak
751,2026-12-12,Tomatoes
752,2026-01-18,Bread
752,2026-01-18,Dish Soap
752,2026-01-18,Pasta
752,2026-01-18,Reusable Bag
753,2026-06-01,2% Milk
753,2026-06-01,Baby Food
753,2026-06-01,Burger Buns
753,2026-06-01,Cheddar
753,2026-06-01,Pasta
753,2026-06-01,Reusable Bag
753,2026-06-01,Tomato Sauce
754,2026-01-22,2% Milk
754,2026-01-22,Coffee
754,2026-01-22,Croissants
754,2026-01-22,Onions
754,2026-01-22,Reusable Bag
754,2026-01-22,Rice
754,2026-01-22,Sparkling Water
755,2026-06-11,2% Milk
755,2026-06-11,Coffee
755,2026-06-11,Ketchup
755,2026-06-11,Reusable Bag
755,2026-06-11,Tomato Sauce
756,2026-02-02,Apples
756,2026-02-02,Bananas
756,2026-02-02,Coffee
756,2026-02-02,Eggs
756,2026-02-02,Orange Juice
756,2026-02-02,Reusable Bag
756,2026-02-02,Rice
756,2026-02-02,Sparkling Water
757,2026-08-27,Diapers
757,2026-08-27,Lettuce
757,2026-08-27,Potato Chips
757,2026-08-27,Reusable Bag
757,2026-08-27,Rice
758,2026-09-14,2% Milk
758,2026-09-14,Coffee
758,2026-09-14,Croissants
758,2026-09-14,Frozen Pizza
758,2026-09-14,Ketchup
758,2026-09-14,Potato Chips
758,2026-09-14,Tomatoes
758,2026-09-14,Whole Milk
759,2026-08-24,Bread
759,2026-08-24,Garlic
759,2026-08-24,Parmesan
759,2026-08-24,Pasta
759,2026-08-24,Red Wine
759,2026-08-24,Tomato Sauce
760,2026-06-10,Carrots
760,2026-06-10,Charcoal
760,2026-06-10,Paper Towels
760,2026-06-10,Pasta
760,2026-06-10,Reusable Bag
760,2026-06-10,Steak
761,2026-08-24,Butter
761,2026-08-24,Potato Chips
761,2026-08-24,Reusable Bag
762,2026-12-03,Bananas
762,2026-12-03,Butter
762,2026-12-03,Frozen Pizza
762,2026-12-03,Garlic
762,2026-12-03,Parmesan
762,2026-12-03,Pasta
762,2026-12-03,Red Wine
762,2026-12-03,Reusable Bag
762,2026-12-03,Sparkling Water
763,2026-01-23,Baby Wipes
763,2026-01-23,Butter
763,2026-01-23,Cheddar
763,2026-01-23,Chocolate
763,2026-01-23,Coffee
763,2026-01-23,Cucumber
763,2026-01-23,Lettuce
763,2026-01-23,Onions
763,2026-01-23,Reusable Bag
763,2026-01-23,Yogurt
764,2026-11-04,Apples
765,2026-10-04,Beer
765,2026-10-04,Burger Buns
765,2026-10-04,Charcoal
765,2026-10-04,Chicken Breast
765,2026-10-04,Onions
765,2026-10-04,Paper Towels
765,2026-10-04,Pasta
765,2026-10-04,Potato Chips
765,2026-10-04,Reusable Bag
765,2026-10-04,Steak
765,2026-10-04,Tomatoes
766,2026-08-27,Apples
766,2026-08-27,Bananas
766,2026-08-27,Beer
766,2026-08-27,Burger Buns
766,2026-08-27,Cereal
766,2026-08-27,Charcoal
766,2026-08-27,Chocolate
766,2026-08-27,Ketchup
766,2026-08-27,Olive Oil
766,2026-08-27,Parmesan
766,2026-08-27,Potato Chips
766,2026-08-27,Steak
767,2026-01-16,2% Milk
767,2026-01-16,Baby Food
767,2026-01-16,Baby Wipes
767,2026-01-16,Bananas
767,2026-01-16,Cucumber
767,2026-01-16,Diapers
767,2026-01-16,Reusable Bag
768,2026-06-18,Baby Food
768,2026-06-18,Beer
768,2026-06-18,Carrots
768,2026-06-18,Cereal
768,2026-06-18,Diapers
768,2026-06-18,Paper Towels
768,2026-06-18,Reusable Bag
768,2026-06-18,Yogurt
769,2026-03-13,2% Milk
769,2026-03-13,Beer
769,2026-03-13,Bread
769,2026-03-13,Burger Buns
769,2026-03-13,Charcoal
769,2026-03-13,Chocolate
769,2026-03-13,Ketchup
769,2026-03-13,Reusable Bag
769,2026-03-13,Steak
770,2026-04-17,2% Milk
770,2026-04-17,Dish Soap
770,2026-04-17,Reusable Bag
771,2026-05-05,Beer
771,2026-05-05,Burger Buns
771,2026-05-05,Carrots
771,2026-05-05,Charcoal
771,2026-05-05,Chicken Breast
771,2026-05-05,Eggs
771,2026-05-05,Ketchup
771,2026-05-05,Onions
771,2026-05-05,Reusable Bag
771,2026-05-05,Steak
771,2026-05-05,Tomato Sauce
772,2026-03-04,Apples
772,2026-03-04,Bananas
772,2026-03-04,Cucumber
772,2026-03-04,Lettuce
772,2026-03-04,Olive Oil
772,2026-03-04,Reusable Bag
772,2026-03-04,Tomatoes
773,2026-10-29,Apples
773,2026-10-29,Carrots
773,2026-10-29,Garlic
773,2026-10-29,Parmesan
773,2026-10-29,Pasta
773,2026-10-29,Red Wine
773,2026-10-29,Reusable Bag
773,2026-10-29,Sparkling Water
773,2026-10-29,Tomato Sauce
774,2026-06-23,Chicken Breast
774,2026-06-23,Reusable Bag
775,2026-02-17,Baby Food
775,2026-02-17,Beer
775,2026-02-17,Bread
775,2026-02-17,Chicken Breast
775,2026-02-17,Croissants
775,2026-02-17,Diapers
775,2026-02-17,Dish Soap
775,2026-02-17,Eggs
775,2026-02-17,Reusable Bag
776,2026-09-22,Carrots
776,2026-09-22,Chocolate
776,2026-09-22,Lettuce
776,2026-09-22,Onions
776,2026-09-22,Potato Chips
776,2026-09-22,Reusable Bag
776,2026-09-22,Tea
776,2026-09-22,Tomatoes
777,2026-05-15,Apples
777,2026-05-15,Lettuce
777,2026-05-15,Reusable Bag
777,2026-05-15,Tomatoes
778,2026-01-13,Cucumber
778,2026-01-13,Lettuce
778,2026-01-13,Reusable Bag
778,2026-01-13,Yogurt
779,2026-06-29,Beer
779,2026-06-29,Bread
779,2026-06-29,Chocolate
779,2026-06-29,Diapers
779,2026-06-29,Garlic
779,2026-06-29,Parmesan
779,2026-06-29,Pasta
779,2026-06-29,Reusable Bag
779,2026-06-29,Tomato Sauce
780,2026-10-25,Baby Wipes
780,2026-10-25,Beer
780,2026-10-25,Cheddar
780,2026-10-25,Chicken Breast
780,2026-10-25,Chocolate
780,2026-10-25,Diapers
780,2026-10-25,Frozen Pizza
780,2026-10-25,Reusable Bag
780,2026-10-25,Yogurt
781,2026-01-11,Baby Wipes
781,2026-01-11,Beer
781,2026-01-11,Carrots
781,2026-01-11,Chocolate
781,2026-01-11,Cucumber
781,2026-01-11,Lettuce
781,2026-01-11,Olive Oil
781,2026-01-11,Reusable Bag
781,2026-01-11,Rice
781,2026-01-11,Tomatoes
782,2026-11-30,2% Milk
782,2026-11-30,Bananas
782,2026-11-30,Burger Buns
782,2026-11-30,Lettuce
782,2026-11-30,Olive Oil
782,2026-11-30,Onions
782,2026-11-30,Orange Juice
782,2026-11-30,Reusable Bag
782,2026-11-30,Rice
782,2026-11-30,Tea
782,2026-11-30,Tomatoes
783,2026-07-02,Bread
783,2026-07-02,Butter
783,2026-07-02,Coffee
783,2026-07-02,Diapers
783,2026-07-02,Frozen Pizza
783,2026-07-02,Orange Juice
783,2026-07-02,Reusable Bag
783,2026-07-02,Steak
784,2026-05-14,Cucumber
784,2026-05-14,Lettuce
784,2026-05-14,Reusable Bag
784,2026-05-14,Sparkling Water
784,2026-05-14,Tomatoes
785,2026-04-01,Bananas
785,2026-04-01,Beer
785,2026-04-01,Bread
785,2026-04-01,Burger Buns
785,2026-04-01,Butter
785,2026-04-01,Charcoal
785,2026-04-01,Coffee
785,2026-04-01,Eggs
785,2026-04-01,Ketchup
785,2026-04-01,Red Wine
785,2026-04-01,Reusable Bag
785,2026-04-01,Steak
786,2026-12-07,Baby Food
786,2026-12-07,Baby Wipes
786,2026-12-07,Beer
786,2026-12-07,Diapers
786,2026-12-07,Reusable Bag
786,2026-12-07,Rice
786,2026-12-07,Yogurt
787,2026-03-13,Paper Towels
787,2026-03-13,Red Wine
787,2026-03-13,Reusable Bag
788,2026-03-24,Bread
788,2026-03-24,Chocolate
788,2026-03-24,Reusable Bag
788,2026-03-24,Yogurt
789,2026-05-31,Dish Soap
789,2026-05-31,Lettuce
789,2026-05-31,Olive Oil
789,2026-05-31,Reusable Bag
789,2026-05-31,Tomatoes
790,2026-04-12,Bread
790,2026-04-12,Burger Buns
790,2026-04-12,Charcoal
790,2026-04-12,Chicken Breast
790,2026-04-12,Dish Soap
790,2026-04-12,Reusable Bag
790,2026-04-12,Steak
790,2026-04-12,Yogurt
791,2026-02-26,Bananas
791,2026-02-26,Reusable Bag
792,2026-07-12,Cereal
792,2026-07-12,Coffee
792,2026-07-12,Croissants
792,2026-07-12,Eggs
792,2026-07-12,Orange Juice
792,2026-07-12,Reusable Bag
792,2026-07-12,Whole Milk
793,2026-05-23,Baby Food
793,2026-05-23,Beer
793,2026-05-23,Burger Buns
793,2026-05-23,Cereal
793,2026-05-23,Charcoal
793,2026-05-23,Diapers
793,2026-05-23,Ketchup
793,2026-05-23,Reusable Bag
793,2026-05-23,Sparkling Water
793,2026-05-23,Steak
794,2026-08-05,Carrots
794,2026-08-05,Coffee
794,2026-08-05,Croissants
794,2026-08-05,Ketchup
794,2026-08-05,Orange Juice
794,2026-08-05,Reusable Bag
794,2026-08-05,Sparkling Water
794,2026-08-05,Whole Milk
795,2026-11-10,Bananas
795,2026-11-10,Bread
795,2026-11-10,Cucumber
795,2026-11-10,Lettuce
795,2026-11-10,Rice
795,2026-11-10,Sparkling Water
795,2026-11-10,Yogurt
796,2026-10-12,Beer
796,2026-10-12,Burger Buns
796,2026-10-12,Charcoal
796,2026-10-12,Eggs
796,2026-10-12,Ketchup
796,2026-10-12,Reusable Bag
796,2026-10-12,Rice
797,2026-08-03,Butter
797,2026-08-03,Charcoal
797,2026-08-03,Cheddar
797,2026-08-03,Croissants
797,2026-08-03,Frozen Pizza
797,2026-08-03,Ketchup
797,2026-08-03,Paper Towels
797,2026-08-03,Parmesan
797,2026-08-03,Reusable Bag
797,2026-08-03,Tea
797,2026-08-03,Tomatoes
798,2026-11-21,Apples
798,2026-11-21,Bread
798,2026-11-21,Coffee
798,2026-11-21,Croissants
798,2026-11-21,Eggs
798,2026-11-21,Reusable Bag
798,2026-11-21,Sparkling Water
798,2026-11-21,Whole Milk
799,2026-06-26,2% Milk
799,2026-06-26,Coffee
799,2026-06-26,Croissants
799,2026-06-26,Sparkling Water
800,2026-08-28,Bananas
800,2026-08-28,Cucumber
800,2026-08-28,Lettuce
800,2026-08-28,Olive Oil
800,2026-08-28,Paper Towels
800,2026-08-28,Reusable Bag
800,2026-08-28,Rice
800,2026-08-28,Tea
800,2026-08-28,Tomatoes
801,2026-10-31,Beer
801,2026-10-31,Charcoal
801,2026-10-31,Chicken Breast
801,2026-10-31,Eggs
801,2026-10-31,Ketchup
801,2026-10-31,Reusable Bag
801,2026-10-31,Steak
802,2026-07-12,2% Milk
802,2026-07-12,Lettuce
802,2026-07-12,Olive Oil
802,2026-07-12,Potato Chips
802,2026-07-12,Reusable Bag
802,2026-07-12,Tea
802,2026-07-12,Yogurt
803,2026-10-11,Coffee
803,2026-10-11,Croissants
803,2026-10-11,Frozen Pizza
803,2026-10-11,Parmesan
803,2026-10-11,Reusable Bag
804,2026-11-10,2% Milk
804,2026-11-10,Dish Soap
804,2026-11-10,Parmesan
804,2026-11-10,Pasta
804,2026-11-10,Reusable Bag
804,2026-11-10,Tomato Sauce
805,2026-03-19,Garlic
805,2026-03-19,Paper Towels
805,2026-03-19,Parmesan
805,2026-03-19,Pasta
805,2026-03-19,Reusable Bag
805,2026-03-19,Tomato Sauce
805,2026-03-19,Yogurt
806,2026-03-12,Beer
806,2026-03-12,Burger Buns
806,2026-03-12,Carrots
806,2026-03-12,Charcoal
806,2026-03-12,Eggs
806,2026-03-12,Steak
807,2026-01-29,Apples
807,2026-01-29,Bananas
807,2026-01-29,Chocolate
807,2026-01-29,Coffee
807,2026-01-29,Cucumber
807,2026-01-29,Lettuce
807,2026-01-29,Olive Oil
807,2026-01-29,Onions
807,2026-01-29,Parmesan
807,2026-01-29,Reusable Bag
807,2026-01-29,Rice
807,2026-01-29,Tomatoes
808,2026-08-20,Eggs
808,2026-08-20,Reusable Bag
809,2026-11-18,2% Milk
809,2026-11-18,Beer
809,2026-11-18,Burger Buns
809,2026-11-18,Charcoal
809,2026-11-18,Coffee
809,2026-11-18,Ketchup
809,2026-11-18,Olive Oil
809,2026-11-18,Paper Towels
809,2026-11-18,Reusable Bag
809,2026-11-18,Steak
809,2026-11-18,Tomatoes
810,2026-02-14,Bananas
810,2026-02-14,Bread
810,2026-02-14,Chicken Breast
811,2026-12-30,Apples
811,2026-12-30,Chocolate
811,2026-12-30,Lettuce
811,2026-12-30,Olive Oil
811,2026-12-30,Reusable Bag
811,2026-12-30,Tomatoes
812,2026-08-10,Chicken Breast
812,2026-08-10,Cucumber
812,2026-08-10,Lettuce
812,2026-08-10,Olive Oil
812,2026-08-10,Reusable Bag
812,2026-08-10,Tomatoes
813,2026-01-20,Apples
813,2026-01-20,Beer
813,2026-01-20,Burger Buns
813,2026-01-20,Charcoal
813,2026-01-20,Cucumber
813,2026-01-20,Reusable Bag
813,2026-01-20,Sparkling Water
813,2026-01-20,Steak
814,2026-11-05,Bananas
814,2026-11-05,Coffee
814,2026-11-05,Orange Juice
814,2026-11-05,Pasta
815,2026-02-12,Cereal
815,2026-02-12,Garlic
815,2026-02-12,Parmesan
815,2026-02-12,Pasta
815,2026-02-12,Red Wine
815,2026-02-12,Reusable Bag
815,2026-02-12,Rice
815,2026-02-12,Tomato Sauce
816,2026-11-02,Bananas
816,2026-11-02,Cheddar
816,2026-11-02,Frozen Pizza
816,2026-11-02,Reusable Bag
816,2026-11-02,Yogurt
817,2026-07-22,2% Milk
817,2026-07-22,Carrots
817,2026-07-22,Eggs
817,2026-07-22,Frozen Pizza
817,2026-07-22,Garlic
817,2026-07-22,Pasta
817,2026-07-22,Red Wine
817,2026-07-22,Reusable Bag
817,2026-07-22,Tomato Sauce
818,2026-05-28,Apples
818,2026-05-28,Butter
818,2026-05-28,Coffee
818,2026-05-28,Croissants
818,2026-05-28,Diapers
818,2026-05-28,Eggs
818,2026-05-28,Orange Juice
818,2026-05-28,Paper Towels
818,2026-05-28,Reusable Bag
818,2026-05-28,Sparkling Water
819,2026-01-23,Bananas
819,2026-01-23,Bread
819,2026-01-23,Eggs
819,2026-01-23,Frozen Pizza
819,2026-01-23,Orange Juice
819,2026-01-23,Reusable Bag
820,2026-07-13,Bread
820,2026-07-13,Eggs
820,2026-07-13,Garlic
820,2026-07-13,Parmesan
820,2026-07-13,Pasta
820,2026-07-13,Reusable Bag
820,2026-07-13,Tomato Sauce
820,2026-07-13,Tomatoes
821,2026-12-14,2% Milk
821,2026-12-14,Parmesan
821,2026-12-14,Pasta
821,2026-12-14,Red Wine
821,2026-12-14,Reusable Bag
821,2026-12-14,Tea
821,2026-12-14,Tomato Sauce
822,2026-12-10,2% Milk
822,2026-12-10,Butter
822,2026-12-10,Garlic
822,2026-12-10,Lettuce
822,2026-12-10,Olive Oil
822,2026-12-10,Paper Towels
822,2026-12-10,Reusable Bag
822,2026-12-10,Steak
822,2026-12-10,Tomato Sauce
822,2026-12-10,Tomatoes
823,2026-09-14,Baby Wipes
823,2026-09-14,Bananas
823,2026-09-14,Burger Buns
823,2026-09-14,Chicken Breast
823,2026-09-14,Diapers
823,2026-09-14,Onions
823,2026-09-14,Orange Juice
823,2026-09-14,Pasta
823,2026-09-14,Reusable Bag
823,2026-09-14,Sparkling Water
824,2026-05-01,Cucumber
824,2026-05-01,Eggs
824,2026-05-01,Lettuce
824,2026-05-01,Reusable Bag
824,2026-05-01,Tomatoes
825,2026-08-29,Chocolate
825,2026-08-29,Garlic
825,2026-08-29,Lettuce
825,2026-08-29,Olive Oil
825,2026-08-29,Parmesan
825,2026-08-29,Pasta
825,2026-08-29,Red Wine
825,2026-08-29,Reusable Bag
825,2026-08-29,Tomato Sauce
826,2026-07-20,Burger Buns
826,2026-07-20,Cereal
826,2026-07-20,Charcoal
826,2026-07-20,Reusable Bag
826,2026-07-20,Rice
826,2026-07-20,Steak
827,2026-04-15,2% Milk
827,2026-04-15,Beer
827,2026-04-15,Burger Buns
827,2026-04-15,Charcoal
827,2026-04-15,Chocolate
827,2026-04-15,Ketchup
827,2026-04-15,Onions
827,2026-04-15,Reusable Bag
827,2026-04-15,Steak
828,2026-05-26,Baby Food
828,2026-05-26,Baby Wipes
828,2026-05-26,Bananas
828,2026-05-26,Beer
828,2026-05-26,Chocolate
828,2026-05-26,Diapers
828,2026-05-26,Reusable Bag
828,2026-05-26,Sparkling Water
829,2026-11-30,Bread
829,2026-11-30,Butter
829,2026-11-30,Garlic
829,2026-11-30,Onions
829,2026-11-30,Parmesan
829,2026-11-30,Pasta
829,2026-11-30,Red Wine
829,2026-11-30,Reusable Bag
829,2026-11-30,Tomato Sauce
830,2026-01-10,Baby Wipes
830,2026-01-10,Carrots
830,2026-01-10,Diapers
830,2026-01-10,Reusable Bag
831,2026-06-03,Apples
831,2026-06-03,Baby Wipes
831,2026-06-03,Bread
831,2026-06-03,Chocolate
831,2026-06-03,Coffee
831,2026-06-03,Reusable Bag
832,2026-10-26,Apples
832,2026-10-26,Beer
832,2026-10-26,Ketchup
832,2026-10-26,Reusable Bag
832,2026-10-26,Yogurt
833,2026-05-20,2% Milk
833,2026-05-20,Cucumber
833,2026-05-20,Lettuce
833,2026-05-20,Reusable Bag
833,2026-05-20,Tomatoes
834,2026-11-12,Chicken Breast
834,2026-11-12,Garlic
834,2026-11-12,Pasta
834,2026-11-12,Red Wine
834,2026-11-12,Reusable Bag
834,2026-11-12,Tomato Sauce
834,2026-11-12,Yogurt
835,2026-01-30,Bananas
835,2026-01-30,Chicken Breast
835,2026-01-30,Garlic
835,2026-01-30,Pasta
835,2026-01-30,Potato Chips
835,2026-01-30,Reusable Bag
835,2026-01-30,Tomato Sauce
836,2026-08-17,Cucumber
836,2026-08-17,Eggs
836,2026-08-17,Frozen Pizza
836,2026-08-17,Garlic
836,2026-08-17,Pasta
836,2026-08-17,Red Wine
836,2026-08-17,Reusable Bag
836,2026-08-17,Tomato Sauce
836,2026-08-17,Whole Milk
837,2026-01-22,Butter
837,2026-01-22,Diapers
837,2026-01-22,Olive Oil
837,2026-01-22,Reusable Bag
837,2026-01-22,Steak
838,2026-04-15,2% Milk
838,2026-04-15,Chocolate
838,2026-04-15,Dish Soap
838,2026-04-15,Garlic
838,2026-04-15,Pasta
838,2026-04-15,Red Wine
838,2026-04-15,Reusable Bag
838,2026-04-15,Tea
838,2026-04-15,Tomato Sauce
839,2026-07-08,Bread
839,2026-07-08,Cereal
839,2026-07-08,Onions
839,2026-07-08,Reusable Bag
839,2026-07-08,Steak
840,2026-07-25,Bread
840,2026-07-25,Burger Buns
840,2026-07-25,Cheddar
840,2026-07-25,Coffee
840,2026-07-25,Onions
840,2026-07-25,Reusable Bag
840,2026-07-25,Rice
840,2026-07-25,Steak
840,2026-07-25,Tomatoes
840,2026-07-25,Whole Milk
841,2026-08-02,Baby Food
841,2026-08-02,Baby Wipes
841,2026-08-02,Beer
841,2026-08-02,Cereal
841,2026-08-02,Chocolate
841,2026-08-02,Diapers
841,2026-08-02,Reusable Bag
841,2026-08-02,Rice
842,2026-07-18,2% Milk
842,2026-07-18,Coffee
842,2026-07-18,Croissants
842,2026-07-18,Dish Soap
842,2026-07-18,Frozen Pizza
842,2026-07-18,Reusable Bag
842,2026-07-18,Rice
842,2026-07-18,Whole Milk
843,2026-09-18,Bread
843,2026-09-18,Butter
843,2026-09-18,Lettuce
843,2026-09-18,Onions
843,2026-09-18,Reusable Bag
843,2026-09-18,Rice
843,2026-09-18,Tomatoes
844,2026-11-04,Charcoal
844,2026-11-04,Chicken Breast
844,2026-11-04,Dish Soap
844,2026-11-04,Reusable Bag
844,2026-11-04,Rice
844,2026-11-04,Sparkling Water
844,2026-11-04,Yogurt
845,2026-08-25,Cereal
845,2026-08-25,Coffee
845,2026-08-25,Croissants
845,2026-08-25,Orange Juice
845,2026-08-25,Whole Milk
846,2026-12-08,Bread
846,2026-12-08,Chicken Breast
846,2026-12-08,Coffee
846,2026-12-08,Croissants
846,2026-12-08,Reusable Bag
846,2026-12-08,Whole Milk
847,2026-07-19,Baby Wipes
847,2026-07-19,Beer
847,2026-07-19,Cereal
847,2026-07-19,Diapers
847,2026-07-19,Reusable Bag
848,2026-08-04,2% Milk
848,2026-08-04,Butter
848,2026-08-04,Carrots
848,2026-08-04,Garlic
848,2026-08-04,Pasta
848,2026-08-04,Red Wine
848,2026-08-04,Reusable Bag
848,2026-08-04,Rice
848,2026-08-04,Tomato Sauce
848,2026-08-04,Yogurt
849,2026-01-23,Baby Food
849,2026-01-23,Baby Wipes
849,2026-01-23,Bananas
849,2026-01-23,Bread
849,2026-01-23,Butter
849,2026-01-23,Chicken Breast
849,2026-01-23,Eggs
849,2026-01-23,Lettuce
849,2026-01-23,Reusable Bag
849,2026-01-23,Tomatoes
850,2026-04-13,Apples
850,2026-04-13,Cheddar
850,2026-04-13,Coffee
850,2026-04-13,Orange Juice
850,2026-04-13,Paper Towels
850,2026-04-13,Reusable Bag
850,2026-04-13,Tea
850,2026-04-13,Yogurt
851,2026-11-29,Bananas
851,2026-11-29,Butter
851,2026-11-29,Cheddar
851,2026-11-29,Cucumber
851,2026-11-29,Lettuce
851,2026-11-29,Reusable Bag
851,2026-11-29,Tomatoes
852,2026-01-02,Dish Soap
852,2026-01-02,Eggs
852,2026-01-02,Reusable Bag
853,2026-10-02,Apples
853,2026-10-02,Baby Food
853,2026-10-02,Bread
853,2026-10-02,Chocolate
853,2026-10-02,Coffee
853,2026-10-02,Croissants
853,2026-10-02,Dish Soap
853,2026-10-02,Eggs
853,2026-10-02,Orange Juice
853,2026-10-02,Reusable Bag
853,2026-10-02,Whole Milk
854,2026-04-02,2% Milk
854,2026-04-02,Bread
854,2026-04-02,Burger Buns
854,2026-04-02,Charcoal
854,2026-04-02,Ketchup
854,2026-04-02,Reusable Bag
854,2026-04-02,Sparkling Water
854,2026-04-02,Steak
854,2026-04-02,Yogurt
855,2026-06-14,Baby Food
855,2026-06-14,Baby Wipes
855,2026-06-14,Bananas
855,2026-06-14,Beer
855,2026-06-14,Cereal
855,2026-06-14,Croissants
855,2026-06-14,Diapers
855,2026-06-14,Eggs
855,2026-06-14,Frozen Pizza
855,2026-06-14,Reusable Bag
855,2026-06-14,Rice
856,2026-11-26,Baby Wipes
856,2026-11-26,Bananas
856,2026-11-26,Butter
856,2026-11-26,Coffee
856,2026-11-26,Croissants
856,2026-11-26,Onions
856,2026-11-26,Reusable Bag
856,2026-11-26,Whole Milk
857,2026-05-05,Garlic
857,2026-05-05,Pasta
857,2026-05-05,Red Wine
857,2026-05-05,Reusable Bag
857,2026-05-05,Tea
857,2026-05-05,Tomato Sauce
858,2026-06-29,Apples
858,2026-06-29,Butter
858,2026-06-29,Cucumber
858,2026-06-29,Lettuce
858,2026-06-29,Olive Oil
858,2026-06-29,Onions
858,2026-06-29,Reusable Bag
858,2026-06-29,Yogurt
859,2026-12-24,Bananas
859,2026-12-24,Reusable Bag
860,2026-09-03,2% Milk
860,2026-09-03,Apples
860,2026-09-03,Baby Wipes
860,2026-09-03,Bread
860,2026-09-03,Coffee
860,2026-09-03,Croissants
860,2026-09-03,Olive Oil
860,2026-09-03,Pasta
860,2026-09-03,Reusable Bag
860,2026-09-03,Whole Milk
861,2026-11-13,2% Milk
861,2026-11-13,Baby Food
861,2026-11-13,Baby Wipes
861,2026-11-13,Bananas
861,2026-11-13,Bread
861,2026-11-13,Chocolate
861,2026-11-13,Diapers
861,2026-11-13,Paper Towels
861,2026-11-13,Parmesan
861,2026-11-13,Reusable Bag
861,2026-11-13,Tomatoes
862,2026-02-16,Carrots
862,2026-02-16,Charcoal
862,2026-02-16,Cheddar
862,2026-02-16,Chocolate
862,2026-02-16,Dish Soap
862,2026-02-16,Ketchup
862,2026-02-16,Potato Chips
862,2026-02-16,Reusable Bag
862,2026-02-16,Steak
863,2026-08-20,2% Milk
863,2026-08-20,Apples
863,2026-08-20,Cucumber
863,2026-08-20,Frozen Pizza
863,2026-08-20,Lettuce
863,2026-08-20,Olive Oil
863,2026-08-20,Reusable Bag
863,2026-08-20,Rice
863,2026-08-20,Tomatoes
864,2026-07-23,2% Milk
864,2026-07-23,Burger Buns
864,2026-07-23,Charcoal
864,2026-07-23,Ketchup
864,2026-07-23,Lettuce
864,2026-07-23,Orange Juice
864,2026-07-23,Reusable Bag
864,2026-07-23,Steak
864,2026-07-23,Tea
865,2026-08-16,Baby Wipes
865,2026-08-16,Butter
865,2026-08-16,Diapers
865,2026-08-16,Reusable Bag
865,2026-08-16,Tea
865,2026-08-16,Yogurt
866,2026-07-01,Baby Wipes
866,2026-07-01,Beer
866,2026-07-01,Burger Buns
866,2026-07-01,Charcoal
866,2026-07-01,Chocolate
866,2026-07-01,Garlic
866,2026-07-01,Ketchup
866,2026-07-01,Reusable Bag
866,2026-07-01,Steak
867,2026-12-05,Apples
867,2026-12-05,Baby Wipes
867,2026-12-05,Bread
867,2026-12-05,Butter
867,2026-12-05,Cheddar
867,2026-12-05,Cucumber
867,2026-12-05,Garlic
867,2026-12-05,Parmesan
867,2026-12-05,Pasta
867,2026-12-05,Red Wine
867,2026-12-05,Reusable Bag
867,2026-12-05,Tomato Sauce
868,2026-08-21,Dish Soap
868,2026-08-21,Parmesan
868,2026-08-21,Pasta
868,2026-08-21,Red Wine
868,2026-08-21,Reusable Bag
868,2026-08-21,Rice
868,2026-08-21,Sparkling Water
868,2026-08-21,Tea
868,2026-08-21,Tomato Sauce
869,2026-04-03,Carrots
869,2026-04-03,Eggs
869,2026-04-03,Garlic
869,2026-04-03,Pasta
869,2026-04-03,Potato Chips
869,2026-04-03,Tomato Sauce
870,2026-09-14,Bananas
870,2026-09-14,Olive Oil
870,2026-09-14,Onions
870,2026-09-14,Reusable Bag
870,2026-09-14,Tomatoes
871,2026-12-30,Bread
871,2026-12-30,Chocolate
871,2026-12-30,Eggs
871,2026-12-30,Lettuce
871,2026-12-30,Olive Oil
871,2026-12-30,Potato Chips
871,2026-12-30,Reusable Bag
871,2026-12-30,Tomatoes
872,2026-06-12,Bread
872,2026-06-12,Cereal
872,2026-06-12,Eggs
872,2026-06-12,Garlic
872,2026-06-12,Parmesan
872,2026-06-12,Pasta
872,2026-06-12,Red Wine
872,2026-06-12,Reusable Bag
872,2026-06-12,Tea
873,2026-11-19,Bananas
873,2026-11-19,Beer
873,2026-11-19,Bread
873,2026-11-19,Charcoal
873,2026-11-19,Dish Soap
873,2026-11-19,Parmesan
873,2026-11-19,Reusable Bag
874,2026-04-16,2% Milk
874,2026-04-16,Butter
874,2026-04-16,Eggs
874,2026-04-16,Reusable Bag
874,2026-04-16,Rice
874,2026-04-16,Sparkling Water
875,2026-09-21,Apples
875,2026-09-21,Cucumber
875,2026-09-21,Diapers
875,2026-09-21,Lettuce
875,2026-09-21,Olive Oil
875,2026-09-21,Reusable Bag
875,2026-09-21,Tomatoes
876,2026-07-10,Bananas
876,2026-07-10,Carrots
876,2026-07-10,Coffee
876,2026-07-10,Croissants
876,2026-07-10,Orange Juice
876,2026-07-10,Yogurt
877,2026-10-02,Butter
877,2026-10-02,Charcoal
877,2026-10-02,Coffee
877,2026-10-02,Eggs
877,2026-10-02,Garlic
877,2026-10-02,Pasta
877,2026-10-02,Reusable Bag
878,2026-12-20,2% Milk
878,2026-12-20,Apples
878,2026-12-20,Baby Food
878,2026-12-20,Baby Wipes
878,2026-12-20,Beer
878,2026-12-20,Bread
878,2026-12-20,Diapers
878,2026-12-20,Reusable Bag
879,2026-06-09,Bread
879,2026-06-09,Chicken Breast
879,2026-06-09,Garlic
879,2026-06-09,Ketchup
879,2026-06-09,Orange Juice
879,2026-06-09,Parmesan
879,2026-06-09,Pasta
879,2026-06-09,Reusable Bag
879,2026-06-09,Yogurt
880,2026-10-02,Bread
880,2026-10-02,Carrots
880,2026-10-02,Cucumber
880,2026-10-02,Frozen Pizza
880,2026-10-02,Lettuce
880,2026-10-02,Reusable Bag
880,2026-10-02,Tea
880,2026-10-02,Yogurt
881,2026-09-04,Bananas
881,2026-09-04,Bread
881,2026-09-04,Garlic
881,2026-09-04,Ketchup
881,2026-09-04,Parmesan
881,2026-09-04,Pasta
881,2026-09-04,Red Wine
881,2026-09-04,Reusable Bag
881,2026-09-04,Sparkling Water
881,2026-09-04,Tomato Sauce
882,2026-01-10,Beer
882,2026-01-10,Bread
882,2026-01-10,Burger Buns
882,2026-01-10,Charcoal
882,2026-01-10,Chocolate
882,2026-01-10,Ketchup
882,2026-01-10,Reusable Bag
882,2026-01-10,Yogurt
883,2026-07-08,Baby Wipes
883,2026-07-08,Bread
883,2026-07-08,Burger Buns
883,2026-07-08,Butter
883,2026-07-08,Charcoal
883,2026-07-08,Ketchup
883,2026-07-08,Onions
883,2026-07-08,Red Wine
883,2026-07-08,Reusable Bag
883,2026-07-08,Sparkling Water
883,2026-07-08,Steak
883,2026-07-08,Tea
884,2026-05-01,2% Milk
884,2026-05-01,Butter
884,2026-05-01,Carrots
884,2026-05-01,Coffee
884,2026-05-01,Onions
884,2026-05-01,Orange Juice
884,2026-05-01,Reusable Bag
884,2026-05-01,Rice
884,2026-05-01,Whole Milk
885,2026-10-30,2% Milk
885,2026-10-30,Beer
885,2026-10-30,Bread
885,2026-10-30,Chocolate
885,2026-10-30,Parmesan
885,2026-10-30,Pasta
885,2026-10-30,Red Wine
885,2026-10-30,Sparkling Water
885,2026-10-30,Steak
885,2026-10-30,Tomato Sauce
885,2026-10-30,Tomatoes
886,2026-05-31,Baby Wipes
886,2026-05-31,Butter
886,2026-05-31,Cereal
886,2026-05-31,Charcoal
886,2026-05-31,Cheddar
886,2026-05-31,Eggs
886,2026-05-31,Frozen Pizza
886,2026-05-31,Lettuce
886,2026-05-31,Olive Oil
886,2026-05-31,Reusable Bag
886,2026-05-31,Tomatoes
886,2026-05-31,Whole Milk
887,2026-07-28,Chocolate
887,2026-07-28,Reusable Bag
888,2026-05-30,Beer
888,2026-05-30,Charcoal
888,2026-05-30,Chicken Breast
888,2026-05-30,Eggs
888,2026-05-30,Ketchup
888,2026-05-30,Sparkling Water
888,2026-05-30,Steak
888,2026-05-30,Yogurt
889,2026-06-23,Baby Food
889,2026-06-23,Bread
889,2026-06-23,Carrots
889,2026-06-23,Cheddar
889,2026-06-23,Coffee
889,2026-06-23,Eggs
889,2026-06-23,Reusable Bag
889,2026-06-23,Sparkling Water
889,2026-06-23,Whole Milk
890,2026-10-13,Bread
890,2026-10-13,Carrots
890,2026-10-13,Eggs
890,2026-10-13,Frozen Pizza
890,2026-10-13,Lettuce
890,2026-10-13,Olive Oil
890,2026-10-13,Reusable Bag
890,2026-10-13,Tomatoes
891,2026-07-26,Baby Food
891,2026-07-26,Baby Wipes
891,2026-07-26,Bread
891,2026-07-26,Diapers
891,2026-07-26,Pasta
891,2026-07-26,Reusable Bag
891,2026-07-26,Tea
892,2026-08-12,Cereal
892,2026-08-12,Coffee
892,2026-08-12,Croissants
892,2026-08-12,Ketchup
892,2026-08-12,Orange Juice
892,2026-08-12,Reusable Bag
893,2026-07-29,Bread
893,2026-07-29,Coffee
893,2026-07-29,Croissants
893,2026-07-29,Reusable Bag
894,2026-05-14,Cheddar
894,2026-05-14,Cucumber
894,2026-05-14,Lettuce
894,2026-05-14,Olive Oil
894,2026-05-14,Reusable Bag
894,2026-05-14,Sparkling Water
894,2026-05-14,Tomatoes
895,2026-04-17,Beer
895,2026-04-17,Bread
895,2026-04-17,Butter
895,2026-04-17,Carrots
895,2026-04-17,Chocolate
895,2026-04-17,Coffee
895,2026-04-17,Croissants
895,2026-04-17,Dish Soap
895,2026-04-17,Garlic
895,2026-04-17,Orange Juice
895,2026-04-17,Reusable Bag
895,2026-04-17,Whole Milk
896,2026-04-22,Bananas
896,2026-04-22,Cereal
896,2026-04-22,Cheddar
896,2026-04-22,Coffee
896,2026-04-22,Croissants
896,2026-04-22,Ketchup
896,2026-04-22,Potato Chips
896,2026-04-22,Reusable Bag
896,2026-04-22,Rice
896,2026-04-22,Whole Milk
897,2026-11-19,Apples
897,2026-11-19,Chocolate
897,2026-11-19,Coffee
897,2026-11-19,Croissants
897,2026-11-19,Onions
897,2026-11-19,Whole Milk
898,2026-01-20,Apples
898,2026-01-20,Lettuce
898,2026-01-20,Olive Oil
898,2026-01-20,Reusable Bag
898,2026-01-20,Rice
899,2026-12-11,Apples
899,2026-12-11,Garlic
899,2026-12-11,Pasta
899,2026-12-11,Red Wine
899,2026-12-11,Reusable Bag
899,2026-12-11,Tomato Sauce
899,2026-12-11,Tomatoes
900,2026-05-03,Chicken Breast
900,2026-05-03,Parmesan
900,2026-05-03,Pasta
900,2026-05-03,Tomato Sauce
901,2026-01-29,2% Milk
901,2026-01-29,Baby Food
901,2026-01-29,Baby Wipes
901,2026-01-29,Beer
901,2026-01-29,Cereal
901,2026-01-29,Chicken Breast
901,2026-01-29,Diapers
901,2026-01-29,Tea
902,2026-03-10,Charcoal
902,2026-03-10,Cheddar
902,2026-03-10,Cucumber
902,2026-03-10,Diapers
902,2026-03-10,Garlic
902,2026-03-10,Ketchup
902,2026-03-10,Reusable Bag
902,2026-03-10,Steak
903,2026-11-10,Coffee
903,2026-11-10,Croissants
903,2026-11-10,Eggs
903,2026-11-10,Frozen Pizza
903,2026-11-10,Rice
904,2026-07-21,Bread
904,2026-07-21,Carrots
904,2026-07-21,Cereal
904,2026-07-21,Chocolate
904,2026-07-21,Frozen Pizza
904,2026-07-21,Red Wine
904,2026-07-21,Reusable Bag
904,2026-07-21,Tomato Sauce
905,2026-06-10,Cucumber
905,2026-06-10,Lettuce
905,2026-06-10,Onions
905,2026-06-10,Reusable Bag
905,2026-06-10,Tomatoes
906,2026-12-12,Baby Wipes
906,2026-12-12,Bread
906,2026-12-12,Burger Buns
906,2026-12-12,Coffee
906,2026-12-12,Croissants
906,2026-12-12,Orange Juice
906,2026-12-12,Red Wine
906,2026-12-12,Reusable Bag
907,2026-12-07,2% Milk
907,2026-12-07,Bananas
907,2026-12-07,Burger Buns
907,2026-12-07,Chocolate
907,2026-12-07,Coffee
907,2026-12-07,Olive Oil
907,2026-12-07,Whole Milk
908,2026-08-07,Bread
908,2026-08-07,Garlic
908,2026-08-07,Parmesan
908,2026-08-07,Pasta
908,2026-08-07,Red Wine
908,2026-08-07,Reusable Bag
908,2026-08-07,Sparkling Water
908,2026-08-07,Tomato Sauce
909,2026-11-08,Baby Wipes
909,2026-11-08,Beer
909,2026-11-08,Cheddar
909,2026-11-08,Chicken Breast
909,2026-11-08,Diapers
909,2026-11-08,Dish Soap
909,2026-11-08,Reusable Bag
910,2026-10-27,2% Milk
910,2026-10-27,Apples
910,2026-10-27,Bananas
910,2026-10-27,Butter
910,2026-10-27,Cereal
910,2026-10-27,Reusable Bag
911,2026-03-27,Bananas
911,2026-03-27,Butter
911,2026-03-27,Cereal
911,2026-03-27,Cheddar
911,2026-03-27,Coffee
911,2026-03-27,Croissants
911,2026-03-27,Orange Juice
911,2026-03-27,Reusable Bag
911,2026-03-27,Whole Milk
911,2026-03-27,Yogurt
912,2026-10-19,Bananas
912,2026-10-19,Bread
912,2026-10-19,Coffee
912,2026-10-19,Croissants
912,2026-10-19,Frozen Pizza
912,2026-10-19,Reusable Bag
912,2026-10-19,Rice
912,2026-10-19,Tea
913,2026-08-20,Carrots
913,2026-08-20,Chicken Breast
913,2026-08-20,Croissants
913,2026-08-20,Onions
913,2026-08-20,Parmesan
913,2026-08-20,Pasta
913,2026-08-20,Rice
913,2026-08-20,Tomato Sauce
913,2026-08-20,Yogurt
914,2026-12-11,Cheddar
914,2026-12-11,Coffee
914,2026-12-11,Orange Juice
914,2026-12-11,Rice
914,2026-12-11,Whole Milk
915,2026-01-23,2% Milk
915,2026-01-23,Apples
915,2026-01-23,Baby Food
915,2026-01-23,Baby Wipes
915,2026-01-23,Cereal
915,2026-01-23,Diapers
915,2026-01-23,Parmesan
915,2026-01-23,Potato Chips
915,2026-01-23,Reusable Bag
915,2026-01-23,Tomatoes
916,2026-12-23,Chicken Breast
916,2026-12-23,Chocolate
916,2026-12-23,Garlic
916,2026-12-23,Onions
916,2026-12-23,Parmesan
916,2026-12-23,Pasta
916,2026-12-23,Red Wine
916,2026-12-23,Reusable Bag
917,2026-05-29,Baby Food
917,2026-05-29,Baby Wipes
917,2026-05-29,Bread
917,2026-05-29,Chicken Breast
917,2026-05-29,Diapers
917,2026-05-29,Eggs
917,2026-05-29,Potato Chips
917,2026-05-29,Reusable Bag
917,2026-05-29,Tea
918,2026-03-16,Baby Food
918,2026-03-16,Coffee
918,2026-03-16,Croissants
918,2026-03-16,Eggs
918,2026-03-16,Orange Juice
918,2026-03-16,Reusable Bag
918,2026-03-16,Steak
918,2026-03-16,Whole Milk
919,2026-08-07,Ketchup
919,2026-08-07,Parmesan
919,2026-08-07,Potato Chips
920,2026-04-28,Baby Wipes
920,2026-04-28,Cheddar
920,2026-04-28,Chocolate
920,2026-04-28,Coffee
920,2026-04-28,Orange Juice
920,2026-04-28,Reusable Bag
920,2026-04-28,Whole Milk
920,2026-04-28,Yogurt
921,2026-02-25,2% Milk
921,2026-02-25,Bananas
921,2026-02-25,Chocolate
921,2026-02-25,Eggs
921,2026-02-25,Reusable Bag
922,2026-03-13,Baby Food
922,2026-03-13,Baby Wipes
922,2026-03-13,Beer
922,2026-03-13,Burger Buns
922,2026-03-13,Carrots
922,2026-03-13,Diapers
922,2026-03-13,Onions
922,2026-03-13,Reusable Bag
922,2026-03-13,Rice
922,2026-03-13,Steak
923,2026-08-09,Apples
923,2026-08-09,Cheddar
923,2026-08-09,Chocolate
923,2026-08-09,Cucumber
923,2026-08-09,Eggs
923,2026-08-09,Lettuce
923,2026-08-09,Paper Towels
923,2026-08-09,Reusable Bag
923,2026-08-09,Tomatoes
924,2026-07-18,Carrots
924,2026-07-18,Paper Towels
925,2026-04-03,Bread
925,2026-04-03,Reusable Bag
925,2026-04-03,Yogurt
926,2026-03-26,Bananas
926,2026-03-26,Eggs
926,2026-03-26,Lettuce
926,2026-03-26,Reusable Bag
926,2026-03-26,Tea
927,2026-04-22,Baby Wipes
927,2026-04-22,Diapers
927,2026-04-22,Onions
927,2026-04-22,Reusable Bag
927,2026-04-22,Sparkling Water
928,2026-10-09,Cucumber
928,2026-10-09,Lettuce
928,2026-10-09,Reusable Bag
928,2026-10-09,Sparkling Water
928,2026-10-09,Tomatoes
929,2026-01-17,2% Milk
929,2026-01-17,Chicken Breast
929,2026-01-17,Reusable Bag
929,2026-01-17,Yogurt
930,2026-08-21,Bananas
930,2026-08-21,Coffee
930,2026-08-21,Frozen Pizza
930,2026-08-21,Orange Juice
930,2026-08-21,Potato Chips
930,2026-08-21,Reusable Bag
931,2026-09-23,Bread
931,2026-09-23,Burger Buns
931,2026-09-23,Charcoal
931,2026-09-23,Cheddar
931,2026-09-23,Ketchup
931,2026-09-23,Reusable Bag
931,2026-09-23,Rice
931,2026-09-23,Sparkling Water
931,2026-09-23,Steak
932,2026-12-29,Bananas
932,2026-12-29,Bread
932,2026-12-29,Carrots
932,2026-12-29,Chocolate
932,2026-12-29,Cucumber
932,2026-12-29,Onions
932,2026-12-29,Parmesan
932,2026-12-29,Pasta
932,2026-12-29,Red Wine
932,2026-12-29,Tomato Sauce
933,2026-08-12,2% Milk
933,2026-08-12,Bananas
933,2026-08-12,Bread
933,2026-08-12,Carrots
933,2026-08-12,Diapers
933,2026-08-12,Reusable Bag
933,2026-08-12,Yogurt
934,2026-05-02,Beer
934,2026-05-02,Burger Buns
934,2026-05-02,Carrots
934,2026-05-02,Charcoal
934,2026-05-02,Chicken Breast
934,2026-05-02,Croissants
934,2026-05-02,Ketchup
934,2026-05-02,Olive Oil
934,2026-05-02,Onions
934,2026-05-02,Orange Juice
934,2026-05-02,Paper Towels
934,2026-05-02,Reusable Bag
934,2026-05-02,Yogurt
935,2026-05-25,Butter
935,2026-05-25,Chicken Breast
935,2026-05-25,Cucumber
935,2026-05-25,Frozen Pizza
935,2026-05-25,Lettuce
935,2026-05-25,Olive Oil
935,2026-05-25,Onions
935,2026-05-25,Reusable Bag
935,2026-05-25,Sparkling Water
935,2026-05-25,Tomatoes
936,2026-11-03,Chicken Breast
936,2026-11-03,Eggs
936,2026-11-03,Onions
936,2026-11-03,Pasta
936,2026-11-03,Red Wine
936,2026-11-03,Reusable Bag
936,2026-11-03,Sparkling Water
937,2026-07-05,2% Milk
937,2026-07-05,Apples
937,2026-07-05,Burger Buns
937,2026-07-05,Cereal
937,2026-07-05,Charcoal
937,2026-07-05,Chicken Breast
937,2026-07-05,Cucumber
937,2026-07-05,Reusable Bag
937,2026-07-05,Steak
937,2026-07-05,Tomato Sauce
937,2026-07-05,Yogurt
938,2026-08-24,Beer
938,2026-08-24,Burger Buns
938,2026-08-24,Cereal
938,2026-08-24,Charcoal
938,2026-08-24,Ketchup
938,2026-08-24,Reusable Bag
938,2026-08-24,Rice
938,2026-08-24,Sparkling Water
938,2026-08-24,Yogurt
939,2026-08-06,Cucumber
939,2026-08-06,Dish Soap
939,2026-08-06,Ketchup
939,2026-08-06,Lettuce
939,2026-08-06,Paper Towels
939,2026-08-06,Reusable Bag
939,2026-08-06,Tomato Sauce
939,2026-08-06,Tomatoes
940,2026-09-08,Apples
940,2026-09-08,Bananas
940,2026-09-08,Bread
940,2026-09-08,Butter
940,2026-09-08,Cucumber
940,2026-09-08,Lettuce
940,2026-09-08,Olive Oil
940,2026-09-08,Reusable Bag
940,2026-09-08,Sparkling Water
941,2026-05-26,Apples
941,2026-05-26,Bread
941,2026-05-26,Coffee
941,2026-05-26,Croissants
941,2026-05-26,Orange Juice
941,2026-05-26,Paper Towels
941,2026-05-26,Reusable Bag
941,2026-05-26,Rice
941,2026-05-26,Whole Milk
942,2026-05-19,Apples
942,2026-05-19,Carrots
942,2026-05-19,Cereal
942,2026-05-19,Dish Soap
942,2026-05-19,Lettuce
942,2026-05-19,Reusable Bag
942,2026-05-19,Tea
943,2026-10-23,Eggs
943,2026-10-23,Orange Juice
943,2026-10-23,Paper Towels
943,2026-10-23,Reusable Bag
943,2026-10-23,Rice
944,2026-07-29,Butter
944,2026-07-29,Cereal
944,2026-07-29,Cucumber
944,2026-07-29,Diapers
944,2026-07-29,Lettuce
944,2026-07-29,Olive Oil
944,2026-07-29,Onions
944,2026-07-29,Reusable Bag
944,2026-07-29,Tomatoes
945,2026-12-06,2% Milk
945,2026-12-06,Bread
945,2026-12-06,Butter
945,2026-12-06,Reusable Bag
945,2026-12-06,Sparkling Water
946,2026-11-05,Bread
946,2026-11-05,Frozen Pizza
946,2026-11-05,Garlic
946,2026-11-05,Pasta
946,2026-11-05,Reusable Bag
946,2026-11-05,Rice
946,2026-11-05,Tomato Sauce
947,2026-05-16,Apples
947,2026-05-16,Baby Food
947,2026-05-16,Baby Wipes
947,2026-05-16,Beer
947,2026-05-16,Carrots
947,2026-05-16,Diapers
947,2026-05-16,Reusable Bag
948,2026-07-14,Bananas
948,2026-07-14,Beer
948,2026-07-14,Cereal
948,2026-07-14,Charcoal
948,2026-07-14,Chicken Breast
948,2026-07-14,Reusable Bag
949,2026-06-22,2% Milk
949,2026-06-22,Bananas
949,2026-06-22,Bread
949,2026-06-22,Chocolate
949,2026-06-22,Parmesan
949,2026-06-22,Pasta
949,2026-06-22,Tea
949,2026-06-22,Tomato Sauce
950,2026-10-15,Apples
950,2026-10-15,Beer
950,2026-10-15,Burger Buns
950,2026-10-15,Charcoal
950,2026-10-15,Ketchup
950,2026-10-15,Potato Chips
950,2026-10-15,Reusable Bag
950,2026-10-15,Steak
951,2026-09-02,Baby Wipes
951,2026-09-02,Beer
951,2026-09-02,Cucumber
951,2026-09-02,Diapers
951,2026-09-02,Onions
951,2026-09-02,Reusable Bag
952,2026-09-26,2% Milk
952,2026-09-26,Apples
952,2026-09-26,Bananas
952,2026-09-26,Garlic
952,2026-09-26,Pasta
952,2026-09-26,Red Wine
952,2026-09-26,Reusable Bag
952,2026-09-26,Tomato Sauce
953,2026-02-12,Baby Food
953,2026-02-12,Butter
953,2026-02-12,Chicken Breast
953,2026-02-12,Garlic
953,2026-02-12,Ketchup
953,2026-02-12,Onions
953,2026-02-12,Parmesan
953,2026-02-12,Pasta
953,2026-02-12,Reusable Bag
953,2026-02-12,Rice
953,2026-02-12,Tea
954,2026-09-14,Baby Wipes
954,2026-09-14,Beer
954,2026-09-14,Butter
954,2026-09-14,Chocolate
954,2026-09-14,Diapers
954,2026-09-14,Frozen Pizza
954,2026-09-14,Reusable Bag
955,2026-09-09,2% Milk
955,2026-09-09,Baby Wipes
955,2026-09-09,Beer
955,2026-09-09,Diapers
955,2026-09-09,Dish Soap
955,2026-09-09,Sparkling Water
955,2026-09-09,Steak
956,2026-08-13,Reusable Bag
956,2026-08-13,Yogurt
957,2026-08-12,Carrots
957,2026-08-12,Cereal
957,2026-08-12,Chicken Breast
957,2026-08-12,Chocolate
957,2026-08-12,Coffee
957,2026-08-12,Croissants
957,2026-08-12,Reusable Bag
957,2026-08-12,Sparkling Water
958,2026-11-24,Beer
958,2026-11-24,Burger Buns
958,2026-11-24,Charcoal
958,2026-11-24,Chocolate
958,2026-11-24,Orange Juice
958,2026-11-24,Reusable Bag
958,2026-11-24,Steak
959,2026-08-30,Bananas
959,2026-08-30,Dish Soap
959,2026-08-30,Eggs
959,2026-08-30,Garlic
959,2026-08-30,Parmesan
959,2026-08-30,Pasta
959,2026-08-30,Red Wine
959,2026-08-30,Reusable Bag
959,2026-08-30,Tomato Sauce
960,2026-01-25,2% Milk
960,2026-01-25,Butter
960,2026-01-25,Carrots
960,2026-01-25,Chocolate
960,2026-01-25,Cucumber
960,2026-01-25,Garlic
960,2026-01-25,Lettuce
960,2026-01-25,Olive Oil
960,2026-01-25,Onions
960,2026-01-25,Reusable Bag
960,2026-01-25,Tomatoes
961,2026-09-23,Cucumber
961,2026-09-23,Lettuce
961,2026-09-23,Rice
962,2026-11-12,Chocolate
962,2026-11-12,Croissants
962,2026-11-12,Parmesan
962,2026-11-12,Pasta
962,2026-11-12,Red Wine
962,2026-11-12,Whole Milk
963,2026-10-19,2% Milk
963,2026-10-19,Bread
963,2026-10-19,Cheddar
963,2026-10-19,Chicken Breast
963,2026-10-19,Coffee
963,2026-10-19,Croissants
963,2026-10-19,Tea
963,2026-10-19,Whole Milk
964,2026-12-18,Baby Wipes
964,2026-12-18,Bananas
964,2026-12-18,Beer
964,2026-12-18,Carrots
964,2026-12-18,Diapers
964,2026-12-18,Onions
964,2026-12-18,Potato Chips
964,2026-12-18,Reusable Bag
964,2026-12-18,Rice
965,2026-01-08,Bananas
965,2026-01-08,Chocolate
965,2026-01-08,Coffee
965,2026-01-08,Eggs
965,2026-01-08,Onions
965,2026-01-08,Reusable Bag
965,2026-01-08,Rice
965,2026-01-08,Whole Milk
966,2026-06-03,Beer
966,2026-06-03,Bread
966,2026-06-03,Coffee
966,2026-06-03,Parmesan
966,2026-06-03,Pasta
966,2026-06-03,Potato Chips
966,2026-06-03,Red Wine
966,2026-06-03,Reusable Bag
967,2026-10-30,Bananas
967,2026-10-30,Coffee
967,2026-10-30,Croissants
967,2026-10-30,Reusable Bag
967,2026-10-30,Whole Milk
968,2026-11-13,2% Milk
968,2026-11-13,Bananas
968,2026-11-13,Coffee
968,2026-11-13,Eggs
968,2026-11-13,Orange Juice
968,2026-11-13,Paper Towels
968,2026-11-13,Yogurt
969,2026-03-12,Dish Soap
969,2026-03-12,Pasta
969,2026-03-12,Reusable Bag
969,2026-03-12,Tea
969,2026-03-12,Yogurt
970,2026-03-09,Baby Food
970,2026-03-09,Baby Wipes
970,2026-03-09,Beer
970,2026-03-09,Cheddar
970,2026-03-09,Diapers
970,2026-03-09,Reusable Bag
971,2026-01-06,Apples
971,2026-01-06,Carrots
971,2026-01-06,Cheddar
971,2026-01-06,Croissants
971,2026-01-06,Eggs
971,2026-01-06,Parmesan
971,2026-01-06,Pasta
971,2026-01-06,Red Wine
971,2026-01-06,Reusable Bag
971,2026-01-06,Tomato Sauce
972,2026-04-12,2% Milk
972,2026-04-12,Cheddar
972,2026-04-12,Chicken Breast
972,2026-04-12,Coffee
972,2026-04-12,Orange Juice
972,2026-04-12,Reusable Bag
972,2026-04-12,Whole Milk
973,2026-07-09,Cucumber
973,2026-07-09,Diapers
973,2026-07-09,Garlic
973,2026-07-09,Onions
973,2026-07-09,Parmesan
973,2026-07-09,Pasta
973,2026-07-09,Red Wine
973,2026-07-09,Reusable Bag
973,2026-07-09,Tomato Sauce
974,2026-11-01,Beer
974,2026-11-01,Cereal
974,2026-11-01,Cucumber
974,2026-11-01,Lettuce
974,2026-11-01,Paper Towels
974,2026-11-01,Red Wine
974,2026-11-01,Reusable Bag
974,2026-11-01,Sparkling Water
974,2026-11-01,Yogurt
975,2026-07-25,Apples
975,2026-07-25,Cereal
975,2026-07-25,Chocolate
975,2026-07-25,Croissants
975,2026-07-25,Eggs
975,2026-07-25,Paper Towels
975,2026-07-25,Pasta
975,2026-07-25,Red Wine
975,2026-07-25,Reusable Bag
975,2026-07-25,Tomato Sauce
976,2026-05-31,Bananas
976,2026-05-31,Charcoal
976,2026-05-31,Ketchup
976,2026-05-31,Reusable Bag
976,2026-05-31,Steak
977,2026-05-29,Baby Food
977,2026-05-29,Baby Wipes
977,2026-05-29,Beer
977,2026-05-29,Chocolate
977,2026-05-29,Coffee
977,2026-05-29,Diapers
977,2026-05-29,Reusable Bag
977,2026-05-29,Sparkling Water
977,2026-05-29,Steak
978,2026-09-13,Apples
978,2026-09-13,Bananas
978,2026-09-13,Parmesan
978,2026-09-13,Pasta
978,2026-09-13,Red Wine
978,2026-09-13,Reusable Bag
978,2026-09-13,Sparkling Water
979,2026-10-18,Apples
979,2026-10-18,Charcoal
979,2026-10-18,Coffee
979,2026-10-18,Cucumber
979,2026-10-18,Eggs
979,2026-10-18,Lettuce
979,2026-10-18,Onions
979,2026-10-18,Orange Juice
979,2026-10-18,Potato Chips
979,2026-10-18,Reusable Bag
980,2026-07-03,Chicken Breast
980,2026-07-03,Eggs
980,2026-07-03,Frozen Pizza
980,2026-07-03,Reusable Bag
980,2026-07-03,Rice
980,2026-07-03,Sparkling Water
981,2026-08-20,Carrots
981,2026-08-20,Chicken Breast
981,2026-08-20,Chocolate
981,2026-08-20,Frozen Pizza
981,2026-08-20,Lettuce
981,2026-08-20,Tomatoes
982,2026-01-19,Bread
982,2026-01-19,Reusable Bag
982,2026-01-19,Rice
983,2026-07-03,Bread
983,2026-07-03,Cereal
983,2026-07-03,Chicken Breast
983,2026-07-03,Croissants
983,2026-07-03,Diapers
983,2026-07-03,Garlic
983,2026-07-03,Onions
983,2026-07-03,Parmesan
983,2026-07-03,Pasta
983,2026-07-03,Red Wine
983,2026-07-03,Reusable Bag
983,2026-07-03,Tomato Sauce
983,2026-07-03,Yogurt
984,2026-04-26,2% Milk
984,2026-04-26,Butter
984,2026-04-26,Cereal
984,2026-04-26,Chicken Breast
984,2026-04-26,Pasta
984,2026-04-26,Red Wine
984,2026-04-26,Reusable Bag
984,2026-04-26,Tomato Sauce
985,2026-02-07,2% Milk
985,2026-02-07,Burger Buns
985,2026-02-07,Carrots
985,2026-02-07,Charcoal
985,2026-02-07,Onions
985,2026-02-07,Reusable Bag
985,2026-02-07,Steak
986,2026-10-14,Cereal
986,2026-10-14,Garlic
986,2026-10-14,Parmesan
986,2026-10-14,Pasta
987,2026-03-14,Dish Soap
987,2026-03-14,Frozen Pizza
987,2026-03-14,Garlic
987,2026-03-14,Parmesan
987,2026-03-14,Pasta
987,2026-03-14,Potato Chips
987,2026-03-14,Red Wine
987,2026-03-14,Reusable Bag
987,2026-03-14,Steak
987,2026-03-14,Tomato Sauce
988,2026-10-17,Butter
988,2026-10-17,Carrots
988,2026-10-17,Charcoal
988,2026-10-17,Cheddar
988,2026-10-17,Coffee
988,2026-10-17,Croissants
988,2026-10-17,Diapers
988,2026-10-17,Orange Juice
988,2026-10-17,Red Wine
988,2026-10-17,Reusable Bag
989,2026-09-18,Bread
989,2026-09-18,Coffee
989,2026-09-18,Croissants
989,2026-09-18,Eggs
989,2026-09-18,Orange Juice
989,2026-09-18,Paper Towels
989,2026-09-18,Reusable Bag
990,2026-06-30,Bananas
990,2026-06-30,Cheddar
990,2026-06-30,Frozen Pizza
990,2026-06-30,Lettuce
990,2026-06-30,Olive Oil
990,2026-06-30,Potato Chips
990,2026-06-30,Reusable Bag
990,2026-06-30,Rice
990,2026-06-30,Tomatoes
991,2026-07-14,Apples
991,2026-07-14,Baby Food
991,2026-07-14,Baby Wipes
991,2026-07-14,Bread
991,2026-07-14,Cheddar
991,2026-07-14,Chocolate
991,2026-07-14,Diapers
991,2026-07-14,Onions
991,2026-07-14,Reusable Bag
992,2026-03-21,2% Milk
992,2026-03-21,Baby Food
992,2026-03-21,Chicken Breast
992,2026-03-21,Chocolate
992,2026-03-21,Diapers
992,2026-03-21,Yogurt
993,2026-08-15,Baby Food
993,2026-08-15,Baby Wipes
993,2026-08-15,Bananas
993,2026-08-15,Beer
993,2026-08-15,Butter
993,2026-08-15,Cucumber
993,2026-08-15,Diapers
993,2026-08-15,Frozen Pizza
993,2026-08-15,Olive Oil
993,2026-08-15,Reusable Bag
993,2026-08-15,Sparkling Water
994,2026-11-06,Charcoal
994,2026-11-06,Dish Soap
994,2026-11-06,Ketchup
994,2026-11-06,Reusable Bag
994,2026-11-06,Steak
995,2026-11-28,Apples
995,2026-11-28,Bananas
995,2026-11-28,Beer
995,2026-11-28,Burger Buns
995,2026-11-28,Charcoal
995,2026-11-28,Dish Soap
995,2026-11-28,Eggs
995,2026-11-28,Ketchup
995,2026-11-28,Red Wine
995,2026-11-28,Reusable Bag
995,2026-11-28,Rice
996,2026-06-17,Bread
996,2026-06-17,Cheddar
996,2026-06-17,Garlic
996,2026-06-17,Paper Towels
996,2026-06-17,Pasta
996,2026-06-17,Reusable Bag
996,2026-06-17,Rice
996,2026-06-17,Sparkling Water
996,2026-06-17,Tomato Sauce
997,2026-08-17,Beer
997,2026-08-17,Burger Buns
997,2026-08-17,Charcoal
997,2026-08-17,Chicken Breast
997,2026-08-17,Ketchup
997,2026-08-17,Parmesan
997,2026-08-17,Reusable Bag
997,2026-08-17,Steak
998,2026-12-14,Charcoal
998,2026-12-14,Chicken Breast
998,2026-12-14,Chocolate
998,2026-12-14,Garlic
998,2026-12-14,Paper Towels
998,2026-12-14,Parmesan
998,2026-12-14,Pasta
998,2026-12-14,Reusable Bag
998,2026-12-14,Rice
998,2026-12-14,Tomato Sauce
998,2026-12-14,Tomatoes
998,2026-12-14,Yogurt
999,2026-12-18,Apples
999,2026-12-18,Eggs
999,2026-12-18,Lettuce
999,2026-12-18,Reusable Bag
999,2026-12-18,Sparkling Water
999,2026-12-18,Tomatoes
999,2026-12-18,Yogurt
1000,2026-03-20,Cheddar
1000,2026-03-20,Coffee
1000,2026-03-20,Frozen Pizza
1000,2026-03-20,Reusable Bag
1000,2026-03-20,Tea
1000,2026-03-20,Whole Milk
1001,2026-08-26,Baby Food
1001,2026-08-26,Baby Wipes
1001,2026-08-26,Beer
1001,2026-08-26,Chocolate
1001,2026-08-26,Diapers
1001,2026-08-26,Olive Oil
1001,2026-08-26,Reusable Bag
1001,2026-08-26,Tomato Sauce
1001,2026-08-26,Tomatoes
1002,2026-06-08,Burger Buns
1002,2026-06-08,Cereal
1002,2026-06-08,Coffee
1002,2026-06-08,Garlic
1002,2026-06-08,Paper Towels
1002,2026-06-08,Parmesan
1002,2026-06-08,Pasta
1002,2026-06-08,Reusable Bag
1003,2026-07-23,Baby Food
1003,2026-07-23,Garlic
1003,2026-07-23,Pasta
1003,2026-07-23,Potato Chips
1003,2026-07-23,Reusable Bag
1003,2026-07-23,Tomato Sauce
1003,2026-07-23,Tomatoes
1004,2026-06-24,Baby Wipes
1004,2026-06-24,Bananas
1004,2026-06-24,Butter
1004,2026-06-24,Carrots
1004,2026-06-24,Cheddar
1004,2026-06-24,Chicken Breast
1004,2026-06-24,Coffee
1004,2026-06-24,Reusable Bag
1004,2026-06-24,Whole Milk
1005,2026-06-06,Cucumber
1005,2026-06-06,Eggs
1005,2026-06-06,Lettuce
1005,2026-06-06,Paper Towels
1005,2026-06-06,Reusable Bag
1006,2026-12-28,2% Milk
1006,2026-12-28,Apples
1006,2026-12-28,Cereal
1006,2026-12-28,Chicken Breast
1006,2026-12-28,Reusable Bag
1006,2026-12-28,Sparkling Water
1007,2026-11-09,Chocolate
1007,2026-11-09,Garlic
1007,2026-11-09,Parmesan
1007,2026-11-09,Pasta
1007,2026-11-09,Red Wine
1007,2026-11-09,Reusable Bag
1007,2026-11-09,Rice
1007,2026-11-09,Tomato Sauce
1008,2026-08-17,Apples
1008,2026-08-17,Bread
1008,2026-08-17,Eggs
1008,2026-08-17,Reusable Bag
1008,2026-08-17,Yogurt
1009,2026-05-15,2% Milk
1009,2026-05-15,Frozen Pizza
1009,2026-05-15,Onions
1009,2026-05-15,Tea
1010,2026-06-18,Baby Wipes
1010,2026-06-18,Butter
1010,2026-06-18,Reusable Bag
1010,2026-06-18,Tomato Sauce
1011,2026-11-02,Coffee
1011,2026-11-02,Cucumber
1011,2026-11-02,Eggs
1011,2026-11-02,Lettuce
1011,2026-11-02,Potato Chips
1011,2026-11-02,Reusable Bag
1011,2026-11-02,Rice
1011,2026-11-02,Tomatoes
1012,2026-04-19,Dish Soap
1012,2026-04-19,Onions
1012,2026-04-19,Reusable Bag
1012,2026-04-19,Rice
1013,2026-03-08,Chocolate
1013,2026-03-08,Coffee
1013,2026-03-08,Garlic
1013,2026-03-08,Tomatoes
1013,2026-03-08,Whole Milk
1014,2026-08-25,Bread
1014,2026-08-25,Carrots
1014,2026-08-25,Cereal
1014,2026-08-25,Cucumber
1014,2026-08-25,Eggs
1014,2026-08-25,Paper Towels
1014,2026-08-25,Reusable Bag
1014,2026-08-25,Steak
1014,2026-08-25,Tomatoes
1015,2026-12-01,Cereal
1015,2026-12-01,Frozen Pizza
1015,2026-12-01,Lettuce
1015,2026-12-01,Olive Oil
1015,2026-12-01,Reusable Bag
1015,2026-12-01,Rice
1015,2026-12-01,Tea
1016,2026-09-28,Apples
1016,2026-09-28,Bread
1016,2026-09-28,Burger Buns
1016,2026-09-28,Butter
1016,2026-09-28,Charcoal
1016,2026-09-28,Chocolate
1016,2026-09-28,Diapers
1016,2026-09-28,Eggs
1016,2026-09-28,Garlic
1016,2026-09-28,Ketchup
1016,2026-09-28,Red Wine
1016,2026-09-28,Reusable Bag
1016,2026-09-28,Steak
1017,2026-03-30,2% Milk
1017,2026-03-30,Baby Food
1017,2026-03-30,Bananas
1017,2026-03-30,Beer
1017,2026-03-30,Burger Buns
1017,2026-03-30,Diapers
1017,2026-03-30,Eggs
1017,2026-03-30,Reusable Bag
1017,2026-03-30,Yogurt
1018,2026-04-21,Beer
1018,2026-04-21,Charcoal
1018,2026-04-21,Frozen Pizza
1018,2026-04-21,Ketchup
1018,2026-04-21,Reusable Bag
1018,2026-04-21,Steak
1019,2026-06-14,Baby Wipes
1019,2026-06-14,Paper Towels
1019,2026-06-14,Red Wine
1019,2026-06-14,Reusable Bag
1020,2026-05-15,2% Milk
1020,2026-05-15,Bread
1020,2026-05-15,Coffee
1020,2026-05-15,Olive Oil
1020,2026-05-15,Orange Juice
1020,2026-05-15,Parmesan
1020,2026-05-15,Steak
1020,2026-05-15,Whole Milk
1021,2026-09-10,Apples
1021,2026-09-10,Baby Food
1021,2026-09-10,Baby Wipes
1021,2026-09-10,Diapers
1021,2026-09-10,Potato Chips
1021,2026-09-10,Reusable Bag
1021,2026-09-10,Rice
1021,2026-09-10,Whole Milk
1022,2026-12-24,Cheddar
1022,2026-12-24,Chicken Breast
1022,2026-12-24,Lettuce
1022,2026-12-24,Paper Towels
1022,2026-12-24,Reusable Bag
1022,2026-12-24,Sparkling Water
1023,2026-11-04,Charcoal
1023,2026-11-04,Cheddar
1023,2026-11-04,Frozen Pizza
1023,2026-11-04,Ketchup
1023,2026-11-04,Steak
1023,2026-11-04,Yogurt
1024,2026-03-12,Bread
1024,2026-03-12,Carrots
1024,2026-03-12,Chocolate
1024,2026-03-12,Diapers
1024,2026-03-12,Olive Oil
1025,2026-04-20,Apples
1025,2026-04-20,Cereal
1025,2026-04-20,Cheddar
1025,2026-04-20,Coffee
1025,2026-04-20,Croissants
1025,2026-04-20,Onions
1025,2026-04-20,Orange Juice
1025,2026-04-20,Paper Towels
1025,2026-04-20,Reusable Bag
1025,2026-04-20,Whole Milk
1026,2026-01-29,Bread
1026,2026-01-29,Cereal
1026,2026-01-29,Reusable Bag
1026,2026-01-29,Tea
1027,2026-06-13,Cereal
1027,2026-06-13,Charcoal
1027,2026-06-13,Ketchup
1027,2026-06-13,Lettuce
1027,2026-06-13,Reusable Bag
1027,2026-06-13,Steak
1028,2026-03-08,Burger Buns
1028,2026-03-08,Charcoal
1028,2026-03-08,Cheddar
1028,2026-03-08,Ketchup
1028,2026-03-08,Reusable Bag
1028,2026-03-08,Steak
1028,2026-03-08,Tomato Sauce
1029,2026-09-05,Burger Buns
1029,2026-09-05,Carrots
1029,2026-09-05,Charcoal
1029,2026-09-05,Dish Soap
1029,2026-09-05,Eggs
1029,2026-09-05,Olive Oil
1029,2026-09-05,Paper Towels
1029,2026-09-05,Parmesan
1029,2026-09-05,Pasta
1029,2026-09-05,Reusable Bag
1029,2026-09-05,Steak
1030,2026-01-11,2% Milk
1030,2026-01-11,Chicken Breast
1030,2026-01-11,Chocolate
1030,2026-01-11,Coffee
1030,2026-01-11,Croissants
1030,2026-01-11,Orange Juice
1030,2026-01-11,Reusable Bag
1030,2026-01-11,Whole Milk
1030,2026-01-11,Yogurt
1031,2026-06-30,Bananas
1031,2026-06-30,Beer
1031,2026-06-30,Bread
1031,2026-06-30,Burger Buns
1031,2026-06-30,Charcoal
1031,2026-06-30,Dish Soap
1031,2026-06-30,Eggs
1031,2026-06-30,Ketchup
1031,2026-06-30,Reusable Bag
1031,2026-06-30,Sparkling Water
1031,2026-06-30,Steak
1032,2026-12-14,Eggs
1032,2026-12-14,Lettuce
1032,2026-12-14,Reusable Bag
1032,2026-12-14,Tomatoes
1033,2026-10-20,Carrots
1033,2026-10-20,Coffee
1033,2026-10-20,Croissants
1033,2026-10-20,Frozen Pizza
1033,2026-10-20,Olive Oil
1033,2026-10-20,Orange Juice
1033,2026-10-20,Red Wine
1033,2026-10-20,Reusable Bag
1033,2026-10-20,Whole Milk
1034,2026-10-29,Burger Buns
1034,2026-10-29,Cereal
1034,2026-10-29,Chicken Breast
1034,2026-10-29,Croissants
1034,2026-10-29,Eggs
1034,2026-10-29,Frozen Pizza
1034,2026-10-29,Lettuce
1034,2026-10-29,Onions
1035,2026-09-04,Reusable Bag
1035,2026-09-04,Yogurt
1036,2026-03-03,Baby Food
1036,2026-03-03,Baby Wipes
1036,2026-03-03,Beer
1036,2026-03-03,Bread
1036,2026-03-03,Carrots
1036,2026-03-03,Diapers
1036,2026-03-03,Eggs
1036,2026-03-03,Onions
1036,2026-03-03,Reusable Bag
1037,2026-01-05,2% Milk
1037,2026-01-05,Apples
1037,2026-01-05,Burger Buns
1037,2026-01-05,Carrots
1037,2026-01-05,Charcoal
1037,2026-01-05,Ketchup
1037,2026-01-05,Potato Chips
1037,2026-01-05,Steak
1038,2026-03-29,Apples
1038,2026-03-29,Bananas
1038,2026-03-29,Burger Buns
1038,2026-03-29,Carrots
1038,2026-03-29,Garlic
1038,2026-03-29,Pasta
1038,2026-03-29,Red Wine
1038,2026-03-29,Reusable Bag
1038,2026-03-29,Whole Milk
1039,2026-08-10,Cucumber
1039,2026-08-10,Lettuce
1039,2026-08-10,Olive Oil
1039,2026-08-10,Reusable Bag
1039,2026-08-10,Tomatoes
1039,2026-08-10,Yogurt
1040,2026-01-29,Bananas
1040,2026-01-29,Butter
1040,2026-01-29,Coffee
1040,2026-01-29,Croissants
1040,2026-01-29,Eggs
1040,2026-01-29,Frozen Pizza
1040,2026-01-29,Orange Juice
1040,2026-01-29,Reusable Bag
1040,2026-01-29,Whole Milk
1041,2026-07-13,Butter
1041,2026-07-13,Chicken Breast
1041,2026-07-13,Chocolate
1041,2026-07-13,Eggs
1041,2026-07-13,Lettuce
1041,2026-07-13,Reusable Bag
1041,2026-07-13,Tomatoes
1042,2026-10-12,Apples
1042,2026-10-12,Baby Food
1042,2026-10-12,Chocolate
1042,2026-10-12,Diapers
1042,2026-10-12,Potato Chips
1042,2026-10-12,Reusable Bag
1042,2026-10-12,Tea
1042,2026-10-12,Yogurt
1043,2026-03-11,Bread
1043,2026-03-11,Cheddar
1043,2026-03-11,Garlic
1043,2026-03-11,Parmesan
1043,2026-03-11,Pasta
1043,2026-03-11,Reusable Bag
1043,2026-03-11,Rice
1043,2026-03-11,Tomato Sauce
1043,2026-03-11,Yogurt
1044,2026-03-03,Bread
1044,2026-03-03,Butter
1044,2026-03-03,Garlic
1044,2026-03-03,Onions
1044,2026-03-03,Parmesan
1044,2026-03-03,Pasta
1044,2026-03-03,Red Wine
1044,2026-03-03,Tomato Sauce
1045,2026-08-27,Beer
1045,2026-08-27,Bread
1045,2026-08-27,Burger Buns
1045,2026-08-27,Charcoal
1045,2026-08-27,Cheddar
1045,2026-08-27,Chicken Breast
1045,2026-08-27,Eggs
1045,2026-08-27,Reusable Bag
1045,2026-08-27,Steak
1046,2026-02-23,Apples
1046,2026-02-23,Chicken Breast
1046,2026-02-23,Onions
1046,2026-02-23,Parmesan
1046,2026-02-23,Pasta
1046,2026-02-23,Reusable Bag
1046,2026-02-23,Rice
1046,2026-02-23,Tomato Sauce
1047,2026-09-22,Bananas
1047,2026-09-22,Bread
1047,2026-09-22,Chicken Breast
1047,2026-09-22,Eggs
1047,2026-09-22,Garlic
1047,2026-09-22,Reusable Bag
1047,2026-09-22,Rice
1048,2026-09-14,Butter
1048,2026-09-14,Chicken Breast
1048,2026-09-14,Coffee
1048,2026-09-14,Lettuce
1048,2026-09-14,Reusable Bag
1049,2026-01-28,Baby Food
1049,2026-01-28,Butter
1049,2026-01-28,Chicken Breast
1049,2026-01-28,Croissants
1049,2026-01-28,Potato Chips
1049,2026-01-28,Reusable Bag
1049,2026-01-28,Rice
1049,2026-01-28,Whole Milk
1049,2026-01-28,Yogurt
1050,2026-03-29,Cheddar
1050,2026-03-29,Coffee
1050,2026-03-29,Pasta
1050,2026-03-29,Potato Chips
1050,2026-03-29,Reusable Bag
1050,2026-03-29,Tomatoes
1051,2026-05-27,Bananas
1051,2026-05-27,Charcoal
1051,2026-05-27,Coffee
1051,2026-05-27,Croissants
1051,2026-05-27,Orange Juice
1051,2026-05-27,Potato Chips
1051,2026-05-27,Reusable Bag
1051,2026-05-27,Tea
1051,2026-05-27,Whole Milk
1052,2026-08-08,Bread
1052,2026-08-08,Coffee
1052,2026-08-08,Croissants
1052,2026-08-08,Orange Juice
1052,2026-08-08,Reusable Bag
1053,2026-05-31,Butter
1053,2026-05-31,Dish Soap
1053,2026-05-31,Onions
1053,2026-05-31,Reusable Bag
1053,2026-05-31,Sparkling Water
1054,2026-01-23,Beer
1054,2026-01-23,Burger Buns
1054,2026-01-23,Charcoal
1054,2026-01-23,Chocolate
1054,2026-01-23,Diapers
1054,2026-01-23,Eggs
1054,2026-01-23,Frozen Pizza
1054,2026-01-23,Paper Towels
1054,2026-01-23,Reusable Bag
1054,2026-01-23,Rice
1055,2026-09-26,Carrots
1055,2026-09-26,Frozen Pizza
1055,2026-09-26,Lettuce
1055,2026-09-26,Reusable Bag
1055,2026-09-26,Tomatoes
1055,2026-09-26,Yogurt
1056,2026-12-19,Baby Food
1056,2026-12-19,Baby Wipes
1056,2026-12-19,Beer
1056,2026-12-19,Diapers
1056,2026-12-19,Paper Towels
1056,2026-12-19,Parmesan
1056,2026-12-19,Red Wine
1056,2026-12-19,Reusable Bag
1057,2026-06-14,Beer
1057,2026-06-14,Bread
1057,2026-06-14,Burger Buns
1057,2026-06-14,Charcoal
1057,2026-06-14,Onions
1057,2026-06-14,Reusable Bag
1057,2026-06-14,Steak
1058,2026-04-04,Bread
1058,2026-04-04,Carrots
1058,2026-04-04,Chicken Breast
1058,2026-04-04,Reusable Bag
1059,2026-06-06,Carrots
1059,2026-06-06,Coffee
1059,2026-06-06,Croissants
1059,2026-06-06,Orange Juice
1059,2026-06-06,Reusable Bag
1059,2026-06-06,Whole Milk
1059,2026-06-06,Yogurt
1060,2026-05-20,Bananas
1060,2026-05-20,Beer
1060,2026-05-20,Coffee
1060,2026-05-20,Eggs
1060,2026-05-20,Garlic
1060,2026-05-20,Onions
1060,2026-05-20,Paper Towels
1060,2026-05-20,Pasta
1060,2026-05-20,Potato Chips
1060,2026-05-20,Reusable Bag
1061,2026-06-01,Bread
1061,2026-06-01,Butter
1061,2026-06-01,Chicken Breast
1061,2026-06-01,Parmesan
1061,2026-06-01,Pasta
1061,2026-06-01,Reusable Bag
1061,2026-06-01,Rice
1061,2026-06-01,Tea
1062,2026-02-25,Bananas
1062,2026-02-25,Cucumber
1062,2026-02-25,Lettuce
1062,2026-02-25,Reusable Bag
1063,2026-03-16,Burger Buns
1063,2026-03-16,Charcoal
1063,2026-03-16,Chocolate
1063,2026-03-16,Eggs
1063,2026-03-16,Reusable Bag
1063,2026-03-16,Steak
1063,2026-03-16,Tea
1064,2026-09-09,Beer
1064,2026-09-09,Burger Buns
1064,2026-09-09,Carrots
1064,2026-09-09,Charcoal
1064,2026-09-09,Cheddar
1064,2026-09-09,Dish Soap
1064,2026-09-09,Ketchup
1064,2026-09-09,Onions
1064,2026-09-09,Reusable Bag
1064,2026-09-09,Steak
1065,2026-12-29,2% Milk
1065,2026-12-29,Beer
1065,2026-12-29,Bread
1065,2026-12-29,Burger Buns
1065,2026-12-29,Charcoal
1065,2026-12-29,Ketchup
1065,2026-12-29,Paper Towels
1065,2026-12-29,Reusable Bag
1065,2026-12-29,Steak
1066,2026-07-24,Parmesan
1066,2026-07-24,Pasta
1066,2026-07-24,Red Wine
1066,2026-07-24,Reusable Bag
1066,2026-07-24,Sparkling Water
1066,2026-07-24,Tomato Sauce
1067,2026-01-21,Eggs
1067,2026-01-21,Frozen Pizza
1067,2026-01-21,Reusable Bag
1068,2026-01-04,Cereal
1068,2026-01-04,Onions
1068,2026-01-04,Reusable Bag
1069,2026-04-09,Orange Juice
1069,2026-04-09,Parmesan
1069,2026-04-09,Pasta
1069,2026-04-09,Reusable Bag
1069,2026-04-09,Sparkling Water
1069,2026-04-09,Tomato Sauce
1070,2026-05-23,Bananas
1070,2026-05-23,Eggs
1070,2026-05-23,Lettuce
1070,2026-05-23,Olive Oil
1070,2026-05-23,Reusable Bag
1070,2026-05-23,Tomatoes
1071,2026-09-15,Apples
1071,2026-09-15,Bananas
1071,2026-09-15,Bread
1071,2026-09-15,Cereal
1071,2026-09-15,Garlic
1071,2026-09-15,Olive Oil
1071,2026-09-15,Parmesan
1071,2026-09-15,Pasta
1071,2026-09-15,Red Wine
1071,2026-09-15,Tea
1071,2026-09-15,Tomato Sauce
1072,2026-05-27,Cereal
1072,2026-05-27,Chicken Breast
1072,2026-05-27,Tea
1073,2026-07-25,Cucumber
1073,2026-07-25,Diapers
1073,2026-07-25,Lettuce
1073,2026-07-25,Olive Oil
1073,2026-07-25,Paper Towels
1073,2026-07-25,Reusable Bag
1073,2026-07-25,Tea
1073,2026-07-25,Tomato Sauce
1073,2026-07-25,Tomatoes
1073,2026-07-25,Yogurt
1074,2026-02-16,Butter
1074,2026-02-16,Coffee
1074,2026-02-16,Croissants
1074,2026-02-16,Reusable Bag
1074,2026-02-16,Whole Milk
1075,2026-08-13,Apples
1075,2026-08-13,Coffee
1075,2026-08-13,Croissants
1075,2026-08-13,Reusable Bag
1075,2026-08-13,Whole Milk
1076,2026-06-19,Baby Food
1076,2026-06-19,Baby Wipes
1076,2026-06-19,Bread
1076,2026-06-19,Butter
1076,2026-06-19,Carrots
1076,2026-06-19,Diapers
1076,2026-06-19,Potato Chips
1076,2026-06-19,Rice
1077,2026-10-20,Cucumber
1077,2026-10-20,Eggs
1077,2026-10-20,Lettuce
1077,2026-10-20,Potato Chips
1077,2026-10-20,Reusable Bag
1077,2026-10-20,Tea
1077,2026-10-20,Tomatoes
1078,2026-02-22,Bread
1078,2026-02-22,Burger Buns
1078,2026-02-22,Charcoal
1078,2026-02-22,Chocolate
1078,2026-02-22,Reusable Bag
1078,2026-02-22,Sparkling Water
1078,2026-02-22,Steak
1079,2026-07-04,Apples
1079,2026-07-04,Bananas
1079,2026-07-04,Beer
1079,2026-07-04,Bread
1079,2026-07-04,Dish Soap
1079,2026-07-04,Ketchup
1079,2026-07-04,Reusable Bag
1079,2026-07-04,Tomato Sauce
1079,2026-07-04,Yogurt
1080,2026-04-05,Bread
1080,2026-04-05,Burger Buns
1080,2026-04-05,Carrots
1080,2026-04-05,Charcoal
1080,2026-04-05,Dish Soap
1080,2026-04-05,Frozen Pizza
1080,2026-04-05,Ketchup
1080,2026-04-05,Parmesan
1080,2026-04-05,Potato Chips
1080,2026-04-05,Reusable Bag
1081,2026-08-08,Carrots
1081,2026-08-08,Cucumber
1081,2026-08-08,Eggs
1081,2026-08-08,Lettuce
1081,2026-08-08,Tomatoes
1082,2026-08-02,Apples
1082,2026-08-02,Baby Food
1082,2026-08-02,Baby Wipes
1082,2026-08-02,Beer
1082,2026-08-02,Carrots
1082,2026-08-02,Cheddar
1082,2026-08-02,Diapers
1082,2026-08-02,Paper Towels
1082,2026-08-02,Reusable Bag
1083,2026-03-25,2% Milk
1083,2026-03-25,Burger Buns
1083,2026-03-25,Charcoal
1083,2026-03-25,Diapers
1083,2026-03-25,Orange Juice
1083,2026-03-25,Reusable Bag
1083,2026-03-25,Sparkling Water
1083,2026-03-25,Steak
1084,2026-10-20,Bread
1084,2026-10-20,Burger Buns
1084,2026-10-20,Carrots
1084,2026-10-20,Charcoal
1084,2026-10-20,Orange Juice
1084,2026-10-20,Reusable Bag
1084,2026-10-20,Steak
1085,2026-09-04,2% Milk
1085,2026-09-04,Chicken Breast
1085,2026-09-04,Garlic
1085,2026-09-04,Potato Chips
1085,2026-09-04,Red Wine
1085,2026-09-04,Reusable Bag
1085,2026-09-04,Rice
1086,2026-04-01,Baby Food
1086,2026-04-01,Baby Wipes
1086,2026-04-01,Bananas
1086,2026-04-01,Beer
1086,2026-04-01,Diapers
1086,2026-04-01,Reusable Bag
1087,2026-05-06,Cheddar
1087,2026-05-06,Eggs
1087,2026-05-06,Onions
1087,2026-05-06,Potato Chips
1087,2026-05-06,Reusable Bag
1087,2026-05-06,Rice
1087,2026-05-06,Steak
1087,2026-05-06,Whole Milk
1088,2026-05-05,Baby Wipes
1088,2026-05-05,Coffee
1088,2026-05-05,Reusable Bag
1088,2026-05-05,Sparkling Water
1088,2026-05-05,Whole Milk
1089,2026-12-03,2% Milk
1089,2026-12-03,Apples
1089,2026-12-03,Parmesan
1089,2026-12-03,Pasta
1089,2026-12-03,Sparkling Water
1089,2026-12-03,Tomato Sauce
1090,2026-10-07,2% Milk
1090,2026-10-07,Bread
1090,2026-10-07,Carrots
1090,2026-10-07,Cucumber
1090,2026-10-07,Eggs
1090,2026-10-07,Lettuce
1090,2026-10-07,Olive Oil
1090,2026-10-07,Reusable Bag
1090,2026-10-07,Tomatoes
1091,2026-08-05,Butter
1091,2026-08-05,Parmesan
1091,2026-08-05,Pasta
1091,2026-08-05,Tomato Sauce
1092,2026-11-03,Apples
1092,2026-11-03,Cereal
1092,2026-11-03,Chicken Breast
1092,2026-11-03,Onions
1092,2026-11-03,Yogurt
1093,2026-10-27,Apples
1093,2026-10-27,Cereal
1093,2026-10-27,Pasta
1093,2026-10-27,Red Wine
1093,2026-10-27,Tomato Sauce
1094,2026-10-14,2% Milk
1094,2026-10-14,Butter
1094,2026-10-14,Carrots
1094,2026-10-14,Coffee
1094,2026-10-14,Croissants
1094,2026-10-14,Eggs
1094,2026-10-14,Onions
1094,2026-10-14,Orange Juice
1094,2026-10-14,Reusable Bag
1094,2026-10-14,Whole Milk
1095,2026-08-23,Chocolate
1095,2026-08-23,Frozen Pizza
1095,2026-08-23,Lettuce
1095,2026-08-23,Pasta
1095,2026-08-23,Potato Chips
1095,2026-08-23,Red Wine
1095,2026-08-23,Reusable Bag
1095,2026-08-23,Tea
1095,2026-08-23,Tomato Sauce
1096,2026-05-07,Bread
1096,2026-05-07,Butter
1096,2026-05-07,Coffee
1096,2026-05-07,Onions
1096,2026-05-07,Paper Towels
1096,2026-05-07,Whole Milk
1096,2026-05-07,Yogurt
1097,2026-05-07,Bananas
1097,2026-05-07,Orange Juice
1097,2026-05-07,Pasta
1097,2026-05-07,Red Wine
1097,2026-05-07,Reusable Bag
1098,2026-08-08,Charcoal
1098,2026-08-08,Chocolate
1098,2026-08-08,Reusable Bag
1099,2026-06-04,2% Milk
1099,2026-06-04,Burger Buns
1099,2026-06-04,Charcoal
1099,2026-06-04,Ketchup
1099,2026-06-04,Reusable Bag
1100,2026-09-11,Cereal
1100,2026-09-11,Paper Towels
1100,2026-09-11,Reusable Bag
1100,2026-09-11,Tomatoes
1101,2026-04-25,Cheddar
1101,2026-04-25,Coffee
1101,2026-04-25,Cucumber
1101,2026-04-25,Diapers
1101,2026-04-25,Lettuce
1101,2026-04-25,Olive Oil
1101,2026-04-25,Tea
1101,2026-04-25,Tomatoes
1102,2026-08-02,Apples
1102,2026-08-02,Coffee
1102,2026-08-02,Croissants
1102,2026-08-02,Cucumber
1102,2026-08-02,Reusable Bag
1103,2026-10-17,Bananas
1103,2026-10-17,Butter
1103,2026-10-17,Cucumber
1103,2026-10-17,Lettuce
1103,2026-10-17,Olive Oil
1103,2026-10-17,Potato Chips
1103,2026-10-17,Reusable Bag
1103,2026-10-17,Rice
1103,2026-10-17,Tomatoes
1104,2026-11-25,Apples
1104,2026-11-25,Beer
1104,2026-11-25,Burger Buns
1104,2026-11-25,Charcoal
1104,2026-11-25,Chicken Breast
1104,2026-11-25,Ketchup
1104,2026-11-25,Onions
1104,2026-11-25,Reusable Bag
1104,2026-11-25,Steak
1105,2026-11-24,Baby Food
1105,2026-11-24,Beer
1105,2026-11-24,Charcoal
1105,2026-11-24,Cheddar
1105,2026-11-24,Chicken Breast
1105,2026-11-24,Croissants
1105,2026-11-24,Dish Soap
1105,2026-11-24,Ketchup
1105,2026-11-24,Parmesan
1105,2026-11-24,Potato Chips
1105,2026-11-24,Reusable Bag
1105,2026-11-24,Steak
1105,2026-11-24,Yogurt
1106,2026-03-31,Baby Food
1106,2026-03-31,Burger Buns
1106,2026-03-31,Cereal
1106,2026-03-31,Charcoal
1106,2026-03-31,Diapers
1106,2026-03-31,Eggs
1106,2026-03-31,Ketchup
1106,2026-03-31,Onions
1106,2026-03-31,Reusable Bag
1106,2026-03-31,Rice
1106,2026-03-31,Steak
1107,2026-03-30,Baby Wipes
1107,2026-03-30,Beer
1107,2026-03-30,Charcoal
1107,2026-03-30,Diapers
1107,2026-03-30,Eggs
1107,2026-03-30,Ketchup
1107,2026-03-30,Reusable Bag
1107,2026-03-30,Tomato Sauce
1108,2026-10-12,Bread
1108,2026-10-12,Garlic
1108,2026-10-12,Pasta
1108,2026-10-12,Potato Chips
1108,2026-10-12,Red Wine
1108,2026-10-12,Reusable Bag
1108,2026-10-12,Tomato Sauce
1109,2026-06-06,Butter
1109,2026-06-06,Cheddar
1109,2026-06-06,Onions
1109,2026-06-06,Potato Chips
1109,2026-06-06,Reusable Bag
1110,2026-08-09,Bananas
1110,2026-08-09,Carrots
1110,2026-08-09,Chicken Breast
1110,2026-08-09,Eggs
1110,2026-08-09,Orange Juice
1110,2026-08-09,Reusable Bag
1110,2026-08-09,Yogurt
1111,2026-04-10,2% Milk
1111,2026-04-10,Chocolate
1111,2026-04-10,Coffee
1111,2026-04-10,Reusable Bag
1111,2026-04-10,Sparkling Water
1111,2026-04-10,Whole Milk
1112,2026-05-22,Carrots
1112,2026-05-22,Croissants
1112,2026-05-22,Onions
1112,2026-05-22,Orange Juice
1112,2026-05-22,Parmesan
1112,2026-05-22,Reusable Bag
1112,2026-05-22,Rice
1112,2026-05-22,Sparkling Water
1113,2026-11-17,Bread
1113,2026-11-17,Butter
1113,2026-11-17,Carrots
1113,2026-11-17,Cereal
1113,2026-11-17,Dish Soap
1113,2026-11-17,Reusable Bag
1113,2026-11-17,Tomato Sauce
1114,2026-12-31,Baby Food
1114,2026-12-31,Baby Wipes
1114,2026-12-31,Beer
1114,2026-12-31,Diapers
1114,2026-12-31,Orange Juice
1114,2026-12-31,Potato Chips
1115,2026-07-10,Baby Wipes
1115,2026-07-10,Bananas
1115,2026-07-10,Cereal
1115,2026-07-10,Cheddar
1115,2026-07-10,Chocolate
1115,2026-07-10,Coffee
1115,2026-07-10,Croissants
1115,2026-07-10,Diapers
1115,2026-07-10,Paper Towels
1115,2026-07-10,Whole Milk
1116,2026-08-07,Bread
1116,2026-08-07,Cheddar
1116,2026-08-07,Dish Soap
1116,2026-08-07,Frozen Pizza
1116,2026-08-07,Paper Towels
1116,2026-08-07,Reusable Bag
1117,2026-05-16,2% Milk
1117,2026-05-16,Bread
1117,2026-05-16,Eggs
1117,2026-05-16,Parmesan
1117,2026-05-16,Pasta
1117,2026-05-16,Red Wine
1117,2026-05-16,Reusable Bag
1117,2026-05-16,Tomato Sauce
1118,2026-11-21,Pasta
1118,2026-11-21,Reusable Bag
1118,2026-11-21,Tea
1119,2026-07-14,Apples
1119,2026-07-14,Chicken Breast
1119,2026-07-14,Cucumber
1119,2026-07-14,Lettuce
1119,2026-07-14,Olive Oil
1119,2026-07-14,Reusable Bag
1120,2026-12-10,Apples
1120,2026-12-10,Baby Food
1120,2026-12-10,Baby Wipes
1120,2026-12-10,Beer
1120,2026-12-10,Carrots
1120,2026-12-10,Diapers
1120,2026-12-10,Onions
1120,2026-12-10,Reusable Bag
1120,2026-12-10,Rice
1120,2026-12-10,Sparkling Water
1120,2026-12-10,Steak
1121,2026-02-19,Bananas
1121,2026-02-19,Coffee
1121,2026-02-19,Diapers
1121,2026-02-19,Frozen Pizza
1121,2026-02-19,Orange Juice
1121,2026-02-19,Parmesan
1121,2026-02-19,Reusable Bag
1121,2026-02-19,Rice
1121,2026-02-19,Sparkling Water
1121,2026-02-19,Whole Milk
1121,2026-02-19,Yogurt
1122,2026-10-16,Burger Buns
1122,2026-10-16,Carrots
1122,2026-10-16,Charcoal
1122,2026-10-16,Chicken Breast
1122,2026-10-16,Ketchup
1122,2026-10-16,Red Wine
1122,2026-10-16,Reusable Bag
1122,2026-10-16,Steak
1123,2026-08-12,Apples
1123,2026-08-12,Parmesan
1123,2026-08-12,Pasta
1123,2026-08-12,Red Wine
1123,2026-08-12,Tomato Sauce
1124,2026-09-05,Apples
1124,2026-09-05,Bananas
1124,2026-09-05,Beer
1124,2026-09-05,Charcoal
1124,2026-09-05,Parmesan
1124,2026-09-05,Pasta
1124,2026-09-05,Reusable Bag
1124,2026-09-05,Tomato Sauce
1125,2026-05-10,Bread
1125,2026-05-10,Coffee
1125,2026-05-10,Croissants
1125,2026-05-10,Orange Juice
1125,2026-05-10,Reusable Bag
1125,2026-05-10,Tea
1125,2026-05-10,Whole Milk
1125,2026-05-10,Yogurt
1126,2026-06-09,Coffee
1126,2026-06-09,Frozen Pizza
1126,2026-06-09,Orange Juice
1126,2026-06-09,Pasta
1126,2026-06-09,Reusable Bag
1126,2026-06-09,Tea
1127,2026-06-28,Carrots
1127,2026-06-28,Cereal
1127,2026-06-28,Cucumber
1127,2026-06-28,Dish Soap
1127,2026-06-28,Eggs
1127,2026-06-28,Lettuce
1127,2026-06-28,Olive Oil
1127,2026-06-28,Reusable Bag
1127,2026-06-28,Tomatoes
1128,2026-10-24,Beer
1128,2026-10-24,Burger Buns
1128,2026-10-24,Butter
1128,2026-10-24,Charcoal
1128,2026-10-24,Dish Soap
1128,2026-10-24,Ketchup
1128,2026-10-24,Onions
1128,2026-10-24,Reusable Bag
1128,2026-10-24,Sparkling Water
1128,2026-10-24,Steak
1128,2026-10-24,Tea
1129,2026-10-17,2% Milk
1129,2026-10-17,Baby Wipes
1129,2026-10-17,Beer
1129,2026-10-17,Bread
1129,2026-10-17,Diapers
1129,2026-10-17,Eggs
1129,2026-10-17,Frozen Pizza
1129,2026-10-17,Reusable Bag
1129,2026-10-17,Yogurt
1130,2026-02-07,Apples
1130,2026-02-07,Croissants
1130,2026-02-07,Potato Chips
1130,2026-02-07,Reusable Bag
1130,2026-02-07,Rice
1130,2026-02-07,Whole Milk
1131,2026-07-12,Apples
1131,2026-07-12,Bananas
1131,2026-07-12,Beer
1131,2026-07-12,Burger Buns
1131,2026-07-12,Charcoal
1131,2026-07-12,Dish Soap
1131,2026-07-12,Eggs
1131,2026-07-12,Ketchup
1131,2026-07-12,Potato Chips
1131,2026-07-12,Reusable Bag
1131,2026-07-12,Steak
1132,2026-10-04,Eggs
1132,2026-10-04,Paper Towels
1132,2026-10-04,Potato Chips
1132,2026-10-04,Reusable Bag
1133,2026-04-28,Charcoal
1133,2026-04-28,Coffee
1133,2026-04-28,Croissants
1133,2026-04-28,Orange Juice
1133,2026-04-28,Potato Chips
1133,2026-04-28,Reusable Bag
1134,2026-06-21,Beer
1134,2026-06-21,Bread
1134,2026-06-21,Burger Buns
1134,2026-06-21,Cucumber
1134,2026-06-21,Dish Soap
1134,2026-06-21,Eggs
1134,2026-06-21,Lettuce
1134,2026-06-21,Onions
1134,2026-06-21,Pasta
1134,2026-06-21,Reusable Bag
1135,2026-11-09,Apples
1135,2026-11-09,Chocolate
1135,2026-11-09,Dish Soap
1135,2026-11-09,Eggs
1135,2026-11-09,Reusable Bag
1136,2026-12-29,Bananas
1136,2026-12-29,Coffee
1136,2026-12-29,Croissants
1136,2026-12-29,Diapers
1136,2026-12-29,Reusable Bag
1136,2026-12-29,Tomatoes
1136,2026-12-29,Whole Milk
1137,2026-02-07,Beer
1137,2026-02-07,Bread
1137,2026-02-07,Burger Buns
1137,2026-02-07,Charcoal
1137,2026-02-07,Croissants
1137,2026-02-07,Frozen Pizza
1137,2026-02-07,Ketchup
1137,2026-02-07,Red Wine
1137,2026-02-07,Reusable Bag
1138,2026-04-03,2% Milk
1138,2026-04-03,Charcoal
1138,2026-04-03,Croissants
1138,2026-04-03,Eggs
1138,2026-04-03,Garlic
1138,2026-04-03,Pasta
1138,2026-04-03,Reusable Bag
1138,2026-04-03,Tomato Sauce
1139,2026-11-13,Bananas
1139,2026-11-13,Burger Buns
1139,2026-11-13,Charcoal
1139,2026-11-13,Chocolate
1139,2026-11-13,Coffee
1139,2026-11-13,Eggs
1139,2026-11-13,Reusable Bag
1139,2026-11-13,Steak
1140,2026-10-02,Chocolate
1140,2026-10-02,Coffee
1140,2026-10-02,Croissants
1140,2026-10-02,Orange Juice
1140,2026-10-02,Reusable Bag
1141,2026-01-12,Burger Buns
1141,2026-01-12,Carrots
1141,2026-01-12,Charcoal
1141,2026-01-12,Eggs
1141,2026-01-12,Ketchup
1141,2026-01-12,Potato Chips
1141,2026-01-12,Reusable Bag
1141,2026-01-12,Steak
1142,2026-05-26,Frozen Pizza
1143,2026-08-25,Apples
1143,2026-08-25,Cucumber
1143,2026-08-25,Eggs
1143,2026-08-25,Lettuce
1143,2026-08-25,Olive Oil
1143,2026-08-25,Onions
1143,2026-08-25,Paper Towels
1143,2026-08-25,Reusable Bag
1143,2026-08-25,Tomatoes
1144,2026-07-02,Butter
1144,2026-07-02,Cereal
1144,2026-07-02,Dish Soap
1144,2026-07-02,Garlic
1144,2026-07-02,Pasta
1144,2026-07-02,Reusable Bag
1144,2026-07-02,Tomato Sauce
1145,2026-08-04,Bananas
1145,2026-08-04,Bread
1145,2026-08-04,Chocolate
1145,2026-08-04,Dish Soap
1145,2026-08-04,Reusable Bag
1146,2026-03-27,Beer
1146,2026-03-27,Burger Buns
1146,2026-03-27,Cereal
1146,2026-03-27,Charcoal
1146,2026-03-27,Ketchup
1146,2026-03-27,Steak
1147,2026-12-14,Bread
1147,2026-12-14,Cheddar
1147,2026-12-14,Diapers
1147,2026-12-14,Onions
1147,2026-12-14,Paper Towels
1147,2026-12-14,Parmesan
1147,2026-12-14,Reusable Bag
1148,2026-04-29,Baby Food
1148,2026-04-29,Bananas
1148,2026-04-29,Cheddar
1148,2026-04-29,Diapers
1148,2026-04-29,Lettuce
1148,2026-04-29,Olive Oil
1148,2026-04-29,Reusable Bag
1148,2026-04-29,Rice
1148,2026-04-29,Tomatoes
1149,2026-02-02,Baby Food
1149,2026-02-02,Charcoal
1149,2026-02-02,Eggs
1149,2026-02-02,Paper Towels
1149,2026-02-02,Steak
1149,2026-02-02,Whole Milk
1149,2026-02-02,Yogurt
1150,2026-03-26,Baby Wipes
1150,2026-03-26,Diapers
1150,2026-03-26,Dish Soap
1150,2026-03-26,Frozen Pizza
1150,2026-03-26,Reusable Bag
1151,2026-12-22,Carrots
1151,2026-12-22,Cereal
1151,2026-12-22,Cucumber
1151,2026-12-22,Lettuce
1151,2026-12-22,Olive Oil
1151,2026-12-22,Reusable Bag
1151,2026-12-22,Sparkling Water
1151,2026-12-22,Tomatoes
1151,2026-12-22,Yogurt
1152,2026-10-15,Beer
1152,2026-10-15,Bread
1152,2026-10-15,Burger Buns
1152,2026-10-15,Charcoal
1152,2026-10-15,Ketchup
1152,2026-10-15,Reusable Bag
1152,2026-10-15,Rice
1152,2026-10-15,Steak
1153,2026-05-05,Carrots
1153,2026-05-05,Coffee
1153,2026-05-05,Croissants
1153,2026-05-05,Dish Soap
1153,2026-05-05,Frozen Pizza
1153,2026-05-05,Orange Juice
1153,2026-05-05,Whole Milk
1154,2026-09-28,Bananas
1154,2026-09-28,Beer
1154,2026-09-28,Burger Buns
1154,2026-09-28,Cereal
1154,2026-09-28,Charcoal
1154,2026-09-28,Frozen Pizza
1154,2026-09-28,Ketchup
1154,2026-09-28,Reusable Bag
1154,2026-09-28,Steak
1155,2026-04-29,Butter
1155,2026-04-29,Chicken Breast
1155,2026-04-29,Frozen Pizza
1155,2026-04-29,Garlic
1155,2026-04-29,Pasta
1155,2026-04-29,Reusable Bag
1155,2026-04-29,Tomato Sauce
1156,2026-09-15,Cheddar
1156,2026-09-15,Olive Oil
1156,2026-09-15,Reusable Bag
1157,2026-08-04,Butter
1157,2026-08-04,Dish Soap
1157,2026-08-04,Garlic
1157,2026-08-04,Lettuce
1157,2026-08-04,Onions
1157,2026-08-04,Potato Chips
1157,2026-08-04,Reusable Bag
1157,2026-08-04,Yogurt
1158,2026-05-31,Carrots
1158,2026-05-31,Chocolate
1158,2026-05-31,Diapers
1158,2026-05-31,Pasta
1158,2026-05-31,Reusable Bag
1158,2026-05-31,Tomato Sauce
1159,2026-11-26,Baby Food
1159,2026-11-26,Beer
1159,2026-11-26,Burger Buns
1159,2026-11-26,Cereal
1159,2026-11-26,Diapers
1159,2026-11-26,Onions
1159,2026-11-26,Potato Chips
1159,2026-11-26,Reusable Bag
1159,2026-11-26,Sparkling Water
1159,2026-11-26,Steak
1159,2026-11-26,Tomato Sauce
1160,2026-06-18,Bread
1160,2026-06-18,Carrots
1160,2026-06-18,Frozen Pizza
1160,2026-06-18,Garlic
1160,2026-06-18,Parmesan
1160,2026-06-18,Pasta
1160,2026-06-18,Potato Chips
1160,2026-06-18,Reusable Bag
1160,2026-06-18,Tomato Sauce
1161,2026-04-17,Burger Buns
1161,2026-04-17,Charcoal
1161,2026-04-17,Ketchup
1161,2026-04-17,Reusable Bag
1161,2026-04-17,Sparkling Water
1161,2026-04-17,Steak
1162,2026-12-29,2% Milk
1162,2026-12-29,Beer
1162,2026-12-29,Burger Buns
1162,2026-12-29,Charcoal
1162,2026-12-29,Diapers
1162,2026-12-29,Ketchup
1162,2026-12-29,Lettuce
1162,2026-12-29,Paper Towels
1162,2026-12-29,Reusable Bag
1162,2026-12-29,Rice
1162,2026-12-29,Steak
1162,2026-12-29,Tea
1163,2026-02-09,Onions
1163,2026-02-09,Parmesan
1163,2026-02-09,Pasta
1163,2026-02-09,Reusable Bag
1163,2026-02-09,Tomato Sauce
1164,2026-12-21,2% Milk
1164,2026-12-21,Coffee
1164,2026-12-21,Parmesan
1164,2026-12-21,Pasta
1164,2026-12-21,Reusable Bag
1164,2026-12-21,Whole Milk
1165,2026-01-03,2% Milk
1165,2026-01-03,Baby Wipes
1165,2026-01-03,Beer
1165,2026-01-03,Burger Buns
1165,2026-01-03,Carrots
1165,2026-01-03,Charcoal
1165,2026-01-03,Eggs
1165,2026-01-03,Ketchup
1165,2026-01-03,Reusable Bag
1166,2026-07-16,Baby Food
1166,2026-07-16,Baby Wipes
1166,2026-07-16,Bananas
1166,2026-07-16,Cheddar
1166,2026-07-16,Diapers
1166,2026-07-16,Ketchup
1166,2026-07-16,Onions
1166,2026-07-16,Paper Towels
1166,2026-07-16,Potato Chips
1166,2026-07-16,Reusable Bag
1167,2026-05-25,Burger Buns
1167,2026-05-25,Cucumber
1167,2026-05-25,Frozen Pizza
1167,2026-05-25,Lettuce
1167,2026-05-25,Olive Oil
1167,2026-05-25,Tea
1167,2026-05-25,Tomatoes
1168,2026-06-29,Baby Food
1168,2026-06-29,Baby Wipes
1168,2026-06-29,Cereal
1168,2026-06-29,Diapers
1168,2026-06-29,Parmesan
1168,2026-06-29,Reusable Bag
1169,2026-06-23,Baby Food
1169,2026-06-23,Bananas
1169,2026-06-23,Beer
1169,2026-06-23,Bread
1169,2026-06-23,Butter
1169,2026-06-23,Diapers
1169,2026-06-23,Reusable Bag
1170,2026-03-26,Apples
1170,2026-03-26,Baby Food
1170,2026-03-26,Beer
1170,2026-03-26,Cucumber
1170,2026-03-26,Lettuce
1170,2026-03-26,Paper Towels
1170,2026-03-26,Reusable Bag
1170,2026-03-26,Tomatoes
1170,2026-03-26,Whole Milk
1171,2026-08-27,Bananas
1171,2026-08-27,Parmesan
1171,2026-08-27,Pasta
1172,2026-01-07,Bread
1172,2026-01-07,Charcoal
1172,2026-01-07,Cheddar
1172,2026-01-07,Eggs
1172,2026-01-07,Reusable Bag
1172,2026-01-07,Tomato Sauce
1172,2026-01-07,Tomatoes
1173,2026-05-28,Baby Food
1173,2026-05-28,Baby Wipes
1173,2026-05-28,Bread
1173,2026-05-28,Burger Buns
1173,2026-05-28,Chocolate
1173,2026-05-28,Diapers
1173,2026-05-28,Lettuce
1173,2026-05-28,Pasta
1173,2026-05-28,Reusable Bag
1173,2026-05-28,Yogurt
1174,2026-06-08,Beer
1174,2026-06-08,Burger Buns
1174,2026-06-08,Butter
1174,2026-06-08,Charcoal
1174,2026-06-08,Cheddar
1174,2026-06-08,Cucumber
1174,2026-06-08,Ketchup
1174,2026-06-08,Potato Chips
1174,2026-06-08,Reusable Bag
1174,2026-06-08,Sparkling Water
1174,2026-06-08,Steak
1174,2026-06-08,Tomatoes
1174,2026-06-08,Yogurt
1175,2026-01-13,Bread
1175,2026-01-13,Garlic
1175,2026-01-13,Parmesan
1175,2026-01-13,Pasta
1175,2026-01-13,Reusable Bag
1175,2026-01-13,Tomato Sauce
1176,2026-03-01,2% Milk
1176,2026-03-01,Apples
1176,2026-03-01,Bread
1176,2026-03-01,Reusable Bag
1176,2026-03-01,Yogurt
1177,2026-04-08,Beer
1177,2026-04-08,Burger Buns
1177,2026-04-08,Butter
1177,2026-04-08,Cereal
1177,2026-04-08,Charcoal
1177,2026-04-08,Ketchup
1177,2026-04-08,Potato Chips
1177,2026-04-08,Reusable Bag
1178,2026-04-02,Bananas
1178,2026-04-02,Cheddar
1178,2026-04-02,Chocolate
1178,2026-04-02,Garlic
1178,2026-04-02,Parmesan
1178,2026-04-02,Pasta
1178,2026-04-02,Red Wine
1178,2026-04-02,Reusable Bag
1178,2026-04-02,Tomato Sauce
1179,2026-10-10,Bananas
1179,2026-10-10,Beer
1179,2026-10-10,Bread
1179,2026-10-10,Burger Buns
1179,2026-10-10,Charcoal
1179,2026-10-10,Cheddar
1179,2026-10-10,Diapers
1179,2026-10-10,Ketchup
1179,2026-10-10,Reusable Bag
1179,2026-10-10,Steak
1179,2026-10-10,Tea
1179,2026-10-10,Tomatoes
1179,2026-10-10,Yogurt
1180,2026-03-03,Bread
1180,2026-03-03,Burger Buns
1180,2026-03-03,Coffee
1180,2026-03-03,Parmesan
1180,2026-03-03,Pasta
1180,2026-03-03,Potato Chips
1180,2026-03-03,Reusable Bag
1180,2026-03-03,Tomato Sauce
1180,2026-03-03,Tomatoes
1181,2026-11-29,Burger Buns
1181,2026-11-29,Chicken Breast
1181,2026-11-29,Frozen Pizza
1181,2026-11-29,Parmesan
1181,2026-11-29,Pasta
1181,2026-11-29,Red Wine
1181,2026-11-29,Tomato Sauce
1182,2026-09-07,Chicken Breast
1182,2026-09-07,Garlic
1182,2026-09-07,Paper Towels
1182,2026-09-07,Pasta
1182,2026-09-07,Potato Chips
1182,2026-09-07,Tomato Sauce
1183,2026-04-18,Beer
1183,2026-04-18,Burger Buns
1183,2026-04-18,Charcoal
1183,2026-04-18,Dish Soap
1183,2026-04-18,Reusable Bag
1183,2026-04-18,Steak
1184,2026-11-23,Carrots
1184,2026-11-23,Cheddar
1184,2026-11-23,Chocolate
1184,2026-11-23,Onions
1184,2026-11-23,Reusable Bag
1184,2026-11-23,Sparkling Water
1185,2026-06-22,Bread
1185,2026-06-22,Butter
1185,2026-06-22,Eggs
1185,2026-06-22,Onions
1185,2026-06-22,Parmesan
1185,2026-06-22,Pasta
1185,2026-06-22,Red Wine
1185,2026-06-22,Reusable Bag
1185,2026-06-22,Tomato Sauce
1186,2026-04-24,2% Milk
1186,2026-04-24,Bananas
1186,2026-04-24,Carrots
1186,2026-04-24,Reusable Bag
1186,2026-04-24,Rice
1187,2026-12-10,Baby Wipes
1187,2026-12-10,Bananas
1187,2026-12-10,Beer
1187,2026-12-10,Butter
1187,2026-12-10,Diapers
1188,2026-12-14,Coffee
1188,2026-12-14,Croissants
1188,2026-12-14,Paper Towels
1188,2026-12-14,Reusable Bag
1189,2026-04-01,Baby Food
1189,2026-04-01,Chicken Breast
1189,2026-04-01,Dish Soap
1189,2026-04-01,Parmesan
1189,2026-04-01,Reusable Bag
1189,2026-04-01,Yogurt
1190,2026-03-22,2% Milk
1190,2026-03-22,Butter
1190,2026-03-22,Frozen Pizza
1190,2026-03-22,Garlic
1190,2026-03-22,Onions
1190,2026-03-22,Parmesan
1190,2026-03-22,Pasta
1190,2026-03-22,Reusable Bag
1190,2026-03-22,Sparkling Water
1191,2026-04-08,2% Milk
1191,2026-04-08,Apples
1191,2026-04-08,Bananas
1191,2026-04-08,Charcoal
1191,2026-04-08,Coffee
1191,2026-04-08,Cucumber
1191,2026-04-08,Eggs
1191,2026-04-08,Lettuce
1191,2026-04-08,Potato Chips
1191,2026-04-08,Reusable Bag
1192,2026-05-19,Baby Wipes
1192,2026-05-19,Bananas
1192,2026-05-19,Bread
1192,2026-05-19,Burger Buns
1192,2026-05-19,Charcoal
1192,2026-05-19,Ketchup
1192,2026-05-19,Red Wine
1192,2026-05-19,Reusable Bag
1192,2026-05-19,Rice
1192,2026-05-19,Sparkling Water
1192,2026-05-19,Steak
1193,2026-02-18,2% Milk
1193,2026-02-18,Baby Food
1193,2026-02-18,Baby Wipes
1193,2026-02-18,Bananas
1193,2026-02-18,Butter
1193,2026-02-18,Coffee
1193,2026-02-18,Diapers
1193,2026-02-18,Reusable Bag
1194,2026-03-28,Apples
1194,2026-03-28,Baby Food
1194,2026-03-28,Baby Wipes
1194,2026-03-28,Beer
1194,2026-03-28,Bread
1194,2026-03-28,Diapers
1194,2026-03-28,Frozen Pizza
1194,2026-03-28,Onions
1195,2026-05-05,2% Milk
1195,2026-05-05,Bread
1195,2026-05-05,Cereal
1195,2026-05-05,Garlic
1195,2026-05-05,Onions
1195,2026-05-05,Pasta
1195,2026-05-05,Reusable Bag
1195,2026-05-05,Tomato Sauce
1196,2026-09-03,Cereal
1196,2026-09-03,Eggs
1196,2026-09-03,Garlic
1196,2026-09-03,Parmesan
1196,2026-09-03,Pasta
1196,2026-09-03,Reusable Bag
1196,2026-09-03,Tomato Sauce
1197,2026-07-24,2% Milk
1197,2026-07-24,Cheddar
1197,2026-07-24,Coffee
1197,2026-07-24,Croissants
1197,2026-07-24,Reusable Bag
1198,2026-10-08,2% Milk
1198,2026-10-08,Apples
1198,2026-10-08,Bread
1198,2026-10-08,Coffee
1198,2026-10-08,Reusable Bag
1198,2026-10-08,Rice
1198,2026-10-08,Yogurt
1199,2026-06-30,2% Milk
1199,2026-06-30,Bananas
1199,2026-06-30,Cereal
1199,2026-06-30,Eggs
1199,2026-06-30,Garlic
1199,2026-06-30,Parmesan
1199,2026-06-30,Pasta
1199,2026-06-30,Reusable Bag
1199,2026-06-30,Sparkling Water
1199,2026-06-30,Tomato Sauce
1200,2026-11-06,Baby Wipes
1200,2026-11-06,Charcoal
1200,2026-11-06,Diapers
1200,2026-11-06,Olive Oil
1200,2026-11-06,Reusable Bag
1200,2026-11-06,Rice
1201,2026-08-25,Charcoal
1201,2026-08-25,Chicken Breast
1201,2026-08-25,Cucumber
1201,2026-08-25,Lettuce
1201,2026-08-25,Olive Oil
1201,2026-08-25,Parmesan
1201,2026-08-25,Reusable Bag
1201,2026-08-25,Tomatoes
1202,2026-03-27,Carrots
1202,2026-03-27,Onions
1202,2026-03-27,Potato Chips
1202,2026-03-27,Reusable Bag
1203,2026-07-27,Burger Buns
1203,2026-07-27,Chocolate
1203,2026-07-27,Dish Soap
1203,2026-07-27,Eggs
1203,2026-07-27,Ketchup
1203,2026-07-27,Lettuce
1203,2026-07-27,Reusable Bag
1203,2026-07-27,Sparkling Water
1203,2026-07-27,Yogurt
1204,2026-05-02,Beer
1204,2026-05-02,Diapers
1204,2026-05-02,Reusable Bag
1204,2026-05-02,Sparkling Water
1205,2026-05-13,Bananas
1205,2026-05-13,Beer
1205,2026-05-13,Burger Buns
1205,2026-05-13,Charcoal
1205,2026-05-13,Coffee
1205,2026-05-13,Ketchup
1205,2026-05-13,Olive Oil
1205,2026-05-13,Orange Juice
1205,2026-05-13,Reusable Bag
1205,2026-05-13,Steak
1206,2026-11-17,Apples
1206,2026-11-17,Butter
1206,2026-11-17,Chicken Breast
1206,2026-11-17,Coffee
1206,2026-11-17,Croissants
1206,2026-11-17,Reusable Bag
1206,2026-11-17,Yogurt
1207,2026-06-11,Butter
1207,2026-06-11,Chicken Breast
1207,2026-06-11,Reusable Bag
1208,2026-08-25,Apples
1208,2026-08-25,Bread
1208,2026-08-25,Cheddar
1208,2026-08-25,Cucumber
1208,2026-08-25,Lettuce
1208,2026-08-25,Olive Oil
1208,2026-08-25,Reusable Bag
1208,2026-08-25,Tomatoes
1209,2026-06-23,Beer
1209,2026-06-23,Burger Buns
1209,2026-06-23,Carrots
1209,2026-06-23,Charcoal
1209,2026-06-23,Ketchup
1209,2026-06-23,Parmesan
1209,2026-06-23,Pasta
1209,2026-06-23,Reusable Bag
1210,2026-12-19,Baby Food
1210,2026-12-19,Bread
1210,2026-12-19,Cereal
1210,2026-12-19,Chocolate
1210,2026-12-19,Diapers
1210,2026-12-19,Dish Soap
1210,2026-12-19,Reusable Bag
1210,2026-12-19,Sparkling Water
1211,2026-03-08,2% Milk
1211,2026-03-08,Bread
1211,2026-03-08,Chicken Breast
1211,2026-03-08,Chocolate
1211,2026-03-08,Parmesan
1211,2026-03-08,Pasta
1211,2026-03-08,Reusable Bag
1211,2026-03-08,Sparkling Water
1212,2026-08-05,Baby Food
1212,2026-08-05,Baby Wipes
1212,2026-08-05,Beer
1212,2026-08-05,Cereal
1212,2026-08-05,Diapers
1212,2026-08-05,Eggs
1212,2026-08-05,Onions
1212,2026-08-05,Potato Chips
1212,2026-08-05,Reusable Bag
1212,2026-08-05,Tea
1213,2026-02-23,Apples
1213,2026-02-23,Burger Buns
1213,2026-02-23,Charcoal
1213,2026-02-23,Frozen Pizza
1213,2026-02-23,Ketchup
1213,2026-02-23,Lettuce
1213,2026-02-23,Reusable Bag
1213,2026-02-23,Sparkling Water
1213,2026-02-23,Steak
1214,2026-03-25,Carrots
1214,2026-03-25,Cheddar
1214,2026-03-25,Chicken Breast
1214,2026-03-25,Onions
1214,2026-03-25,Parmesan
1214,2026-03-25,Pasta
1214,2026-03-25,Potato Chips
1214,2026-03-25,Reusable Bag
1214,2026-03-25,Tomato Sauce
1215,2026-01-04,Beer
1215,2026-01-04,Chocolate
1215,2026-01-04,Cucumber
1215,2026-01-04,Lettuce
1215,2026-01-04,Reusable Bag
1215,2026-01-04,Tomatoes
1215,2026-01-04,Whole Milk
1216,2026-03-11,2% Milk
1216,2026-03-11,Baby Food
1216,2026-03-11,Beer
1216,2026-03-11,Diapers
1216,2026-03-11,Garlic
1216,2026-03-11,Onions
1217,2026-09-08,Apples
1217,2026-09-08,Beer
1217,2026-09-08,Burger Buns
1217,2026-09-08,Charcoal
1217,2026-09-08,Ketchup
1217,2026-09-08,Steak
1218,2026-02-15,Beer
1218,2026-02-15,Burger Buns
1218,2026-02-15,Charcoal
1218,2026-02-15,Cheddar
1218,2026-02-15,Paper Towels
1218,2026-02-15,Parmesan
1218,2026-02-15,Reusable Bag
1219,2026-02-09,2% Milk
1219,2026-02-09,Beer
1219,2026-02-09,Burger Buns
1219,2026-02-09,Cereal
1219,2026-02-09,Charcoal
1219,2026-02-09,Reusable Bag
1219,2026-02-09,Steak
1220,2026-09-22,Beer
1220,2026-09-22,Bread
1220,2026-09-22,Carrots
1220,2026-09-22,Chocolate
1220,2026-09-22,Frozen Pizza
1220,2026-09-22,Reusable Bag
1220,2026-09-22,Sparkling Water
1221,2026-03-05,Apples
1221,2026-03-05,Chocolate
1221,2026-03-05,Garlic
1221,2026-03-05,Reusable Bag
1221,2026-03-05,Whole Milk
1222,2026-12-02,Lettuce
1222,2026-12-02,Onions
1222,2026-12-02,Reusable Bag
1222,2026-12-02,Tomatoes
1223,2026-07-25,Apples
1223,2026-07-25,Baby Food
1223,2026-07-25,Cheddar
1223,2026-07-25,Eggs
1223,2026-07-25,Garlic
1223,2026-07-25,Parmesan
1223,2026-07-25,Pasta
1223,2026-07-25,Red Wine
1223,2026-07-25,Reusable Bag
1223,2026-07-25,Tomato Sauce
1224,2026-05-19,Bananas
1224,2026-05-19,Cheddar
1224,2026-05-19,Eggs
1224,2026-05-19,Garlic
1224,2026-05-19,Ketchup
1224,2026-05-19,Onions
1224,2026-05-19,Parmesan
1224,2026-05-19,Pasta
1224,2026-05-19,Reusable Bag
1224,2026-05-19,Steak
1224,2026-05-19,Tomato Sauce
1225,2026-02-13,Apples
1225,2026-02-13,Chicken Breast
1225,2026-02-13,Onions
1225,2026-02-13,Rice
1225,2026-02-13,Yogurt
1226,2026-10-29,Carrots
1226,2026-10-29,Coffee
1226,2026-10-29,Croissants
1226,2026-10-29,Lettuce
1226,2026-10-29,Paper Towels
1226,2026-10-29,Reusable Bag
1226,2026-10-29,Whole Milk
1227,2026-02-01,Beer
1227,2026-02-01,Burger Buns
1227,2026-02-01,Butter
1227,2026-02-01,Charcoal
1227,2026-02-01,Steak
1228,2026-09-15,Butter
1228,2026-09-15,Croissants
1228,2026-09-15,Frozen Pizza
1228,2026-09-15,Onions
1228,2026-09-15,Reusable Bag
1229,2026-10-24,Carrots
1229,2026-10-24,Cheddar
1229,2026-10-24,Parmesan
1229,2026-10-24,Pasta
1229,2026-10-24,Reusable Bag
1229,2026-10-24,Tomato Sauce
1230,2026-02-13,Eggs
1230,2026-02-13,Reusable Bag
1230,2026-02-13,Yogurt
1231,2026-12-12,Baby Wipes
1231,2026-12-12,Beer
1231,2026-12-12,Diapers
1231,2026-12-12,Reusable Bag
1231,2026-12-12,Rice
1231,2026-12-12,Yogurt
1232,2026-02-06,Burger Buns
1232,2026-02-06,Carrots
1232,2026-02-06,Cereal
1232,2026-02-06,Charcoal
1232,2026-02-06,Chicken Breast
1232,2026-02-06,Eggs
1232,2026-02-06,Reusable Bag
1232,2026-02-06,Steak
1232,2026-02-06,Yogurt
1233,2026-04-21,Chicken Breast
1233,2026-04-21,Coffee
1233,2026-04-21,Orange Juice
1233,2026-04-21,Potato Chips
1233,2026-04-21,Reusable Bag
1233,2026-04-21,Whole Milk
1234,2026-06-10,Apples
1234,2026-06-10,Chicken Breast
1234,2026-06-10,Coffee
1234,2026-06-10,Croissants
1234,2026-06-10,Eggs
1234,2026-06-10,Orange Juice
1234,2026-06-10,Reusable Bag
1234,2026-06-10,Whole Milk
1235,2026-06-21,Chocolate
1235,2026-06-21,Coffee
1235,2026-06-21,Cucumber
1235,2026-06-21,Ketchup
1235,2026-06-21,Lettuce
1235,2026-06-21,Reusable Bag
1235,2026-06-21,Tomatoes
1236,2026-05-04,Eggs
1236,2026-05-04,Parmesan
1236,2026-05-04,Pasta
1236,2026-05-04,Red Wine
1236,2026-05-04,Reusable Bag
1237,2026-11-05,Cheddar
1237,2026-11-05,Reusable Bag
1238,2026-02-05,Baby Wipes
1238,2026-02-05,Beer
1238,2026-02-05,Carrots
1238,2026-02-05,Diapers
1238,2026-02-05,Ketchup
1238,2026-02-05,Onions
1238,2026-02-05,Reusable Bag
1239,2026-09-24,Baby Wipes
1239,2026-09-24,Chicken Breast
1239,2026-09-24,Diapers
1239,2026-09-24,Dish Soap
1239,2026-09-24,Eggs
1239,2026-09-24,Potato Chips
1239,2026-09-24,Reusable Bag
1240,2026-10-20,Coffee
1240,2026-10-20,Orange Juice
1240,2026-10-20,Whole Milk
1240,2026-10-20,Yogurt
1241,2026-05-12,Apples
1241,2026-05-12,Coffee
1241,2026-05-12,Orange Juice
1241,2026-05-12,Paper Towels
1241,2026-05-12,Reusable Bag
1241,2026-05-12,Tea
1242,2026-04-07,2% Milk
1242,2026-04-07,Bread
1242,2026-04-07,Butter
1242,2026-04-07,Cucumber
1242,2026-04-07,Lettuce
1242,2026-04-07,Olive Oil
1242,2026-04-07,Reusable Bag
1242,2026-04-07,Tomatoes
1242,2026-04-07,Yogurt
1243,2026-09-17,Apples
1243,2026-09-17,Butter
1243,2026-09-17,Chicken Breast
1243,2026-09-17,Cucumber
1243,2026-09-17,Eggs
1243,2026-09-17,Lettuce
1243,2026-09-17,Olive Oil
1243,2026-09-17,Reusable Bag
1243,2026-09-17,Tea
1243,2026-09-17,Tomatoes
1244,2026-07-02,Cheddar
1244,2026-07-02,Cucumber
1244,2026-07-02,Lettuce
1244,2026-07-02,Reusable Bag
1244,2026-07-02,Tomatoes
1245,2026-09-30,Beer
1245,2026-09-30,Charcoal
1245,2026-09-30,Coffee
1245,2026-09-30,Eggs
1245,2026-09-30,Reusable Bag
1245,2026-09-30,Tomato Sauce
1245,2026-09-30,Whole Milk
1246,2026-07-11,Apples
1246,2026-07-11,Butter
1246,2026-07-11,Coffee
1246,2026-07-11,Diapers
1246,2026-07-11,Pasta
1246,2026-07-11,Potato Chips
1246,2026-07-11,Rice
1246,2026-07-11,Sparkling Water
1246,2026-07-11,Tomato Sauce
1247,2026-04-15,Bread
1247,2026-04-15,Frozen Pizza
1247,2026-04-15,Paper Towels
1247,2026-04-15,Parmesan
1247,2026-04-15,Pasta
1247,2026-04-15,Red Wine
1247,2026-04-15,Reusable Bag
1247,2026-04-15,Tomato Sauce
1247,2026-04-15,Yogurt
1248,2026-02-02,2% Milk
1248,2026-02-02,Bananas
1248,2026-02-02,Chicken Breast
1248,2026-02-02,Croissants
1248,2026-02-02,Cucumber
1248,2026-02-02,Diapers
1248,2026-02-02,Frozen Pizza
1248,2026-02-02,Lettuce
1248,2026-02-02,Orange Juice
1248,2026-02-02,Reusable Bag
1248,2026-02-02,Tea
1249,2026-12-27,Beer
1249,2026-12-27,Burger Buns
1249,2026-12-27,Butter
1249,2026-12-27,Charcoal
1249,2026-12-27,Chicken Breast
1249,2026-12-27,Dish Soap
1249,2026-12-27,Ketchup
1249,2026-12-27,Olive Oil
1249,2026-12-27,Reusable Bag
1249,2026-12-27,Steak
1249,2026-12-27,Yogurt
1250,2026-09-26,Carrots
1250,2026-09-26,Dish Soap
1250,2026-09-26,Eggs
1250,2026-09-26,Garlic
1250,2026-09-26,Onions
1250,2026-09-26,Pasta
1250,2026-09-26,Red Wine
1250,2026-09-26,Reusable Bag
1250,2026-09-26,Rice
1250,2026-09-26,Tomato Sauce
1251,2026-08-09,Butter
1251,2026-08-09,Lettuce
1251,2026-08-09,Orange Juice
1251,2026-08-09,Parmesan
1251,2026-08-09,Red Wine
1251,2026-08-09,Reusable Bag
1251,2026-08-09,Yogurt
1252,2026-04-26,Bananas
1252,2026-04-26,Croissants
1252,2026-04-26,Dish Soap
1252,2026-04-26,Eggs
1252,2026-04-26,Garlic
1252,2026-04-26,Parmesan
1252,2026-04-26,Pasta
1252,2026-04-26,Reusable Bag
1252,2026-04-26,Rice
1252,2026-04-26,Tomato Sauce
1253,2026-09-28,2% Milk
1253,2026-09-28,Bananas
1253,2026-09-28,Bread
1253,2026-09-28,Cucumber
1253,2026-09-28,Lettuce
1253,2026-09-28,Reusable Bag
1253,2026-09-28,Yogurt
1254,2026-07-10,Apples
1254,2026-07-10,Carrots
1254,2026-07-10,Cheddar
1254,2026-07-10,Chicken Breast
1254,2026-07-10,Cucumber
1254,2026-07-10,Garlic
1254,2026-07-10,Red Wine
1254,2026-07-10,Reusable Bag
1254,2026-07-10,Rice
1255,2026-06-09,Bread
1255,2026-06-09,Croissants
1255,2026-06-09,Cucumber
1255,2026-06-09,Eggs
1255,2026-06-09,Onions
1255,2026-06-09,Red Wine
1255,2026-06-09,Reusable Bag
1256,2026-04-19,Baby Food
1256,2026-04-19,Baby Wipes
1256,2026-04-19,Diapers
1256,2026-04-19,Frozen Pizza
1256,2026-04-19,Onions
1256,2026-04-19,Paper Towels
1256,2026-04-19,Potato Chips
1256,2026-04-19,Reusable Bag
1257,2026-04-16,Baby Wipes
1257,2026-04-16,Cheddar
1257,2026-04-16,Coffee
1257,2026-04-16,Croissants
1257,2026-04-16,Ketchup
1257,2026-04-16,Olive Oil
1257,2026-04-16,Onions
1257,2026-04-16,Orange Juice
1257,2026-04-16,Reusable Bag
1257,2026-04-16,Whole Milk
1258,2026-10-20,Bread
1258,2026-10-20,Carrots
1258,2026-10-20,Eggs
1258,2026-10-20,Garlic
1258,2026-10-20,Olive Oil
1258,2026-10-20,Parmesan
1258,2026-10-20,Pasta
1258,2026-10-20,Reusable Bag
1258,2026-10-20,Whole Milk
1259,2026-09-26,2% Milk
1259,2026-09-26,Baby Food
1259,2026-09-26,Baby Wipes
1259,2026-09-26,Beer
1259,2026-09-26,Chocolate
1259,2026-09-26,Diapers
1259,2026-09-26,Frozen Pizza
1259,2026-09-26,Potato Chips
1259,2026-09-26,Reusable Bag
1259,2026-09-26,Sparkling Water
1260,2026-06-03,Eggs
1260,2026-06-03,Onions
1260,2026-06-03,Reusable Bag
1261,2026-10-05,2% Milk
1261,2026-10-05,Baby Food
1261,2026-10-05,Baby Wipes
1261,2026-10-05,Beer
1261,2026-10-05,Butter
1261,2026-10-05,Cheddar
1261,2026-10-05,Diapers
1261,2026-10-05,Onions
1261,2026-10-05,Reusable Bag
1262,2026-02-23,Coffee
1262,2026-02-23,Dish Soap
1262,2026-02-23,Garlic
1262,2026-02-23,Parmesan
1262,2026-02-23,Pasta
1262,2026-02-23,Red Wine
1262,2026-02-23,Reusable Bag
1262,2026-02-23,Tomato Sauce
1263,2026-12-13,Chocolate
1263,2026-12-13,Cucumber
1263,2026-12-13,Eggs
1263,2026-12-13,Lettuce
1263,2026-12-13,Parmesan
1263,2026-12-13,Potato Chips
1263,2026-12-13,Rice
1263,2026-12-13,Tomatoes
1263,2026-12-13,Whole Milk
1264,2026-12-27,Eggs
1264,2026-12-27,Reusable Bag
1264,2026-12-27,Sparkling Water
1265,2026-11-01,Carrots
1265,2026-11-01,Reusable Bag
1266,2026-12-31,Baby Wipes
1266,2026-12-31,Carrots
1266,2026-12-31,Cereal
1266,2026-12-31,Charcoal
1266,2026-12-31,Chicken Breast
1266,2026-12-31,Chocolate
1266,2026-12-31,Lettuce
1266,2026-12-31,Reusable Bag
1266,2026-12-31,Tomatoes
1267,2026-03-08,Apples
1267,2026-03-08,Beer
1267,2026-03-08,Burger Buns
1267,2026-03-08,Charcoal
1267,2026-03-08,Coffee
1267,2026-03-08,Cucumber
1267,2026-03-08,Eggs
1267,2026-03-08,Potato Chips
1267,2026-03-08,Reusable Bag
1267,2026-03-08,Rice
1267,2026-03-08,Sparkling Water
1267,2026-03-08,Steak
1268,2026-08-17,Butter
1268,2026-08-17,Eggs
1268,2026-08-17,Garlic
1268,2026-08-17,Parmesan
1268,2026-08-17,Pasta
1268,2026-08-17,Reusable Bag
1268,2026-08-17,Tomato Sauce
1269,2026-01-20,Burger Buns
1269,2026-01-20,Charcoal
1269,2026-01-20,Chicken Breast
1269,2026-01-20,Ketchup
1269,2026-01-20,Reusable Bag
1269,2026-01-20,Steak
1269,2026-01-20,Yogurt
1270,2026-06-24,Bananas
1270,2026-06-24,Beer
1270,2026-06-24,Bread
1270,2026-06-24,Burger Buns
1270,2026-06-24,Charcoal
1270,2026-06-24,Reusable Bag
1270,2026-06-24,Steak
1270,2026-06-24,Tea
1271,2026-10-25,Diapers
1271,2026-10-25,Potato Chips
1271,2026-10-25,Reusable Bag
1272,2026-10-09,Beer
1272,2026-10-09,Parmesan
1272,2026-10-09,Pasta
1272,2026-10-09,Red Wine
1272,2026-10-09,Reusable Bag
1272,2026-10-09,Tomato Sauce
1272,2026-10-09,Yogurt
1273,2026-12-10,Bread
1273,2026-12-10,Butter
1273,2026-12-10,Coffee
1273,2026-12-10,Croissants
1273,2026-12-10,Eggs
1273,2026-12-10,Frozen Pizza
1273,2026-12-10,Orange Juice
1273,2026-12-10,Paper Towels
1273,2026-12-10,Reusable Bag
1274,2026-10-17,Butter
1274,2026-10-17,Chicken Breast
1274,2026-10-17,Chocolate
1274,2026-10-17,Eggs
1274,2026-10-17,Frozen Pizza
1274,2026-10-17,Garlic
1274,2026-10-17,Parmesan
1274,2026-10-17,Pasta
1274,2026-10-17,Reusable Bag
1274,2026-10-17,Tomato Sauce
1275,2026-07-25,Apples
1275,2026-07-25,Burger Buns
1275,2026-07-25,Charcoal
1275,2026-07-25,Dish Soap
1275,2026-07-25,Eggs
1275,2026-07-25,Olive Oil
1275,2026-07-25,Potato Chips
1275,2026-07-25,Tea
1276,2026-09-12,Charcoal
1276,2026-09-12,Chocolate
1276,2026-09-12,Reusable Bag
1276,2026-09-12,Rice
1276,2026-09-12,Steak
1276,2026-09-12,Whole Milk
1277,2026-02-05,Apples
1277,2026-02-05,Beer
1277,2026-02-05,Carrots
1277,2026-02-05,Charcoal
1277,2026-02-05,Croissants
1277,2026-02-05,Frozen Pizza
1277,2026-02-05,Potato Chips
1277,2026-02-05,Reusable Bag
1277,2026-02-05,Steak
1277,2026-02-05,Yogurt
1278,2026-08-08,Bananas
1278,2026-08-08,Charcoal
1278,2026-08-08,Coffee
1278,2026-08-08,Croissants
1278,2026-08-08,Reusable Bag
1278,2026-08-08,Steak
1278,2026-08-08,Whole Milk
1279,2026-10-28,Baby Food
1279,2026-10-28,Baby Wipes
1279,2026-10-28,Burger Buns
1279,2026-10-28,Diapers
1279,2026-10-28,Potato Chips
1279,2026-10-28,Reusable Bag
1279,2026-10-28,Rice
1280,2026-09-08,Apples
1280,2026-09-08,Baby Wipes
1280,2026-09-08,Bananas
1280,2026-09-08,Bread
1280,2026-09-08,Coffee
1280,2026-09-08,Croissants
1280,2026-09-08,Eggs
1280,2026-09-08,Reusable Bag
1280,2026-09-08,Rice
1281,2026-12-28,Burger Buns
1281,2026-12-28,Charcoal
1281,2026-12-28,Coffee
1281,2026-12-28,Croissants
1281,2026-12-28,Frozen Pizza
1281,2026-12-28,Ketchup
1281,2026-12-28,Paper Towels
1281,2026-12-28,Parmesan
1281,2026-12-28,Reusable Bag
1281,2026-12-28,Steak
1282,2026-06-08,Baby Food
1282,2026-06-08,Baby Wipes
1282,2026-06-08,Bananas
1282,2026-06-08,Beer
1282,2026-06-08,Butter
1282,2026-06-08,Diapers
1282,2026-06-08,Eggs
1282,2026-06-08,Onions
1282,2026-06-08,Reusable Bag
1282,2026-06-08,Rice
1283,2026-07-06,Bananas
1283,2026-07-06,Cucumber
1283,2026-07-06,Lettuce
1283,2026-07-06,Potato Chips
1283,2026-07-06,Reusable Bag
1283,2026-07-06,Tomatoes
1284,2026-12-27,2% Milk
1284,2026-12-27,Beer
1284,2026-12-27,Bread
1284,2026-12-27,Croissants
1284,2026-12-27,Paper Towels
1284,2026-12-27,Reusable Bag
1284,2026-12-27,Sparkling Water
1285,2026-08-04,Potato Chips
1285,2026-08-04,Reusable Bag
1285,2026-08-04,Rice
1286,2026-03-02,Cereal
1286,2026-03-02,Chicken Breast
1286,2026-03-02,Eggs
1286,2026-03-02,Reusable Bag
1287,2026-12-29,Burger Buns
1287,2026-12-29,Butter
1287,2026-12-29,Carrots
1287,2026-12-29,Charcoal
1287,2026-12-29,Chocolate
1287,2026-12-29,Dish Soap
1287,2026-12-29,Onions
1287,2026-12-29,Steak
1287,2026-12-29,Tomato Sauce
1288,2026-03-27,Apples
1288,2026-03-27,Carrots
1288,2026-03-27,Onions
1288,2026-03-27,Parmesan
1288,2026-03-27,Pasta
1288,2026-03-27,Reusable Bag
1288,2026-03-27,Tomato Sauce
1288,2026-03-27,Yogurt
1289,2026-12-27,Bananas
1289,2026-12-27,Chicken Breast
1290,2026-11-16,Eggs
1290,2026-11-16,Garlic
1290,2026-11-16,Onions
1290,2026-11-16,Paper Towels
1290,2026-11-16,Parmesan
1290,2026-11-16,Pasta
1290,2026-11-16,Red Wine
1290,2026-11-16,Reusable Bag
1290,2026-11-16,Tomato Sauce
1291,2026-09-28,Eggs
1291,2026-09-28,Lettuce
1291,2026-09-28,Olive Oil
1291,2026-09-28,Reusable Bag
1291,2026-09-28,Tomatoes
1292,2026-05-05,Cereal
1292,2026-05-05,Cucumber
1292,2026-05-05,Lettuce
1292,2026-05-05,Tomatoes
1293,2026-12-04,2% Milk
1293,2026-12-04,Beer
1293,2026-12-04,Diapers
1294,2026-01-29,Dish Soap
1294,2026-01-29,Frozen Pizza
1294,2026-01-29,Garlic
1294,2026-01-29,Parmesan
1294,2026-01-29,Pasta
1294,2026-01-29,Reusable Bag
1294,2026-01-29,Sparkling Water
1295,2026-11-13,Lettuce
1295,2026-11-13,Red Wine
1295,2026-11-13,Reusable Bag
1295,2026-11-13,Steak
1295,2026-11-13,Tea
1296,2026-08-17,Bananas
1296,2026-08-17,Burger Buns
1296,2026-08-17,Diapers
1296,2026-08-17,Garlic
1296,2026-08-17,Orange Juice
1296,2026-08-17,Parmesan
1296,2026-08-17,Pasta
1296,2026-08-17,Red Wine
1296,2026-08-17,Reusable Bag
1296,2026-08-17,Rice
1296,2026-08-17,Tomato Sauce
1297,2026-12-19,Bread
1297,2026-12-19,Eggs
1297,2026-12-19,Reusable Bag
1297,2026-12-19,Yogurt
1298,2026-05-06,Beer
1298,2026-05-06,Burger Buns
1298,2026-05-06,Carrots
1298,2026-05-06,Charcoal
1298,2026-05-06,Cheddar
1298,2026-05-06,Chicken Breast
1298,2026-05-06,Dish Soap
1298,2026-05-06,Eggs
1298,2026-05-06,Ketchup
1298,2026-05-06,Reusable Bag
1298,2026-05-06,Steak
1299,2026-10-29,Bananas
1299,2026-10-29,Beer
1299,2026-10-29,Bread
1299,2026-10-29,Burger Buns
1299,2026-10-29,Carrots
1299,2026-10-29,Cereal
1299,2026-10-29,Charcoal
1299,2026-10-29,Chicken Breast
1299,2026-10-29,Coffee
1299,2026-10-29,Diapers
1299,2026-10-29,Reusable Bag
1299,2026-10-29,Steak
1300,2026-09-12,Burger Buns
1300,2026-09-12,Charcoal
1300,2026-09-12,Ketchup
1300,2026-09-12,Lettuce
1300,2026-09-12,Reusable Bag
1300,2026-09-12,Steak
1300,2026-09-12,Tea
1301,2026-06-14,Bread
1301,2026-06-14,Cucumber
1301,2026-06-14,Lettuce
1301,2026-06-14,Reusable Bag
1301,2026-06-14,Sparkling Water
1302,2026-11-12,Carrots
1302,2026-11-12,Chocolate
1302,2026-11-12,Coffee
1302,2026-11-12,Croissants
1302,2026-11-12,Orange Juice
1302,2026-11-12,Paper Towels
1302,2026-11-12,Reusable Bag
1302,2026-11-12,Steak
1302,2026-11-12,Whole Milk
1303,2026-04-11,Cereal
1303,2026-04-11,Reusable Bag
1303,2026-04-11,Yogurt
1304,2026-01-21,Cheddar
1304,2026-01-21,Yogurt
1305,2026-03-03,Bananas
1305,2026-03-03,Beer
1305,2026-03-03,Burger Buns
1305,2026-03-03,Carrots
1305,2026-03-03,Charcoal
1305,2026-03-03,Croissants
1305,2026-03-03,Potato Chips
1305,2026-03-03,Reusable Bag
1305,2026-03-03,Steak
1306,2026-11-05,Burger Buns
1306,2026-11-05,Garlic
1306,2026-11-05,Paper Towels
1306,2026-11-05,Reusable Bag
1306,2026-11-05,Tea
1307,2026-12-14,Apples
1307,2026-12-14,Chocolate
1307,2026-12-14,Dish Soap
1307,2026-12-14,Parmesan
1307,2026-12-14,Pasta
1307,2026-12-14,Reusable Bag
1307,2026-12-14,Rice
1307,2026-12-14,Tomato Sauce
1308,2026-07-10,Beer
1308,2026-07-10,Burger Buns
1308,2026-07-10,Charcoal
1308,2026-07-10,Eggs
1308,2026-07-10,Ketchup
1308,2026-07-10,Reusable Bag
1308,2026-07-10,Sparkling Water
1308,2026-07-10,Steak
1309,2026-07-23,Apples
1309,2026-07-23,Chocolate
1309,2026-07-23,Cucumber
1309,2026-07-23,Eggs
1309,2026-07-23,Lettuce
1309,2026-07-23,Olive Oil
1309,2026-07-23,Potato Chips
1309,2026-07-23,Reusable Bag
1309,2026-07-23,Tomatoes
1309,2026-07-23,Yogurt
1310,2026-09-05,Bananas
1310,2026-09-05,Paper Towels
1310,2026-09-05,Parmesan
1310,2026-09-05,Pasta
1310,2026-09-05,Reusable Bag
1311,2026-04-10,Carrots
1311,2026-04-10,Chicken Breast
1311,2026-04-10,Onions
1311,2026-04-10,Reusable Bag
1311,2026-04-10,Tea
1312,2026-09-12,2% Milk
1312,2026-09-12,Apples
1312,2026-09-12,Chicken Breast
1312,2026-09-12,Chocolate
1312,2026-09-12,Eggs
1312,2026-09-12,Parmesan
1312,2026-09-12,Pasta
1312,2026-09-12,Red Wine
1312,2026-09-12,Reusable Bag
1312,2026-09-12,Tomato Sauce
1313,2026-09-02,Carrots
1313,2026-09-02,Coffee
1313,2026-09-02,Eggs
1313,2026-09-02,Reusable Bag
1313,2026-09-02,Whole Milk
1314,2026-12-19,Apples
1314,2026-12-19,Charcoal
1314,2026-12-19,Chocolate
1314,2026-12-19,Cucumber
1314,2026-12-19,Dish Soap
1314,2026-12-19,Lettuce
1314,2026-12-19,Olive Oil
1314,2026-12-19,Reusable Bag
1314,2026-12-19,Steak
1314,2026-12-19,Tomatoes
1315,2026-01-29,Apples
1315,2026-01-29,Butter
1315,2026-01-29,Chocolate
1315,2026-01-29,Coffee
1315,2026-01-29,Croissants
1315,2026-01-29,Eggs
1315,2026-01-29,Orange Juice
1315,2026-01-29,Reusable Bag
1315,2026-01-29,Steak
1316,2026-01-10,Bread
1316,2026-01-10,Carrots
1316,2026-01-10,Cucumber
1316,2026-01-10,Lettuce
1316,2026-01-10,Olive Oil
1316,2026-01-10,Reusable Bag
1316,2026-01-10,Rice
1316,2026-01-10,Tomatoes
1317,2026-06-24,Bananas
1317,2026-06-24,Cheddar
1317,2026-06-24,Croissants
1317,2026-06-24,Eggs
1317,2026-06-24,Onions
1317,2026-06-24,Reusable Bag
1317,2026-06-24,Tomatoes
1318,2026-07-04,Apples
1318,2026-07-04,Cucumber
1318,2026-07-04,Lettuce
1318,2026-07-04,Olive Oil
1318,2026-07-04,Reusable Bag
1318,2026-07-04,Tomatoes
1319,2026-02-04,Bananas
1319,2026-02-04,Chocolate
1319,2026-02-04,Frozen Pizza
1319,2026-02-04,Lettuce
1319,2026-02-04,Reusable Bag
1319,2026-02-04,Tomatoes
1320,2026-05-25,Baby Food
1320,2026-05-25,Beer
1320,2026-05-25,Diapers
1320,2026-05-25,Frozen Pizza
1320,2026-05-25,Reusable Bag
1320,2026-05-25,Tea
1321,2026-08-26,Paper Towels
1321,2026-08-26,Pasta
1321,2026-08-26,Potato Chips
1321,2026-08-26,Red Wine
1321,2026-08-26,Reusable Bag
1321,2026-08-26,Tomato Sauce
1322,2026-02-05,Reusable Bag
1322,2026-02-05,Tea
1323,2026-07-16,2% Milk
1323,2026-07-16,Apples
1323,2026-07-16,Bread
1323,2026-07-16,Cheddar
1323,2026-07-16,Reusable Bag
1324,2026-05-10,Apples
1324,2026-05-10,Cheddar
1324,2026-05-10,Cucumber
1324,2026-05-10,Frozen Pizza
1324,2026-05-10,Lettuce
1324,2026-05-10,Olive Oil
1324,2026-05-10,Sparkling Water
1324,2026-05-10,Tomatoes
1324,2026-05-10,Yogurt
1325,2026-04-23,Bananas
1325,2026-04-23,Carrots
1325,2026-04-23,Cheddar
1325,2026-04-23,Eggs
1325,2026-04-23,Rice
1326,2026-12-31,2% Milk
1326,2026-12-31,Apples
1326,2026-12-31,Beer
1326,2026-12-31,Burger Buns
1326,2026-12-31,Butter
1326,2026-12-31,Charcoal
1326,2026-12-31,Eggs
1326,2026-12-31,Ketchup
1326,2026-12-31,Reusable Bag
1326,2026-12-31,Rice
1326,2026-12-31,Steak
1327,2026-05-10,Baby Food
1327,2026-05-10,Baby Wipes
1327,2026-05-10,Beer
1327,2026-05-10,Diapers
1327,2026-05-10,Lettuce
1327,2026-05-10,Orange Juice
1327,2026-05-10,Potato Chips
1327,2026-05-10,Reusable Bag
1328,2026-08-23,2% Milk
1328,2026-08-23,Cheddar
1328,2026-08-23,Eggs
1328,2026-08-23,Onions
1328,2026-08-23,Reusable Bag
1328,2026-08-23,Rice
1329,2026-03-04,Carrots
1329,2026-03-04,Coffee
1329,2026-03-04,Diapers
1329,2026-03-04,Dish Soap
1329,2026-03-04,Paper Towels
1329,2026-03-04,Parmesan
1329,2026-03-04,Pasta
1329,2026-03-04,Reusable Bag
1329,2026-03-04,Tomato Sauce
1330,2026-04-16,Garlic
1330,2026-04-16,Reusable Bag
1330,2026-04-16,Tea
1331,2026-11-17,Frozen Pizza
1331,2026-11-17,Garlic
1331,2026-11-17,Parmesan
1331,2026-11-17,Pasta
1331,2026-11-17,Reusable Bag
1331,2026-11-17,Tomato Sauce
1332,2026-03-28,2% Milk
1332,2026-03-28,Apples
1332,2026-03-28,Potato Chips
1332,2026-03-28,Reusable Bag
1333,2026-08-31,Coffee
1333,2026-08-31,Croissants
1333,2026-08-31,Frozen Pizza
1333,2026-08-31,Onions
1333,2026-08-31,Orange Juice
1333,2026-08-31,Reusable Bag
1333,2026-08-31,Whole Milk
1334,2026-07-05,Apples
1334,2026-07-05,Bananas
1334,2026-07-05,Burger Buns
1334,2026-07-05,Dish Soap
1334,2026-07-05,Onions
1334,2026-07-05,Reusable Bag
1334,2026-07-05,Sparkling Water
1335,2026-08-14,2% Milk
1335,2026-08-14,Apples
1335,2026-08-14,Bananas
1335,2026-08-14,Beer
1335,2026-08-14,Butter
1335,2026-08-14,Cheddar
1335,2026-08-14,Cucumber
1335,2026-08-14,Lettuce
1335,2026-08-14,Olive Oil
1335,2026-08-14,Reusable Bag
1335,2026-08-14,Tomatoes
1336,2026-08-02,Bananas
1336,2026-08-02,Beer
1336,2026-08-02,Carrots
1336,2026-08-02,Diapers
1336,2026-08-02,Eggs
1336,2026-08-02,Parmesan
1336,2026-08-02,Pasta
1336,2026-08-02,Reusable Bag
1336,2026-08-02,Tomato Sauce
1337,2026-02-01,Baby Food
1337,2026-02-01,Baby Wipes
1337,2026-02-01,Diapers
1337,2026-02-01,Eggs
1338,2026-01-28,2% Milk
1338,2026-01-28,Chicken Breast
1338,2026-01-28,Garlic
1338,2026-01-28,Onions
1338,2026-01-28,Parmesan
1338,2026-01-28,Pasta
1338,2026-01-28,Red Wine
1338,2026-01-28,Reusable Bag
1338,2026-01-28,Tomato Sauce
1339,2026-12-06,Bananas
1339,2026-12-06,Bread
1339,2026-12-06,Frozen Pizza
1339,2026-12-06,Garlic
1339,2026-12-06,Pasta
1339,2026-12-06,Red Wine
1339,2026-12-06,Reusable Bag
1339,2026-12-06,Sparkling Water
1339,2026-12-06,Tea
1339,2026-12-06,Tomato Sauce
1339,2026-12-06,Tomatoes
1340,2026-12-28,Eggs
1340,2026-12-28,Paper Towels
1340,2026-12-28,Pasta
1340,2026-12-28,Reusable Bag
1341,2026-05-17,Chocolate
1341,2026-05-17,Eggs
1341,2026-05-17,Garlic
1341,2026-05-17,Onions
1341,2026-05-17,Parmesan
1341,2026-05-17,Pasta
1341,2026-05-17,Reusable Bag
1341,2026-05-17,Tomato Sauce
1342,2026-06-02,2% Milk
1342,2026-06-02,Apples
1342,2026-06-02,Cheddar
1342,2026-06-02,Frozen Pizza
1342,2026-06-02,Reusable Bag
1343,2026-07-04,Chocolate
1343,2026-07-04,Cucumber
1343,2026-07-04,Dish Soap
1343,2026-07-04,Parmesan
1343,2026-07-04,Pasta
1343,2026-07-04,Red Wine
1343,2026-07-04,Tomato Sauce
1344,2026-02-04,Baby Food
1344,2026-02-04,Beer
1344,2026-02-04,Cereal
1344,2026-02-04,Cheddar
1344,2026-02-04,Diapers
1344,2026-02-04,Eggs
1344,2026-02-04,Parmesan
1344,2026-02-04,Pasta
1344,2026-02-04,Potato Chips
1344,2026-02-04,Reusable Bag
1345,2026-08-15,Baby Wipes
1345,2026-08-15,Cheddar
1345,2026-08-15,Garlic
1345,2026-08-15,Parmesan
1345,2026-08-15,Pasta
1345,2026-08-15,Red Wine
1345,2026-08-15,Reusable Bag
1345,2026-08-15,Sparkling Water
1345,2026-08-15,Tomato Sauce
1345,2026-08-15,Whole Milk
1346,2026-04-23,Apples
1346,2026-04-23,Baby Wipes
1346,2026-04-23,Bananas
1346,2026-04-23,Bread
1346,2026-04-23,Eggs
1346,2026-04-23,Garlic
1346,2026-04-23,Parmesan
1346,2026-04-23,Pasta
1346,2026-04-23,Tomato Sauce
1346,2026-04-23,Yogurt
1347,2026-08-11,Butter
1347,2026-08-11,Carrots
1347,2026-08-11,Cheddar
1347,2026-08-11,Parmesan
1347,2026-08-11,Pasta
1347,2026-08-11,Reusable Bag
1348,2026-07-02,Coffee
1348,2026-07-02,Reusable Bag
1348,2026-07-02,Rice
1348,2026-07-02,Yogurt
1349,2026-06-15,2% Milk
1349,2026-06-15,Burger Buns
1349,2026-06-15,Coffee
1349,2026-06-15,Reusable Bag
1349,2026-06-15,Sparkling Water
1350,2026-05-30,Chocolate
1350,2026-05-30,Coffee
1350,2026-05-30,Croissants
1350,2026-05-30,Dish Soap
1350,2026-05-30,Reusable Bag
1350,2026-05-30,Rice
1350,2026-05-30,Whole Milk
1351,2026-12-19,Chicken Breast
1351,2026-12-19,Reusable Bag
1351,2026-12-19,Tea
1352,2026-06-10,Bananas
1352,2026-06-10,Chicken Breast
1352,2026-06-10,Onions
1352,2026-06-10,Pasta
1352,2026-06-10,Reusable Bag
1352,2026-06-10,Sparkling Water
1353,2026-10-04,Bananas
1353,2026-10-04,Bread
1353,2026-10-04,Carrots
1353,2026-10-04,Lettuce
1353,2026-10-04,Olive Oil
1353,2026-10-04,Onions
1353,2026-10-04,Reusable Bag
1353,2026-10-04,Tomatoes
1353,2026-10-04,Yogurt
1354,2026-12-01,Baby Food
1354,2026-12-01,Baby Wipes
1354,2026-12-01,Beer
1354,2026-12-01,Diapers
1354,2026-12-01,Reusable Bag
1354,2026-12-01,Yogurt
1355,2026-09-02,Bananas
1355,2026-09-02,Beer
1355,2026-09-02,Butter
1355,2026-09-02,Charcoal
1355,2026-09-02,Garlic
1355,2026-09-02,Ketchup
1355,2026-09-02,Lettuce
1355,2026-09-02,Reusable Bag
1355,2026-09-02,Steak
1356,2026-02-22,Apples
1356,2026-02-22,Chicken Breast
1356,2026-02-22,Chocolate
1356,2026-02-22,Croissants
1356,2026-02-22,Cucumber
1356,2026-02-22,Lettuce
1356,2026-02-22,Reusable Bag
1356,2026-02-22,Tomatoes
1357,2026-05-23,Butter
1357,2026-05-23,Chicken Breast
1357,2026-05-23,Coffee
1357,2026-05-23,Croissants
1357,2026-05-23,Eggs
1357,2026-05-23,Parmesan
1357,2026-05-23,Potato Chips
1357,2026-05-23,Reusable Bag
1357,2026-05-23,Tea
1357,2026-05-23,Whole Milk
1358,2026-04-29,Beer
1358,2026-04-29,Charcoal
1358,2026-04-29,Ketchup
1358,2026-04-29,Paper Towels
1358,2026-04-29,Reusable Bag
1358,2026-04-29,Steak
1359,2026-11-27,Bananas
1359,2026-11-27,Beer
1359,2026-11-27,Chocolate
1359,2026-11-27,Diapers
1359,2026-11-27,Eggs
1359,2026-11-27,Reusable Bag
1360,2026-07-25,Apples
1360,2026-07-25,Burger Buns
1360,2026-07-25,Cereal
1360,2026-07-25,Charcoal
1360,2026-07-25,Ketchup
1360,2026-07-25,Reusable Bag
1360,2026-07-25,Rice
1360,2026-07-25,Sparkling Water
1360,2026-07-25,Steak
1361,2026-05-05,Carrots
1361,2026-05-05,Chicken Breast
1361,2026-05-05,Diapers
1361,2026-05-05,Eggs
1361,2026-05-05,Lettuce
1361,2026-05-05,Red Wine
1361,2026-05-05,Reusable Bag
1361,2026-05-05,Sparkling Water
1361,2026-05-05,Tomatoes
1362,2026-08-22,Cheddar
1362,2026-08-22,Cucumber
1362,2026-08-22,Ketchup
1362,2026-08-22,Lettuce
1362,2026-08-22,Olive Oil
1362,2026-08-22,Reusable Bag
1362,2026-08-22,Tomatoes
1363,2026-03-24,Bread
1363,2026-03-24,Chocolate
1363,2026-03-24,Frozen Pizza
1363,2026-03-24,Garlic
1363,2026-03-24,Parmesan
1363,2026-03-24,Pasta
1363,2026-03-24,Potato Chips
1363,2026-03-24,Red Wine
1363,2026-03-24,Reusable Bag
1363,2026-03-24,Rice
1364,2026-08-10,Apples
1364,2026-08-10,Baby Wipes
1364,2026-08-10,Carrots
1364,2026-08-10,Diapers
1364,2026-08-10,Lettuce
1364,2026-08-10,Orange Juice
1364,2026-08-10,Reusable Bag
1364,2026-08-10,Rice
1364,2026-08-10,Tea
1365,2026-08-06,Beer
1365,2026-08-06,Burger Buns
1365,2026-08-06,Charcoal
1365,2026-08-06,Eggs
1365,2026-08-06,Ketchup
1365,2026-08-06,Reusable Bag
1365,2026-08-06,Steak
1366,2026-09-10,Onions
1366,2026-09-10,Reusable Bag
1367,2026-02-20,Chocolate
1367,2026-02-20,Cucumber
1367,2026-02-20,Lettuce
1367,2026-02-20,Olive Oil
1367,2026-02-20,Potato Chips
1367,2026-02-20,Reusable Bag
1367,2026-02-20,Tomatoes
1368,2026-06-21,Coffee
1368,2026-06-21,Dish Soap
1368,2026-06-21,Orange Juice
1368,2026-06-21,Reusable Bag
1368,2026-06-21,Sparkling Water
1368,2026-06-21,Tomatoes
1369,2026-03-08,Baby Wipes
1369,2026-03-08,Bananas
1369,2026-03-08,Beer
1369,2026-03-08,Chicken Breast
1369,2026-03-08,Diapers
1369,2026-03-08,Eggs
1369,2026-03-08,Onions
1369,2026-03-08,Paper Towels
1369,2026-03-08,Reusable Bag
1370,2026-11-19,Butter
1370,2026-11-19,Chicken Breast
1370,2026-11-19,Garlic
1370,2026-11-19,Pasta
1370,2026-11-19,Red Wine
1370,2026-11-19,Reusable Bag
1370,2026-11-19,Tomato Sauce
1370,2026-11-19,Yogurt
1371,2026-03-30,Bread
1371,2026-03-30,Burger Buns
1371,2026-03-30,Butter
1371,2026-03-30,Charcoal
1371,2026-03-30,Ketchup
1371,2026-03-30,Potato Chips
1371,2026-03-30,Reusable Bag
1372,2026-03-24,Apples
1372,2026-03-24,Carrots
1372,2026-03-24,Coffee
1372,2026-03-24,Croissants
1372,2026-03-24,Onions
1372,2026-03-24,Orange Juice
1372,2026-03-24,Red Wine
1372,2026-03-24,Reusable Bag
1372,2026-03-24,Whole Milk
1373,2026-05-01,2% Milk
1373,2026-05-01,Chocolate
1373,2026-05-01,Lettuce
1373,2026-05-01,Olive Oil
1373,2026-05-01,Reusable Bag
1373,2026-05-01,Sparkling Water
1373,2026-05-01,Tomatoes
1374,2026-06-01,Baby Food
1374,2026-06-01,Baby Wipes
1374,2026-06-01,Bread
1374,2026-06-01,Diapers
1374,2026-06-01,Parmesan
1374,2026-06-01,Reusable Bag
1374,2026-06-01,Tomatoes
1375,2026-08-22,Beer
1375,2026-08-22,Bread
1375,2026-08-22,Cheddar
1375,2026-08-22,Chocolate
1375,2026-08-22,Diapers
1375,2026-08-22,Onions
1375,2026-08-22,Reusable Bag
1376,2026-08-27,Bread
1376,2026-08-27,Coffee
1376,2026-08-27,Croissants
1376,2026-08-27,Onions
1376,2026-08-27,Potato Chips
1376,2026-08-27,Reusable Bag
1376,2026-08-27,Sparkling Water
1376,2026-08-27,Tea
1377,2026-04-12,Frozen Pizza
1377,2026-04-12,Reusable Bag
1377,2026-04-12,Whole Milk
1378,2026-05-05,Bananas
1378,2026-05-05,Butter
1378,2026-05-05,Coffee
1378,2026-05-05,Onions
1378,2026-05-05,Orange Juice
1378,2026-05-05,Potato Chips
1378,2026-05-05,Reusable Bag
1378,2026-05-05,Sparkling Water
1379,2026-04-12,Apples
1379,2026-04-12,Chicken Breast
1379,2026-04-12,Coffee
1379,2026-04-12,Croissants
1379,2026-04-12,Frozen Pizza
1379,2026-04-12,Orange Juice
1379,2026-04-12,Reusable Bag
1379,2026-04-12,Whole Milk
1380,2026-04-06,Baby Wipes
1380,2026-04-06,Beer
1380,2026-04-06,Bread
1380,2026-04-06,Diapers
1380,2026-04-06,Paper Towels
1380,2026-04-06,Reusable Bag
1381,2026-07-09,2% Milk
1381,2026-07-09,Baby Food
1381,2026-07-09,Baby Wipes
1381,2026-07-09,Butter
1381,2026-07-09,Diapers
1381,2026-07-09,Reusable Bag
1381,2026-07-09,Sparkling Water
1382,2026-02-09,Chicken Breast
1382,2026-02-09,Chocolate
1382,2026-02-09,Croissants
1382,2026-02-09,Cucumber
1382,2026-02-09,Garlic
1382,2026-02-09,Parmesan
1382,2026-02-09,Pasta
1382,2026-02-09,Steak
1382,2026-02-09,Tomato Sauce
1383,2026-06-29,2% Milk
1384,2026-11-08,Chicken Breast
1384,2026-11-08,Lettuce
1384,2026-11-08,Olive Oil
1384,2026-11-08,Reusable Bag
1384,2026-11-08,Tomatoes
1385,2026-02-21,Apples
1385,2026-02-21,Baby Food
1385,2026-02-21,Bananas
1385,2026-02-21,Burger Buns
1385,2026-02-21,Charcoal
1385,2026-02-21,Croissants
1385,2026-02-21,Lettuce
1385,2026-02-21,Reusable Bag
1386,2026-02-17,Bananas
1386,2026-02-17,Bread
1386,2026-02-17,Charcoal
1386,2026-02-17,Ketchup
1386,2026-02-17,Paper Towels
1386,2026-02-17,Reusable Bag
1386,2026-02-17,Sparkling Water
1386,2026-02-17,Steak
1386,2026-02-17,Yogurt
1387,2026-01-15,Bread
1387,2026-01-15,Frozen Pizza
1387,2026-01-15,Reusable Bag
1387,2026-01-15,Rice
1388,2026-02-06,Bread
1388,2026-02-06,Frozen Pizza
1388,2026-02-06,Paper Towels
1388,2026-02-06,Reusable Bag
1388,2026-02-06,Yogurt
1389,2026-12-29,Burger Buns
1389,2026-12-29,Cucumber
1389,2026-12-29,Eggs
1389,2026-12-29,Lettuce
1389,2026-12-29,Olive Oil
1389,2026-12-29,Reusable Bag
1389,2026-12-29,Tomatoes
1390,2026-06-29,Bananas
1390,2026-06-29,Coffee
1390,2026-06-29,Croissants
1390,2026-06-29,Frozen Pizza
1390,2026-06-29,Reusable Bag
1390,2026-06-29,Whole Milk
1390,2026-06-29,Yogurt
1391,2026-03-13,Bananas
1391,2026-03-13,Beer
1391,2026-03-13,Burger Buns
1391,2026-03-13,Charcoal
1391,2026-03-13,Dish Soap
1391,2026-03-13,Steak
1392,2026-06-24,Beer
1392,2026-06-24,Burger Buns
1392,2026-06-24,Carrots
1392,2026-06-24,Charcoal
1392,2026-06-24,Chocolate
1392,2026-06-24,Croissants
1392,2026-06-24,Eggs
1392,2026-06-24,Frozen Pizza
1392,2026-06-24,Ketchup
1392,2026-06-24,Steak
1393,2026-08-17,Carrots
1393,2026-08-17,Cereal
1393,2026-08-17,Cucumber
1393,2026-08-17,Lettuce
1393,2026-08-17,Olive Oil
1393,2026-08-17,Onions
1393,2026-08-17,Paper Towels
1393,2026-08-17,Reusable Bag
1393,2026-08-17,Steak
1393,2026-08-17,Whole Milk
1394,2026-08-02,Bananas
1394,2026-08-02,Bread
1394,2026-08-02,Chicken Breast
1395,2026-02-23,Bread
1395,2026-02-23,Potato Chips
1395,2026-02-23,Reusable Bag
1395,2026-02-23,Sparkling Water
1396,2026-04-12,2% Milk
1396,2026-04-12,Coffee
1396,2026-04-12,Croissants
1396,2026-04-12,Pasta
1396,2026-04-12,Reusable Bag
1396,2026-04-12,Whole Milk
1397,2026-09-28,Bananas
1397,2026-09-28,Bread
1397,2026-09-28,Cereal
1397,2026-09-28,Garlic
1397,2026-09-28,Parmesan
1397,2026-09-28,Pasta
1397,2026-09-28,Red Wine
1397,2026-09-28,Reusable Bag
1397,2026-09-28,Sparkling Water
1397,2026-09-28,Tomato Sauce
1398,2026-03-09,Apples
1398,2026-03-09,Bread
1398,2026-03-09,Butter
1398,2026-03-09,Dish Soap
1398,2026-03-09,Pasta
1398,2026-03-09,Red Wine
1398,2026-03-09,Reusable Bag
1398,2026-03-09,Tomato Sauce
1399,2026-08-24,Baby Food
1399,2026-08-24,Cheddar
1399,2026-08-24,Chocolate
1399,2026-08-24,Dish Soap
1399,2026-08-24,Eggs
1399,2026-08-24,Garlic
1399,2026-08-24,Olive Oil
1399,2026-08-24,Onions
1399,2026-08-24,Pasta
1399,2026-08-24,Reusable Bag
1400,2026-07-12,Coffee
1400,2026-07-12,Orange Juice
1400,2026-07-12,Paper Towels
1400,2026-07-12,Reusable Bag
1400,2026-07-12,Whole Milk
1401,2026-01-17,Coffee
1401,2026-01-17,Croissants
1401,2026-01-17,Eggs
1401,2026-01-17,Orange Juice
1401,2026-01-17,Reusable Bag
1401,2026-01-17,Whole Milk
1402,2026-08-23,Bread
1402,2026-08-23,Charcoal
1402,2026-08-23,Chocolate
1402,2026-08-23,Coffee
1402,2026-08-23,Cucumber
1402,2026-08-23,Ketchup
1402,2026-08-23,Onions
1402,2026-08-23,Reusable Bag
1402,2026-08-23,Steak
1403,2026-05-12,Paper Towels
1403,2026-05-12,Pasta
1403,2026-05-12,Reusable Bag
1403,2026-05-12,Tomato Sauce
1404,2026-12-25,2% Milk
1404,2026-12-25,Beer
1404,2026-12-25,Burger Buns
1404,2026-12-25,Charcoal
1404,2026-12-25,Chicken Breast
1404,2026-12-25,Chocolate
1404,2026-12-25,Diapers
1404,2026-12-25,Eggs
1404,2026-12-25,Pasta
1404,2026-12-25,Potato Chips
1404,2026-12-25,Steak
1405,2026-07-10,Baby Food
1405,2026-07-10,Butter
1405,2026-07-10,Coffee
1405,2026-07-10,Croissants
1405,2026-07-10,Orange Juice
1405,2026-07-10,Potato Chips
1405,2026-07-10,Reusable Bag
1405,2026-07-10,Whole Milk
1406,2026-12-09,Reusable Bag
1406,2026-12-09,Rice
1407,2026-08-04,Eggs
1407,2026-08-04,Lettuce
1407,2026-08-04,Olive Oil
1407,2026-08-04,Potato Chips
1407,2026-08-04,Reusable Bag
1407,2026-08-04,Tomatoes
1408,2026-02-19,2% Milk
1408,2026-02-19,Baby Wipes
1408,2026-02-19,Beer
1408,2026-02-19,Bread
1408,2026-02-19,Burger Buns
1408,2026-02-19,Chocolate
1408,2026-02-19,Eggs
1408,2026-02-19,Lettuce
1408,2026-02-19,Reusable Bag
1408,2026-02-19,Sparkling Water
1409,2026-03-03,Bread
1409,2026-03-03,Eggs
1409,2026-03-03,Paper Towels
1409,2026-03-03,Reusable Bag
1410,2026-10-17,2% Milk
1410,2026-10-17,Apples
1410,2026-10-17,Bread
1410,2026-10-17,Chicken Breast
1410,2026-10-17,Coffee
1410,2026-10-17,Eggs
1410,2026-10-17,Orange Juice
1410,2026-10-17,Reusable Bag
1410,2026-10-17,Whole Milk
1411,2026-02-08,Apples
1411,2026-02-08,Bananas
1411,2026-02-08,Chicken Breast
1411,2026-02-08,Coffee
1411,2026-02-08,Paper Towels
1411,2026-02-08,Sparkling Water
1412,2026-05-27,2% Milk
1412,2026-05-27,Chocolate
1412,2026-05-27,Garlic
1412,2026-05-27,Parmesan
1412,2026-05-27,Pasta
1412,2026-05-27,Tomato Sauce
1413,2026-07-15,Bananas
1413,2026-07-15,Chocolate
1413,2026-07-15,Reusable Bag
1413,2026-07-15,Yogurt
1414,2026-10-18,2% Milk
1414,2026-10-18,Apples
1414,2026-10-18,Burger Buns
1414,2026-10-18,Charcoal
1414,2026-10-18,Chicken Breast
1414,2026-10-18,Chocolate
1414,2026-10-18,Ketchup
1414,2026-10-18,Parmesan
1414,2026-10-18,Reusable Bag
1414,2026-10-18,Steak
1415,2026-12-09,Charcoal
1415,2026-12-09,Cheddar
1415,2026-12-09,Chicken Breast
1415,2026-12-09,Eggs
1415,2026-12-09,Frozen Pizza
1415,2026-12-09,Reusable Bag
1415,2026-12-09,Steak
1416,2026-01-06,Baby Wipes
1416,2026-01-06,Beer
1416,2026-01-06,Bread
1416,2026-01-06,Charcoal
1416,2026-01-06,Ketchup
1416,2026-01-06,Reusable Bag
1416,2026-01-06,Steak
1417,2026-10-31,Burger Buns
1417,2026-10-31,Onions
1417,2026-10-31,Orange Juice
1417,2026-10-31,Reusable Bag
1418,2026-07-31,Carrots
1418,2026-07-31,Chicken Breast
1418,2026-07-31,Dish Soap
1418,2026-07-31,Eggs
1418,2026-07-31,Lettuce
1418,2026-07-31,Olive Oil
1418,2026-07-31,Reusable Bag
1418,2026-07-31,Tomatoes
1419,2026-12-21,Garlic
1419,2026-12-21,Parmesan
1419,2026-12-21,Pasta
1419,2026-12-21,Red Wine
1419,2026-12-21,Reusable Bag
1419,2026-12-21,Rice
1419,2026-12-21,Tomato Sauce
1420,2026-05-26,Bread
1420,2026-05-26,Carrots
1420,2026-05-26,Lettuce
1420,2026-05-26,Tomatoes
1421,2026-04-05,Bread
1421,2026-04-05,Eggs
1421,2026-04-05,Parmesan
1421,2026-04-05,Pasta
1421,2026-04-05,Red Wine
1421,2026-04-05,Tomato Sauce
1421,2026-04-05,Yogurt
1422,2026-11-18,Apples
1422,2026-11-18,Bananas
1422,2026-11-18,Cucumber
1422,2026-11-18,Lettuce
1422,2026-11-18,Paper Towels
1422,2026-11-18,Reusable Bag
1422,2026-11-18,Tea
1422,2026-11-18,Yogurt
1423,2026-03-24,Chicken Breast
1423,2026-03-24,Frozen Pizza
1423,2026-03-24,Garlic
1423,2026-03-24,Pasta
1423,2026-03-24,Red Wine
1423,2026-03-24,Reusable Bag
1423,2026-03-24,Tomato Sauce
1424,2026-04-20,Apples
1424,2026-04-20,Bananas
1424,2026-04-20,Chicken Breast
1424,2026-04-20,Dish Soap
1424,2026-04-20,Garlic
1424,2026-04-20,Lettuce
1424,2026-04-20,Reusable Bag
1424,2026-04-20,Steak
1425,2026-07-26,Baby Food
1425,2026-07-26,Baby Wipes
1425,2026-07-26,Diapers
1425,2026-07-26,Potato Chips
1426,2026-06-27,Beer
1426,2026-06-27,Burger Buns
1426,2026-06-27,Cereal
1426,2026-06-27,Charcoal
1426,2026-06-27,Ketchup
1426,2026-06-27,Reusable Bag
1426,2026-06-27,Steak
1427,2026-05-25,Apples
1427,2026-05-25,Bread
1427,2026-05-25,Chicken Breast
1427,2026-05-25,Croissants
1427,2026-05-25,Reusable Bag
1428,2026-11-21,2% Milk
1428,2026-11-21,Baby Wipes
1428,2026-11-21,Beer
1428,2026-11-21,Butter
1428,2026-11-21,Carrots
1428,2026-11-21,Charcoal
1428,2026-11-21,Diapers
1428,2026-11-21,Lettuce
1428,2026-11-21,Potato Chips
1429,2026-07-21,Apples
1429,2026-07-21,Carrots
1429,2026-07-21,Chicken Breast
1429,2026-07-21,Croissants
1429,2026-07-21,Reusable Bag
1429,2026-07-21,Tea
1429,2026-07-21,Whole Milk
1430,2026-08-08,2% Milk
1430,2026-08-08,Coffee
1430,2026-08-08,Croissants
1430,2026-08-08,Garlic
1430,2026-08-08,Orange Juice
1430,2026-08-08,Steak
1431,2026-12-09,Baby Food
1431,2026-12-09,Beer
1431,2026-12-09,Bread
1431,2026-12-09,Burger Buns
1431,2026-12-09,Charcoal
1431,2026-12-09,Diapers
1431,2026-12-09,Ketchup
1431,2026-12-09,Pasta
1431,2026-12-09,Reusable Bag
1431,2026-12-09,Steak
1432,2026-09-12,Beer
1432,2026-09-12,Bread
1432,2026-09-12,Burger Buns
1432,2026-09-12,Charcoal
1432,2026-09-12,Dish Soap
1432,2026-09-12,Ketchup
1432,2026-09-12,Reusable Bag
1432,2026-09-12,Steak
1432,2026-09-12,Tea
1432,2026-09-12,Yogurt
1433,2026-07-06,2% Milk
1433,2026-07-06,Bananas
1433,2026-07-06,Burger Buns
1433,2026-07-06,Charcoal
1433,2026-07-06,Ketchup
1433,2026-07-06,Reusable Bag
1433,2026-07-06,Yogurt
1434,2026-11-24,Apples
1434,2026-11-24,Beer
1434,2026-11-24,Burger Buns
1434,2026-11-24,Charcoal
1434,2026-11-24,Chicken Breast
1434,2026-11-24,Eggs
1434,2026-11-24,Frozen Pizza
1434,2026-11-24,Reusable Bag
1434,2026-11-24,Steak
1435,2026-06-09,Baby Wipes
1435,2026-06-09,Bananas
1435,2026-06-09,Paper Towels
1435,2026-06-09,Pasta
1435,2026-06-09,Reusable Bag
1435,2026-06-09,Rice
1435,2026-06-09,Tomato Sauce
1436,2026-09-15,Butter
1436,2026-09-15,Cucumber
1436,2026-09-15,Garlic
1436,2026-09-15,Lettuce
1436,2026-09-15,Olive Oil
1436,2026-09-15,Reusable Bag
1436,2026-09-15,Tomatoes
1436,2026-09-15,Yogurt
1437,2026-12-15,Apples
1437,2026-12-15,Beer
1437,2026-12-15,Burger Buns
1437,2026-12-15,Charcoal
1437,2026-12-15,Reusable Bag
1437,2026-12-15,Steak
1438,2026-08-30,Beer
1438,2026-08-30,Coffee
1438,2026-08-30,Croissants
1438,2026-08-30,Potato Chips
1438,2026-08-30,Reusable Bag
1439,2026-11-27,Baby Food
1439,2026-11-27,Beer
1439,2026-11-27,Burger Buns
1439,2026-11-27,Cereal
1439,2026-11-27,Charcoal
1439,2026-11-27,Cucumber
1439,2026-11-27,Ketchup
1439,2026-11-27,Lettuce
1439,2026-11-27,Onions
1439,2026-11-27,Reusable Bag
1439,2026-11-27,Steak
1440,2026-12-17,Bananas
1440,2026-12-17,Coffee
1440,2026-12-17,Croissants
1440,2026-12-17,Pasta
1440,2026-12-17,Reusable Bag
1440,2026-12-17,Steak
1441,2026-02-20,Dish Soap
1441,2026-02-20,Garlic
1441,2026-02-20,Paper Towels
1441,2026-02-20,Pasta
1441,2026-02-20,Tomato Sauce
1442,2026-08-11,Apples
1442,2026-08-11,Beer
1442,2026-08-11,Charcoal
1442,2026-08-11,Chicken Breast
1442,2026-08-11,Ketchup
1442,2026-08-11,Orange Juice
1442,2026-08-11,Reusable Bag
1442,2026-08-11,Steak
1443,2026-04-07,Baby Food
1443,2026-04-07,Baby Wipes
1443,2026-04-07,Beer
1443,2026-04-07,Bread
1443,2026-04-07,Croissants
1443,2026-04-07,Cucumber
1443,2026-04-07,Diapers
1443,2026-04-07,Eggs
1443,2026-04-07,Reusable Bag
1444,2026-04-16,Bananas
1444,2026-04-16,Cereal
1444,2026-04-16,Cucumber
1444,2026-04-16,Eggs
1444,2026-04-16,Lettuce
1444,2026-04-16,Olive Oil
1444,2026-04-16,Orange Juice
1444,2026-04-16,Reusable Bag
1444,2026-04-16,Tomatoes
1444,2026-04-16,Yogurt
1445,2026-12-17,Chocolate
1445,2026-12-17,Garlic
1445,2026-12-17,Onions
1445,2026-12-17,Paper Towels
1445,2026-12-17,Parmesan
1445,2026-12-17,Pasta
1445,2026-12-17,Potato Chips
1445,2026-12-17,Red Wine
1445,2026-12-17,Reusable Bag
1445,2026-12-17,Tomato Sauce
1446,2026-08-16,Baby Food
1446,2026-08-16,Cheddar
1446,2026-08-16,Chocolate
1446,2026-08-16,Coffee
1446,2026-08-16,Croissants
1446,2026-08-16,Dish Soap
1446,2026-08-16,Parmesan
1446,2026-08-16,Reusable Bag
1446,2026-08-16,Sparkling Water
1446,2026-08-16,Tomatoes
1447,2026-08-20,Chicken Breast
1447,2026-08-20,Onions
1447,2026-08-20,Parmesan
1447,2026-08-20,Pasta
1447,2026-08-20,Potato Chips
1447,2026-08-20,Reusable Bag
1447,2026-08-20,Sparkling Water
1447,2026-08-20,Tomato Sauce
1448,2026-03-02,Baby Wipes
1448,2026-03-02,Bananas
1448,2026-03-02,Cheddar
1448,2026-03-02,Chicken Breast
1448,2026-03-02,Diapers
1448,2026-03-02,Dish Soap
1448,2026-03-02,Reusable Bag
1449,2026-10-14,Burger Buns
1449,2026-10-14,Charcoal
1449,2026-10-14,Croissants
1449,2026-10-14,Ketchup
1449,2026-10-14,Lettuce
1449,2026-10-14,Reusable Bag
1449,2026-10-14,Tea
1449,2026-10-14,Yogurt
1450,2026-10-08,Beer
1450,2026-10-08,Carrots
1450,2026-10-08,Coffee
1450,2026-10-08,Croissants
1450,2026-10-08,Paper Towels
1450,2026-10-08,Pasta
1450,2026-10-08,Whole Milk
1451,2026-06-29,Baby Food
1451,2026-06-29,Cereal
1451,2026-06-29,Garlic
1451,2026-06-29,Parmesan
1451,2026-06-29,Reusable Bag
1452,2026-10-28,Beer
1452,2026-10-28,Burger Buns
1452,2026-10-28,Cucumber
1452,2026-10-28,Frozen Pizza
1452,2026-10-28,Lettuce
1452,2026-10-28,Parmesan
1453,2026-07-11,2% Milk
1453,2026-07-11,Baby Food
1453,2026-07-11,Baby Wipes
1453,2026-07-11,Bananas
1453,2026-07-11,Bread
1453,2026-07-11,Diapers
1453,2026-07-11,Potato Chips
1453,2026-07-11,Red Wine
1453,2026-07-11,Reusable Bag
1453,2026-07-11,Steak
1453,2026-07-11,Yogurt
1454,2026-03-24,2% Milk
1454,2026-03-24,Bread
1454,2026-03-24,Chicken Breast
1454,2026-03-24,Eggs
1454,2026-03-24,Reusable Bag
1454,2026-03-24,Rice
1455,2026-06-21,Baby Food
1455,2026-06-21,Baby Wipes
1455,2026-06-21,Cheddar
1455,2026-06-21,Diapers
1455,2026-06-21,Onions
1455,2026-06-21,Paper Towels
1455,2026-06-21,Red Wine
1455,2026-06-21,Rice
1456,2026-06-07,Beer
1456,2026-06-07,Charcoal
1456,2026-06-07,Potato Chips
1456,2026-06-07,Reusable Bag
1457,2026-10-13,Apples
1457,2026-10-13,Butter
1457,2026-10-13,Carrots
1457,2026-10-13,Lettuce
1457,2026-10-13,Potato Chips
1457,2026-10-13,Reusable Bag
1457,2026-10-13,Sparkling Water
1457,2026-10-13,Tomatoes
1458,2026-04-18,Bananas
1458,2026-04-18,Butter
1458,2026-04-18,Cereal
1458,2026-04-18,Cheddar
1458,2026-04-18,Reusable Bag
1458,2026-04-18,Tea
1459,2026-07-08,Baby Wipes
1459,2026-07-08,Cereal
1459,2026-07-08,Ketchup
1459,2026-07-08,Lettuce
1459,2026-07-08,Olive Oil
1459,2026-07-08,Onions
1459,2026-07-08,Reusable Bag
1459,2026-07-08,Tomatoes
1460,2026-09-09,2% Milk
1460,2026-09-09,Apples
1460,2026-09-09,Bananas
1460,2026-09-09,Beer
1460,2026-09-09,Charcoal
1460,2026-09-09,Dish Soap
1460,2026-09-09,Eggs
1460,2026-09-09,Reusable Bag
1460,2026-09-09,Steak
1461,2026-10-17,2% Milk
1461,2026-10-17,Butter
1461,2026-10-17,Cheddar
1461,2026-10-17,Chicken Breast
1461,2026-10-17,Cucumber
1461,2026-10-17,Lettuce
1461,2026-10-17,Reusable Bag
1461,2026-10-17,Tomatoes
1462,2026-11-03,Coffee
1462,2026-11-03,Croissants
1462,2026-11-03,Dish Soap
1462,2026-11-03,Eggs
1462,2026-11-03,Onions
1462,2026-11-03,Orange Juice
1462,2026-11-03,Reusable Bag
1462,2026-11-03,Whole Milk
1463,2026-11-06,Apples
1463,2026-11-06,Beer
1463,2026-11-06,Charcoal
1463,2026-11-06,Potato Chips
1463,2026-11-06,Reusable Bag
1463,2026-11-06,Steak
1464,2026-01-15,Coffee
1464,2026-01-15,Croissants
1464,2026-01-15,Eggs
1464,2026-01-15,Reusable Bag
1464,2026-01-15,Whole Milk
1465,2026-09-26,Bananas
1465,2026-09-26,Coffee
1465,2026-09-26,Croissants
1465,2026-09-26,Reusable Bag
1465,2026-09-26,Sparkling Water
1466,2026-11-03,Baby Food
1466,2026-11-03,Bananas
1466,2026-11-03,Beer
1466,2026-11-03,Burger Buns
1466,2026-11-03,Charcoal
1466,2026-11-03,Ketchup
1466,2026-11-03,Reusable Bag
1466,2026-11-03,Steak
1467,2026-04-10,Dish Soap
1467,2026-04-10,Reusable Bag
1467,2026-04-10,Whole Milk
1468,2026-02-27,2% Milk
1468,2026-02-27,Coffee
1468,2026-02-27,Cucumber
1468,2026-02-27,Reusable Bag
1468,2026-02-27,Rice
1468,2026-02-27,Whole Milk
1468,2026-02-27,Yogurt
1469,2026-01-15,Butter
1469,2026-01-15,Cereal
1469,2026-01-15,Coffee
1469,2026-01-15,Croissants
1469,2026-01-15,Orange Juice
1470,2026-02-14,Burger Buns
1470,2026-02-14,Charcoal
1470,2026-02-14,Cucumber
1470,2026-02-14,Dish Soap
1470,2026-02-14,Ketchup
1470,2026-02-14,Orange Juice
1470,2026-02-14,Paper Towels
1470,2026-02-14,Reusable Bag
1470,2026-02-14,Steak
1471,2026-05-11,Chocolate
1471,2026-05-11,Cucumber
1471,2026-05-11,Lettuce
1471,2026-05-11,Reusable Bag
1471,2026-05-11,Sparkling Water
1471,2026-05-11,Tomatoes
1472,2026-08-05,Bananas
1472,2026-08-05,Diapers
1472,2026-08-05,Reusable Bag
1473,2026-12-18,Bread
1473,2026-12-18,Cucumber
1473,2026-12-18,Lettuce
1473,2026-12-18,Olive Oil
1473,2026-12-18,Parmesan
1473,2026-12-18,Reusable Bag
1473,2026-12-18,Whole Milk
1473,2026-12-18,Yogurt
1474,2026-12-04,Cheddar
1474,2026-12-04,Cucumber
1474,2026-12-04,Lettuce
1474,2026-12-04,Reusable Bag
1474,2026-12-04,Tomatoes
1475,2026-08-07,Apples
1475,2026-08-07,Baby Wipes
1475,2026-08-07,Burger Buns
1475,2026-08-07,Charcoal
1475,2026-08-07,Chicken Breast
1475,2026-08-07,Dish Soap
1475,2026-08-07,Ketchup
1475,2026-08-07,Onions
1475,2026-08-07,Reusable Bag
1475,2026-08-07,Steak
1475,2026-08-07,Yogurt
1476,2026-05-17,Cheddar
1476,2026-05-17,Chocolate
1476,2026-05-17,Garlic
1476,2026-05-17,Parmesan
1476,2026-05-17,Pasta
1476,2026-05-17,Reusable Bag
1476,2026-05-17,Tomato Sauce
1477,2026-03-09,Chicken Breast
1477,2026-03-09,Cucumber
1477,2026-03-09,Dish Soap
1477,2026-03-09,Eggs
1477,2026-03-09,Lettuce
1477,2026-03-09,Olive Oil
1477,2026-03-09,Reusable Bag
1477,2026-03-09,Tomatoes
1478,2026-06-01,Apples
1478,2026-06-01,Bread
1478,2026-06-01,Carrots
1478,2026-06-01,Cereal
1478,2026-06-01,Croissants
1478,2026-06-01,Frozen Pizza
1478,2026-06-01,Orange Juice
1478,2026-06-01,Pasta
1478,2026-06-01,Steak
1478,2026-06-01,Tomato Sauce
1479,2026-02-06,Apples
1479,2026-02-06,Bananas
1479,2026-02-06,Bread
1479,2026-02-06,Cheddar
1479,2026-02-06,Coffee
1479,2026-02-06,Croissants
1479,2026-02-06,Frozen Pizza
1479,2026-02-06,Reusable Bag
1480,2026-01-09,Apples
1480,2026-01-09,Burger Buns
1480,2026-01-09,Carrots
1480,2026-01-09,Coffee
1480,2026-01-09,Reusable Bag
1480,2026-01-09,Whole Milk
1480,2026-01-09,Yogurt
1481,2026-08-13,Chocolate
1481,2026-08-13,Reusable Bag
1482,2026-01-26,2% Milk
1482,2026-01-26,Bananas
1482,2026-01-26,Dish Soap
1482,2026-01-26,Frozen Pizza
1482,2026-01-26,Lettuce
1482,2026-01-26,Reusable Bag
1482,2026-01-26,Tea
1483,2026-06-18,Baby Food
1483,2026-06-18,Bread
1483,2026-06-18,Cheddar
1483,2026-06-18,Coffee
1483,2026-06-18,Croissants
1483,2026-06-18,Cucumber
1483,2026-06-18,Dish Soap
1483,2026-06-18,Potato Chips
1483,2026-06-18,Reusable Bag
1483,2026-06-18,Whole Milk
1483,2026-06-18,Yogurt
1484,2026-11-24,Apples
1484,2026-11-24,Eggs
1484,2026-11-24,Onions
1484,2026-11-24,Reusable Bag
1484,2026-11-24,Sparkling Water
1485,2026-06-26,Bananas
1485,2026-06-26,Dish Soap
1485,2026-06-26,Onions
1485,2026-06-26,Reusable Bag
1485,2026-06-26,Sparkling Water
1486,2026-02-24,Beer
1486,2026-02-24,Burger Buns
1486,2026-02-24,Charcoal
1486,2026-02-24,Chicken Breast
1486,2026-02-24,Ketchup
1486,2026-02-24,Onions
1486,2026-02-24,Parmesan
1486,2026-02-24,Reusable Bag
1486,2026-02-24,Steak
1486,2026-02-24,Tomatoes
1487,2026-04-06,Baby Wipes
1487,2026-04-06,Cheddar
1487,2026-04-06,Reusable Bag
1488,2026-03-10,Baby Wipes
1488,2026-03-10,Chicken Breast
1488,2026-03-10,Cucumber
1488,2026-03-10,Diapers
1488,2026-03-10,Olive Oil
1488,2026-03-10,Red Wine
1488,2026-03-10,Reusable Bag
1489,2026-10-03,2% Milk
1489,2026-10-03,Beer
1489,2026-10-03,Burger Buns
1489,2026-10-03,Charcoal
1489,2026-10-03,Dish Soap
1489,2026-10-03,Onions
1489,2026-10-03,Paper Towels
1489,2026-10-03,Reusable Bag
1489,2026-10-03,Sparkling Water
1489,2026-10-03,Steak
1490,2026-11-17,Butter
1490,2026-11-17,Chicken Breast
1490,2026-11-17,Eggs
1490,2026-11-17,Frozen Pizza
1490,2026-11-17,Reusable Bag
1491,2026-02-22,Baby Wipes
1491,2026-02-22,Bananas
1491,2026-02-22,Beer
1491,2026-02-22,Butter
1491,2026-02-22,Carrots
1491,2026-02-22,Chicken Breast
1491,2026-02-22,Diapers
1491,2026-02-22,Dish Soap
1491,2026-02-22,Reusable Bag
1492,2026-08-25,Coffee
1492,2026-08-25,Croissants
1492,2026-08-25,Eggs
1492,2026-08-25,Orange Juice
1492,2026-08-25,Reusable Bag
1492,2026-08-25,Sparkling Water
1492,2026-08-25,Whole Milk
1493,2026-09-01,Apples
1493,2026-09-01,Beer
1493,2026-09-01,Chocolate
1493,2026-09-01,Garlic
1493,2026-09-01,Parmesan
1493,2026-09-01,Pasta
1493,2026-09-01,Red Wine
1493,2026-09-01,Reusable Bag
1493,2026-09-01,Tea
1493,2026-09-01,Tomato Sauce
1493,2026-09-01,Whole Milk
1494,2026-07-07,2% Milk
1494,2026-07-07,Bread
1494,2026-07-07,Burger Buns
1494,2026-07-07,Charcoal
1494,2026-07-07,Ketchup
1494,2026-07-07,Reusable Bag
1494,2026-07-07,Steak
1495,2026-07-24,Baby Food
1495,2026-07-24,Bread
1495,2026-07-24,Carrots
1495,2026-07-24,Chocolate
1495,2026-07-24,Croissants
1495,2026-07-24,Garlic
1495,2026-07-24,Ketchup
1495,2026-07-24,Parmesan
1495,2026-07-24,Pasta
1495,2026-07-24,Red Wine
1495,2026-07-24,Tea
1495,2026-07-24,Tomato Sauce
1495,2026-07-24,Yogurt
1496,2026-08-23,Beer
1496,2026-08-23,Burger Buns
1496,2026-08-23,Charcoal
1496,2026-08-23,Eggs
1496,2026-08-23,Ketchup
1496,2026-08-23,Orange Juice
1497,2026-05-05,Apples
1497,2026-05-05,Bananas
1497,2026-05-05,Coffee
1497,2026-05-05,Croissants
1497,2026-05-05,Reusable Bag
1497,2026-05-05,Sparkling Water
1497,2026-05-05,Steak
1497,2026-05-05,Tea
1498,2026-06-11,Apples
1498,2026-06-11,Baby Food
1498,2026-06-11,Beer
1498,2026-06-11,Burger Buns
1498,2026-06-11,Charcoal
1498,2026-06-11,Croissants
1498,2026-06-11,Garlic
1498,2026-06-11,Ketchup
1498,2026-06-11,Reusable Bag
1498,2026-06-11,Steak
1499,2026-04-30,Bananas
1499,2026-04-30,Coffee
1499,2026-04-30,Croissants
1499,2026-04-30,Eggs
1499,2026-04-30,Orange Juice
1499,2026-04-30,Reusable Bag
1499,2026-04-30,Yogurt
1500,2026-09-27,Bananas
1500,2026-09-27,Bread
1500,2026-09-27,Carrots
1500,2026-09-27,Olive Oil
1500,2026-09-27,Orange Juice
1500,2026-09-27,Red Wine
1500,2026-09-27,Reusable Bag
1500,2026-09-27,Sparkling Water
1500,2026-09-27,Yogurt
1501,2026-10-26,Apples
1501,2026-10-26,Cereal
1501,2026-10-26,Cucumber
1501,2026-10-26,Eggs
1501,2026-10-26,Frozen Pizza
1501,2026-10-26,Parmesan
1501,2026-10-26,Pasta
1501,2026-10-26,Reusable Bag
1502,2026-02-19,Bananas
1502,2026-02-19,Burger Buns
1502,2026-02-19,Charcoal
1502,2026-02-19,Coffee
1502,2026-02-19,Orange Juice
1502,2026-02-19,Paper Towels
1502,2026-02-19,Pasta
1502,2026-02-19,Reusable Bag
1503,2026-08-02,Bananas
1503,2026-08-02,Butter
1503,2026-08-02,Cereal
1503,2026-08-02,Coffee
1503,2026-08-02,Orange Juice
1503,2026-08-02,Reusable Bag
1503,2026-08-02,Rice
1503,2026-08-02,Whole Milk
1504,2026-12-31,Bread
1504,2026-12-31,Chocolate
1504,2026-12-31,Croissants
1504,2026-12-31,Dish Soap
1504,2026-12-31,Eggs
1504,2026-12-31,Lettuce
1504,2026-12-31,Reusable Bag
1504,2026-12-31,Tomato Sauce
1504,2026-12-31,Tomatoes
1505,2026-07-27,Apples
1505,2026-07-27,Bananas
1505,2026-07-27,Cereal
1505,2026-07-27,Cucumber
1505,2026-07-27,Lettuce
1505,2026-07-27,Reusable Bag
1505,2026-07-27,Rice
1505,2026-07-27,Sparkling Water
1505,2026-07-27,Tomatoes
1506,2026-12-20,2% Milk
1506,2026-12-20,Coffee
1506,2026-12-20,Cucumber
1506,2026-12-20,Orange Juice
1506,2026-12-20,Reusable Bag
1506,2026-12-20,Tomato Sauce
1507,2026-04-25,Baby Food
1507,2026-04-25,Bananas
1507,2026-04-25,Bread
1507,2026-04-25,Charcoal
1507,2026-04-25,Coffee
1507,2026-04-25,Croissants
1507,2026-04-25,Onions
1507,2026-04-25,Reusable Bag
1507,2026-04-25,Whole Milk
1507,2026-04-25,Yogurt
1508,2026-03-03,2% Milk
1508,2026-03-03,Apples
1508,2026-03-03,Bananas
1508,2026-03-03,Coffee
1508,2026-03-03,Croissants
1508,2026-03-03,Orange Juice
1508,2026-03-03,Potato Chips
1508,2026-03-03,Reusable Bag
1508,2026-03-03,Tea
1508,2026-03-03,Tomato Sauce
1509,2026-06-17,Baby Food
1509,2026-06-17,Bread
1509,2026-06-17,Burger Buns
1509,2026-06-17,Whole Milk
1510,2026-01-05,Baby Food
1510,2026-01-05,Baby Wipes
1510,2026-01-05,Butter
1510,2026-01-05,Diapers
1510,2026-01-05,Reusable Bag
1510,2026-01-05,Tea
1510,2026-01-05,Yogurt
1511,2026-09-04,2% Milk
1511,2026-09-04,Bread
1511,2026-09-04,Cereal
1511,2026-09-04,Lettuce
1511,2026-09-04,Parmesan
1511,2026-09-04,Pasta
1511,2026-09-04,Red Wine
1511,2026-09-04,Reusable Bag
1511,2026-09-04,Tea
1511,2026-09-04,Tomato Sauce
1512,2026-07-22,2% Milk
1512,2026-07-22,Bananas
1512,2026-07-22,Cheddar
1512,2026-07-22,Frozen Pizza
1512,2026-07-22,Garlic
1512,2026-07-22,Parmesan
1512,2026-07-22,Pasta
1512,2026-07-22,Red Wine
1512,2026-07-22,Reusable Bag
1512,2026-07-22,Tomato Sauce
1513,2026-03-28,Beer
1513,2026-03-28,Burger Buns
1513,2026-03-28,Charcoal
1513,2026-03-28,Ketchup
1513,2026-03-28,Potato Chips
1513,2026-03-28,Sparkling Water
1513,2026-03-28,Steak
1514,2026-12-06,Bananas
1514,2026-12-06,Beer
1514,2026-12-06,Bread
1514,2026-12-06,Burger Buns
1514,2026-12-06,Butter
1514,2026-12-06,Charcoal
1514,2026-12-06,Chicken Breast
1514,2026-12-06,Sparkling Water
1514,2026-12-06,Steak
1515,2026-12-27,Bread
1515,2026-12-27,Garlic
1515,2026-12-27,Lettuce
1515,2026-12-27,Olive Oil
1515,2026-12-27,Reusable Bag
1515,2026-12-27,Tomatoes
1515,2026-12-27,Yogurt
1516,2026-04-13,2% Milk
1516,2026-04-13,Apples
1516,2026-04-13,Bananas
1516,2026-04-13,Beer
1516,2026-04-13,Burger Buns
1516,2026-04-13,Charcoal
1516,2026-04-13,Eggs
1516,2026-04-13,Reusable Bag
1516,2026-04-13,Steak
1517,2026-07-18,Eggs
1517,2026-07-18,Potato Chips
1517,2026-07-18,Reusable Bag
1518,2026-01-18,Bread
1518,2026-01-18,Chicken Breast
1518,2026-01-18,Pasta
1518,2026-01-18,Reusable Bag
1518,2026-01-18,Tomatoes
1519,2026-03-20,Apples
1519,2026-03-20,Cereal
1519,2026-03-20,Reusable Bag
1520,2026-06-30,Chocolate
1520,2026-06-30,Eggs
1520,2026-06-30,Parmesan
1520,2026-06-30,Pasta
1520,2026-06-30,Reusable Bag
1520,2026-06-30,Tomato Sauce
1520,2026-06-30,Yogurt
1521,2026-08-01,Bananas
1521,2026-08-01,Coffee
1521,2026-08-01,Croissants
1521,2026-08-01,Orange Juice
1521,2026-08-01,Reusable Bag
1521,2026-08-01,Rice
1522,2026-07-08,Cheddar
1522,2026-07-08,Diapers
1522,2026-07-08,Reusable Bag
1522,2026-07-08,Sparkling Water
1523,2026-04-16,Baby Food
1523,2026-04-16,Baby Wipes
1523,2026-04-16,Carrots
1523,2026-04-16,Diapers
1523,2026-04-16,Potato Chips
1523,2026-04-16,Reusable Bag
1524,2026-11-28,Beer
1524,2026-11-28,Charcoal
1524,2026-11-28,Chicken Breast
1524,2026-11-28,Ketchup
1524,2026-11-28,Onions
1524,2026-11-28,Reusable Bag
1524,2026-11-28,Steak
1525,2026-12-17,2% Milk
1525,2026-12-17,Baby Wipes
1525,2026-12-17,Butter
1525,2026-12-17,Chicken Breast
1525,2026-12-17,Coffee
1525,2026-12-17,Eggs
1525,2026-12-17,Lettuce
1525,2026-12-17,Olive Oil
1525,2026-12-17,Reusable Bag
1526,2026-08-16,Garlic
1526,2026-08-16,Pasta
1526,2026-08-16,Red Wine
1526,2026-08-16,Reusable Bag
1526,2026-08-16,Tomato Sauce
1526,2026-08-16,Yogurt
1527,2026-04-22,Carrots
1527,2026-04-22,Lettuce
1527,2026-04-22,Reusable Bag
1527,2026-04-22,Rice
1527,2026-04-22,Tomatoes
1528,2026-11-15,Butter
1528,2026-11-15,Charcoal
1528,2026-11-15,Lettuce
1528,2026-11-15,Reusable Bag
1528,2026-11-15,Tea
1528,2026-11-15,Tomatoes
1528,2026-11-15,Whole Milk
1529,2026-01-06,2% Milk
1529,2026-01-06,Burger Buns
1529,2026-01-06,Charcoal
1529,2026-01-06,Eggs
1529,2026-01-06,Ketchup
1529,2026-01-06,Reusable Bag
1529,2026-01-06,Steak
1530,2026-08-30,Eggs
1530,2026-08-30,Onions
1530,2026-08-30,Pasta
1530,2026-08-30,Potato Chips
1530,2026-08-30,Red Wine
1530,2026-08-30,Reusable Bag
1531,2026-02-14,Apples
1531,2026-02-14,Bread
1531,2026-02-14,Orange Juice
1531,2026-02-14,Reusable Bag
1532,2026-03-01,Apples
1532,2026-03-01,Chocolate
1532,2026-03-01,Garlic
1532,2026-03-01,Parmesan
1532,2026-03-01,Pasta
1532,2026-03-01,Sparkling Water
1532,2026-03-01,Tomato Sauce
1533,2026-12-14,2% Milk
1533,2026-12-14,Apples
1533,2026-12-14,Frozen Pizza
1533,2026-12-14,Parmesan
1533,2026-12-14,Pasta
1533,2026-12-14,Red Wine
1533,2026-12-14,Reusable Bag
1533,2026-12-14,Tomato Sauce
1534,2026-03-23,2% Milk
1534,2026-03-23,Bread
1534,2026-03-23,Chocolate
1534,2026-03-23,Croissants
1534,2026-03-23,Garlic
1534,2026-03-23,Reusable Bag
1534,2026-03-23,Sparkling Water
1534,2026-03-23,Tea
1535,2026-10-28,Apples
1535,2026-10-28,Burger Buns
1535,2026-10-28,Reusable Bag
1535,2026-10-28,Rice
1535,2026-10-28,Tea
1535,2026-10-28,Tomatoes
1536,2026-05-12,Eggs
1536,2026-05-12,Pasta
1536,2026-05-12,Potato Chips
1536,2026-05-12,Reusable Bag
1536,2026-05-12,Tomato Sauce
1537,2026-12-17,Baby Food
1537,2026-12-17,Butter
1537,2026-12-17,Coffee
1537,2026-12-17,Croissants
1537,2026-12-17,Frozen Pizza
1537,2026-12-17,Orange Juice
1537,2026-12-17,Reusable Bag
1537,2026-12-17,Rice
1537,2026-12-17,Whole Milk
1538,2026-01-12,2% Milk
1538,2026-01-12,Bananas
1538,2026-01-12,Butter
1538,2026-01-12,Paper Towels
1538,2026-01-12,Parmesan
1538,2026-01-12,Pasta
1538,2026-01-12,Red Wine
1538,2026-01-12,Tea
1538,2026-01-12,Tomato Sauce
1539,2026-11-24,Bananas
1539,2026-11-24,Coffee
1539,2026-11-24,Croissants
1539,2026-11-24,Dish Soap
1539,2026-11-24,Orange Juice
1539,2026-11-24,Reusable Bag
1539,2026-11-24,Whole Milk
1540,2026-05-05,Baby Wipes
1540,2026-05-05,Bananas
1540,2026-05-05,Beer
1540,2026-05-05,Diapers
1540,2026-05-05,Lettuce
1540,2026-05-05,Pasta
1540,2026-05-05,Reusable Bag
1540,2026-05-05,Tomatoes
1541,2026-08-07,Bananas
1541,2026-08-07,Bread
1541,2026-08-07,Butter
1541,2026-08-07,Coffee
1541,2026-08-07,Croissants
1541,2026-08-07,Orange Juice
1541,2026-08-07,Reusable Bag
1541,2026-08-07,Sparkling Water
1541,2026-08-07,Whole Milk
1542,2026-03-23,Baby Food
1542,2026-03-23,Baby Wipes
1542,2026-03-23,Beer
1542,2026-03-23,Carrots
1542,2026-03-23,Diapers
1542,2026-03-23,Reusable Bag
1543,2026-03-31,2% Milk
1543,2026-03-31,Carrots
1543,2026-03-31,Cheddar
1543,2026-03-31,Lettuce
1543,2026-03-31,Reusable Bag
1543,2026-03-31,Sparkling Water
1543,2026-03-31,Tomato Sauce
1543,2026-03-31,Yogurt
1544,2026-01-16,Cheddar
1544,2026-01-16,Garlic
1544,2026-01-16,Pasta
1544,2026-01-16,Red Wine
1544,2026-01-16,Reusable Bag
1544,2026-01-16,Tomato Sauce
1545,2026-05-18,Bananas
1545,2026-05-18,Beer
1545,2026-05-18,Burger Buns
1545,2026-05-18,Butter
1545,2026-05-18,Charcoal
1545,2026-05-18,Cheddar
1545,2026-05-18,Eggs
1545,2026-05-18,Frozen Pizza
1545,2026-05-18,Pasta
1545,2026-05-18,Reusable Bag
1545,2026-05-18,Tomato Sauce
1546,2026-06-04,Potato Chips
1546,2026-06-04,Reusable Bag
1546,2026-06-04,Rice
1547,2026-06-23,Beer
1547,2026-06-23,Burger Buns
1547,2026-06-23,Butter
1547,2026-06-23,Charcoal
1547,2026-06-23,Chocolate
1547,2026-06-23,Eggs
1547,2026-06-23,Ketchup
1547,2026-06-23,Reusable Bag
1547,2026-06-23,Steak
1548,2026-05-31,Bananas
1548,2026-05-31,Beer
1548,2026-05-31,Butter
1548,2026-05-31,Chocolate
1548,2026-05-31,Coffee
1548,2026-05-31,Cucumber
1548,2026-05-31,Onions
1548,2026-05-31,Potato Chips
1549,2026-06-22,Bananas
1549,2026-06-22,Bread
1549,2026-06-22,Cheddar
1549,2026-06-22,Chicken Breast
1549,2026-06-22,Coffee
1549,2026-06-22,Orange Juice
1549,2026-06-22,Whole Milk
1549,2026-06-22,Yogurt
1550,2026-05-31,Bananas
1550,2026-05-31,Cereal
1550,2026-05-31,Cheddar
1550,2026-05-31,Coffee
1550,2026-05-31,Croissants
1550,2026-05-31,Frozen Pizza
1550,2026-05-31,Orange Juice
1550,2026-05-31,Reusable Bag
1550,2026-05-31,Yogurt
1551,2026-09-21,2% Milk
1551,2026-09-21,Parmesan
1551,2026-09-21,Pasta
1551,2026-09-21,Red Wine
1551,2026-09-21,Reusable Bag
1551,2026-09-21,Rice
1551,2026-09-21,Tomato Sauce
1552,2026-10-30,Beer
1552,2026-10-30,Bread
1552,2026-10-30,Carrots
1552,2026-10-30,Charcoal
1552,2026-10-30,Orange Juice
1552,2026-10-30,Reusable Bag
1552,2026-10-30,Steak
1553,2026-08-23,Apples
1553,2026-08-23,Bananas
1553,2026-08-23,Butter
1553,2026-08-23,Cucumber
1553,2026-08-23,Eggs
1553,2026-08-23,Lettuce
1553,2026-08-23,Pasta
1553,2026-08-23,Sparkling Water
1553,2026-08-23,Tomatoes
1554,2026-12-03,Coffee
1554,2026-12-03,Orange Juice
1554,2026-12-03,Potato Chips
1554,2026-12-03,Reusable Bag
1554,2026-12-03,Whole Milk
1554,2026-12-03,Yogurt
1555,2026-05-30,Butter
1555,2026-05-30,Charcoal
1555,2026-05-30,Cheddar
1555,2026-05-30,Cucumber
1555,2026-05-30,Dish Soap
1555,2026-05-30,Eggs
1555,2026-05-30,Lettuce
1555,2026-05-30,Steak
1555,2026-05-30,Tea
1555,2026-05-30,Tomatoes
1556,2026-08-26,Bananas
1556,2026-08-26,Cereal
1556,2026-08-26,Eggs
1556,2026-08-26,Reusable Bag
1557,2026-12-31,Bananas
1557,2026-12-31,Coffee
1557,2026-12-31,Croissants
1557,2026-12-31,Eggs
1557,2026-12-31,Reusable Bag
1557,2026-12-31,Rice
1557,2026-12-31,Sparkling Water
1558,2026-07-30,Bananas
1558,2026-07-30,Carrots
1558,2026-07-30,Chocolate
1558,2026-07-30,Coffee
1558,2026-07-30,Croissants
1558,2026-07-30,Orange Juice
1558,2026-07-30,Reusable Bag
1558,2026-07-30,Whole Milk
1559,2026-12-09,Cereal
1559,2026-12-09,Chicken Breast
1559,2026-12-09,Coffee
1559,2026-12-09,Onions
1559,2026-12-09,Orange Juice
1559,2026-12-09,Reusable Bag
1559,2026-12-09,Sparkling Water
1559,2026-12-09,Yogurt
1560,2026-11-27,2% Milk
1560,2026-11-27,Baby Food
1560,2026-11-27,Baby Wipes
1560,2026-11-27,Beer
1560,2026-11-27,Bread
1560,2026-11-27,Chocolate
1560,2026-11-27,Diapers
1560,2026-11-27,Reusable Bag
1560,2026-11-27,Rice
1561,2026-04-10,Apples
1561,2026-04-10,Bananas
1561,2026-04-10,Bread
1561,2026-04-10,Cheddar
1561,2026-04-10,Garlic
1561,2026-04-10,Onions
1561,2026-04-10,Parmesan
1561,2026-04-10,Pasta
1561,2026-04-10,Reusable Bag
1562,2026-12-28,Baby Food
1562,2026-12-28,Baby Wipes
1562,2026-12-28,Beer
1562,2026-12-28,Butter
1562,2026-12-28,Chocolate
1562,2026-12-28,Diapers
1562,2026-12-28,Reusable Bag
1563,2026-02-05,Bananas
1563,2026-02-05,Bread
1563,2026-02-05,Eggs
1563,2026-02-05,Pasta
1563,2026-02-05,Reusable Bag
1563,2026-02-05,Sparkling Water
1564,2026-05-28,Bread
1564,2026-05-28,Burger Buns
1564,2026-05-28,Butter
1564,2026-05-28,Charcoal
1564,2026-05-28,Cheddar
1564,2026-05-28,Coffee
1564,2026-05-28,Lettuce
1564,2026-05-28,Reusable Bag
1564,2026-05-28,Steak
1564,2026-05-28,Yogurt
1565,2026-02-20,Eggs
1565,2026-02-20,Onions
1565,2026-02-20,Potato Chips
1565,2026-02-20,Reusable Bag
1566,2026-08-18,2% Milk
1566,2026-08-18,Coffee
1566,2026-08-18,Reusable Bag
1566,2026-08-18,Sparkling Water
1566,2026-08-18,Whole Milk
1567,2026-07-06,2% Milk
1567,2026-07-06,Charcoal
1567,2026-07-06,Chicken Breast
1567,2026-07-06,Frozen Pizza
1567,2026-07-06,Garlic
1567,2026-07-06,Parmesan
1567,2026-07-06,Pasta
1567,2026-07-06,Red Wine
1567,2026-07-06,Reusable Bag
1567,2026-07-06,Tea
1567,2026-07-06,Tomato Sauce
1568,2026-12-31,2% Milk
1568,2026-12-31,Butter
1568,2026-12-31,Charcoal
1568,2026-12-31,Coffee
1568,2026-12-31,Croissants
1568,2026-12-31,Orange Juice
1568,2026-12-31,Reusable Bag
1568,2026-12-31,Tea
1568,2026-12-31,Whole Milk
1569,2026-07-12,Cereal
1569,2026-07-12,Eggs
1569,2026-07-12,Lettuce
1569,2026-07-12,Paper Towels
1569,2026-07-12,Reusable Bag
1569,2026-07-12,Tomatoes
1570,2026-08-16,2% Milk
1570,2026-08-16,Paper Towels
1570,2026-08-16,Potato Chips
1570,2026-08-16,Reusable Bag
1570,2026-08-16,Rice
1571,2026-10-03,Apples
1571,2026-10-03,Coffee
1571,2026-10-03,Potato Chips
1571,2026-10-03,Reusable Bag
1572,2026-09-06,Butter
1572,2026-09-06,Coffee
1572,2026-09-06,Onions
1572,2026-09-06,Orange Juice
1572,2026-09-06,Reusable Bag
1572,2026-09-06,Tomatoes
1573,2026-04-30,Apples
1573,2026-04-30,Bananas
1573,2026-04-30,Cereal
1573,2026-04-30,Garlic
1573,2026-04-30,Paper Towels
1573,2026-04-30,Parmesan
1573,2026-04-30,Pasta
1573,2026-04-30,Red Wine
1573,2026-04-30,Reusable Bag
1573,2026-04-30,Tea
1573,2026-04-30,Tomato Sauce
1574,2026-10-19,2% Milk
1574,2026-10-19,Baby Wipes
1574,2026-10-19,Bread
1574,2026-10-19,Diapers
1574,2026-10-19,Reusable Bag
1574,2026-10-19,Sparkling Water
1574,2026-10-19,Yogurt
1575,2026-08-01,Frozen Pizza
1575,2026-08-01,Garlic
1575,2026-08-01,Paper Towels
1575,2026-08-01,Pasta
1575,2026-08-01,Potato Chips
1575,2026-08-01,Red Wine
1575,2026-08-01,Reusable Bag
1575,2026-08-01,Sparkling Water
1575,2026-08-01,Tomato Sauce
1575,2026-08-01,Yogurt
1576,2026-01-29,Bananas
1576,2026-01-29,Carrots
1576,2026-01-29,Chocolate
1576,2026-01-29,Cucumber
1576,2026-01-29,Lettuce
1576,2026-01-29,Olive Oil
1576,2026-01-29,Onions
1576,2026-01-29,Reusable Bag
1576,2026-01-29,Rice
1576,2026-01-29,Tomatoes
1577,2026-06-22,Chicken Breast
1577,2026-06-22,Garlic
1577,2026-06-22,Paper Towels
1577,2026-06-22,Parmesan
1577,2026-06-22,Pasta
1577,2026-06-22,Potato Chips
1577,2026-06-22,Reusable Bag
1577,2026-06-22,Tomato Sauce
1578,2026-03-10,Charcoal
1578,2026-03-10,Ketchup
1578,2026-03-10,Onions
1578,2026-03-10,Potato Chips
1579,2026-10-13,Apples
1579,2026-10-13,Beer
1579,2026-10-13,Burger Buns
1579,2026-10-13,Charcoal
1579,2026-10-13,Chicken Breast
1579,2026-10-13,Dish Soap
1579,2026-10-13,Ketchup
1579,2026-10-13,Onions
1579,2026-10-13,Potato Chips
1579,2026-10-13,Reusable Bag
1579,2026-10-13,Steak
1580,2026-08-07,Bananas
1580,2026-08-07,Burger Buns
1580,2026-08-07,Charcoal
1580,2026-08-07,Dish Soap
1580,2026-08-07,Eggs
1580,2026-08-07,Frozen Pizza
1580,2026-08-07,Ketchup
1580,2026-08-07,Reusable Bag
1580,2026-08-07,Sparkling Water
1580,2026-08-07,Steak
1581,2026-01-30,Apples
1581,2026-01-30,Cheddar
1581,2026-01-30,Reusable Bag
1581,2026-01-30,Tea
1582,2026-11-05,Butter
1582,2026-11-05,Chicken Breast
1582,2026-11-05,Reusable Bag
1583,2026-07-17,Baby Wipes
1583,2026-07-17,Beer
1583,2026-07-17,Diapers
1583,2026-07-17,Paper Towels
1583,2026-07-17,Reusable Bag
1583,2026-07-17,Tea
1583,2026-07-17,Yogurt
1584,2026-12-08,2% Milk
1584,2026-12-08,Dish Soap
1584,2026-12-08,Olive Oil
1584,2026-12-08,Onions
1584,2026-12-08,Paper Towels
1584,2026-12-08,Reusable Bag
1584,2026-12-08,Sparkling Water
1585,2026-09-16,Cucumber
1585,2026-09-16,Lettuce
1585,2026-09-16,Onions
1585,2026-09-16,Reusable Bag
1586,2026-07-06,Eggs
1586,2026-07-06,Garlic
1586,2026-07-06,Parmesan
1586,2026-07-06,Pasta
1586,2026-07-06,Red Wine
1586,2026-07-06,Reusable Bag
1586,2026-07-06,Tea
1586,2026-07-06,Tomato Sauce
1586,2026-07-06,Yogurt
1587,2026-01-23,Bananas
1587,2026-01-23,Parmesan
1587,2026-01-23,Pasta
1587,2026-01-23,Tomato Sauce
1588,2026-05-18,2% Milk
1588,2026-05-18,Burger Buns
1588,2026-05-18,Carrots
1588,2026-05-18,Cereal
1588,2026-05-18,Coffee
1588,2026-05-18,Reusable Bag
1588,2026-05-18,Tea
1589,2026-11-24,2% Milk
1589,2026-11-24,Apples
1589,2026-11-24,Beer
1589,2026-11-24,Cereal
1589,2026-11-24,Reusable Bag
1589,2026-11-24,Rice
1589,2026-11-24,Sparkling Water
1590,2026-05-29,Chicken Breast
1590,2026-05-29,Garlic
1590,2026-05-29,Olive Oil
1590,2026-05-29,Parmesan
1590,2026-05-29,Pasta
1590,2026-05-29,Reusable Bag
1590,2026-05-29,Steak
1590,2026-05-29,Tomato Sauce
1591,2026-12-06,Apples
1591,2026-12-06,Cheddar
1591,2026-12-06,Potato Chips
1591,2026-12-06,Reusable Bag
1591,2026-12-06,Whole Milk
1592,2026-06-28,Baby Food
1592,2026-06-28,Baby Wipes
1592,2026-06-28,Beer
1592,2026-06-28,Bread
1592,2026-06-28,Diapers
1592,2026-06-28,Eggs
1592,2026-06-28,Potato Chips
1592,2026-06-28,Reusable Bag
1593,2026-05-19,Coffee
1593,2026-05-19,Dish Soap
1593,2026-05-19,Reusable Bag
1593,2026-05-19,Whole Milk
1594,2026-08-26,2% Milk
1594,2026-08-26,Eggs
1594,2026-08-26,Garlic
1594,2026-08-26,Ketchup
1594,2026-08-26,Onions
1594,2026-08-26,Paper Towels
1594,2026-08-26,Parmesan
1594,2026-08-26,Pasta
1594,2026-08-26,Red Wine
1594,2026-08-26,Reusable Bag
1594,2026-08-26,Steak
1594,2026-08-26,Tomato Sauce
1595,2026-06-12,Bananas
1595,2026-06-12,Bread
1595,2026-06-12,Cheddar
1595,2026-06-12,Chocolate
1595,2026-06-12,Cucumber
1595,2026-06-12,Dish Soap
1595,2026-06-12,Lettuce
1595,2026-06-12,Olive Oil
1595,2026-06-12,Reusable Bag
1596,2026-10-01,Bread
1596,2026-10-01,Steak
1597,2026-08-24,Baby Food
1597,2026-08-24,Beer
1597,2026-08-24,Bread
1597,2026-08-24,Diapers
1597,2026-08-24,Reusable Bag
1598,2026-04-06,2% Milk
1598,2026-04-06,Bananas
1598,2026-04-06,Beer
1598,2026-04-06,Burger Buns
1598,2026-04-06,Cereal
1598,2026-04-06,Charcoal
1598,2026-04-06,Ketchup
1598,2026-04-06,Reusable Bag
1599,2026-10-10,Cereal
1599,2026-10-10,Chicken Breast
1599,2026-10-10,Reusable Bag
1599,2026-10-10,Tea
1600,2026-06-22,Baby Wipes
1600,2026-06-22,Butter
1600,2026-06-22,Cheddar
1600,2026-06-22,Parmesan
1600,2026-06-22,Red Wine
1600,2026-06-22,Rice
1600,2026-06-22,Tea
1601,2026-09-21,Apples
1601,2026-09-21,Chicken Breast
1601,2026-09-21,Olive Oil
1601,2026-09-21,Pasta
1601,2026-09-21,Reusable Bag
1601,2026-09-21,Tomato Sauce
1601,2026-09-21,Tomatoes
1602,2026-07-13,Baby Food
1602,2026-07-13,Baby Wipes
1602,2026-07-13,Diapers
1602,2026-07-13,Dish Soap
1602,2026-07-13,Reusable Bag
1602,2026-07-13,Tea
1603,2026-07-23,2% Milk
1603,2026-07-23,Bread
1603,2026-07-23,Chicken Breast
1603,2026-07-23,Coffee
1603,2026-07-23,Croissants
1603,2026-07-23,Ketchup
1603,2026-07-23,Onions
1603,2026-07-23,Orange Juice
1603,2026-07-23,Reusable Bag
1603,2026-07-23,Rice
1604,2026-12-25,Bread
1604,2026-12-25,Butter
1604,2026-12-25,Carrots
1604,2026-12-25,Lettuce
1604,2026-12-25,Olive Oil
1604,2026-12-25,Reusable Bag
1604,2026-12-25,Sparkling Water
1604,2026-12-25,Tomatoes
1604,2026-12-25,Yogurt
1605,2026-06-25,2% Milk
1605,2026-06-25,Apples
1605,2026-06-25,Onions
1605,2026-06-25,Reusable Bag
1606,2026-08-13,Butter
1606,2026-08-13,Cucumber
1606,2026-08-13,Dish Soap
1606,2026-08-13,Eggs
1606,2026-08-13,Garlic
1606,2026-08-13,Lettuce
1606,2026-08-13,Onions
1606,2026-08-13,Paper Towels
1606,2026-08-13,Reusable Bag
1606,2026-08-13,Tomatoes
1607,2026-02-03,Bananas
1607,2026-02-03,Chocolate
1607,2026-02-03,Coffee
1607,2026-02-03,Croissants
1607,2026-02-03,Onions
1607,2026-02-03,Orange Juice
1607,2026-02-03,Reusable Bag
1607,2026-02-03,Sparkling Water
1607,2026-02-03,Whole Milk
1608,2026-01-20,Apples
1608,2026-01-20,Diapers
1608,2026-01-20,Frozen Pizza
1608,2026-01-20,Reusable Bag
1608,2026-01-20,Steak
1608,2026-01-20,Whole Milk
1608,2026-01-20,Yogurt
1609,2026-08-09,Butter
1609,2026-08-09,Coffee
1609,2026-08-09,Cucumber
1609,2026-08-09,Lettuce
1609,2026-08-09,Reusable Bag
1610,2026-05-29,Apples
1610,2026-05-29,Beer
1610,2026-05-29,Bread
1610,2026-05-29,Burger Buns
1610,2026-05-29,Charcoal
1610,2026-05-29,Ketchup
1610,2026-05-29,Parmesan
1610,2026-05-29,Reusable Bag
1610,2026-05-29,Steak
1611,2026-10-08,Butter
1611,2026-10-08,Carrots
1611,2026-10-08,Chocolate
1611,2026-10-08,Eggs
1611,2026-10-08,Parmesan
1611,2026-10-08,Pasta
1611,2026-10-08,Sparkling Water
1612,2026-11-10,2% Milk
1612,2026-11-10,Cereal
1612,2026-11-10,Lettuce
1612,2026-11-10,Olive Oil
1612,2026-11-10,Onions
1612,2026-11-10,Potato Chips
1612,2026-11-10,Reusable Bag
1612,2026-11-10,Tea
1612,2026-11-10,Tomatoes
1613,2026-06-09,Burger Buns
1613,2026-06-09,Charcoal
1613,2026-06-09,Cucumber
1613,2026-06-09,Frozen Pizza
1613,2026-06-09,Garlic
1613,2026-06-09,Onions
1613,2026-06-09,Pasta
1613,2026-06-09,Reusable Bag
1613,2026-06-09,Steak
1614,2026-06-30,Beer
1614,2026-06-30,Charcoal
1614,2026-06-30,Ketchup
1614,2026-06-30,Reusable Bag
1614,2026-06-30,Steak
1614,2026-06-30,Tea
1614,2026-06-30,Yogurt
1615,2026-02-08,Bread
1615,2026-02-08,Cereal
1615,2026-02-08,Chocolate
1615,2026-02-08,Coffee
1615,2026-02-08,Orange Juice
1615,2026-02-08,Whole Milk
1616,2026-05-08,Cheddar
1616,2026-05-08,Chocolate
1616,2026-05-08,Rice
1616,2026-05-08,Yogurt
1617,2026-03-07,Bananas
1617,2026-03-07,Charcoal
1617,2026-03-07,Cheddar
1617,2026-03-07,Ketchup
1617,2026-03-07,Reusable Bag
1617,2026-03-07,Rice
1617,2026-03-07,Steak
1617,2026-03-07,Tea
1618,2026-09-04,Bread
1618,2026-09-04,Carrots
1618,2026-09-04,Cucumber
1618,2026-09-04,Lettuce
1618,2026-09-04,Paper Towels
1618,2026-09-04,Reusable Bag
1618,2026-09-04,Rice
1619,2026-12-09,Cucumber
1619,2026-12-09,Lettuce
1619,2026-12-09,Olive Oil
1619,2026-12-09,Onions
1619,2026-12-09,Tomatoes
1620,2026-07-25,Baby Wipes
1620,2026-07-25,Beer
1620,2026-07-25,Bread
1620,2026-07-25,Chocolate
1620,2026-07-25,Diapers
1620,2026-07-25,Reusable Bag
1620,2026-07-25,Steak
1620,2026-07-25,Whole Milk
1621,2026-11-09,Charcoal
1621,2026-11-09,Eggs
1621,2026-11-09,Garlic
1621,2026-11-09,Olive Oil
1621,2026-11-09,Onions
1621,2026-11-09,Paper Towels
1621,2026-11-09,Pasta
1621,2026-11-09,Reusable Bag
1621,2026-11-09,Rice
1621,2026-11-09,Tomato Sauce
1621,2026-11-09,Yogurt
1622,2026-02-02,Bread
1622,2026-02-02,Burger Buns
1622,2026-02-02,Cereal
1622,2026-02-02,Coffee
1622,2026-02-02,Dish Soap
1622,2026-02-02,Parmesan
1622,2026-02-02,Reusable Bag
1623,2026-06-17,Beer
1623,2026-06-17,Burger Buns
1623,2026-06-17,Charcoal
1623,2026-06-17,Onions
1623,2026-06-17,Reusable Bag
1624,2026-12-18,Apples
1624,2026-12-18,Bread
1624,2026-12-18,Burger Buns
1624,2026-12-18,Charcoal
1624,2026-12-18,Ketchup
1624,2026-12-18,Reusable Bag
1624,2026-12-18,Steak
1625,2026-02-07,Bread
1625,2026-02-07,Chicken Breast
1625,2026-02-07,Coffee
1625,2026-02-07,Frozen Pizza
1625,2026-02-07,Onions
1625,2026-02-07,Orange Juice
1625,2026-02-07,Reusable Bag
1625,2026-02-07,Whole Milk
1626,2026-07-02,Carrots
1626,2026-07-02,Reusable Bag
1627,2026-04-12,2% Milk
1627,2026-04-12,Apples
1627,2026-04-12,Bread
1627,2026-04-12,Onions
1627,2026-04-12,Pasta
1627,2026-04-12,Reusable Bag
1627,2026-04-12,Sparkling Water
1628,2026-09-03,Apples
1628,2026-09-03,Chicken Breast
1628,2026-09-03,Garlic
1628,2026-09-03,Parmesan
1628,2026-09-03,Pasta
1628,2026-09-03,Red Wine
1628,2026-09-03,Reusable Bag
1628,2026-09-03,Tomato Sauce
1629,2026-07-18,Bread
1629,2026-07-18,Burger Buns
1629,2026-07-18,Coffee
1629,2026-07-18,Ketchup
1629,2026-07-18,Lettuce
1629,2026-07-18,Potato Chips
1629,2026-07-18,Reusable Bag
1629,2026-07-18,Whole Milk
1629,2026-07-18,Yogurt
1630,2026-11-12,Apples
1630,2026-11-12,Baby Food
1630,2026-11-12,Baby Wipes
1630,2026-11-12,Beer
1630,2026-11-12,Diapers
1630,2026-11-12,Potato Chips
1631,2026-11-24,Bananas
1631,2026-11-24,Beer
1631,2026-11-24,Cheddar
1631,2026-11-24,Garlic
1631,2026-11-24,Lettuce
1631,2026-11-24,Olive Oil
1631,2026-11-24,Parmesan
1631,2026-11-24,Pasta
1631,2026-11-24,Sparkling Water
1632,2026-07-26,Apples
1632,2026-07-26,Burger Buns
1632,2026-07-26,Parmesan
1632,2026-07-26,Pasta
1632,2026-07-26,Red Wine
1632,2026-07-26,Reusable Bag
1632,2026-07-26,Rice
1632,2026-07-26,Tomato Sauce
1632,2026-07-26,Tomatoes
1633,2026-11-07,2% Milk
1633,2026-11-07,Baby Food
1633,2026-11-07,Baby Wipes
1633,2026-11-07,Butter
1633,2026-11-07,Diapers
1633,2026-11-07,Eggs
1633,2026-11-07,Rice
1633,2026-11-07,Sparkling Water
1633,2026-11-07,Whole Milk
1634,2026-12-29,Chocolate
1634,2026-12-29,Reusable Bag
1635,2026-11-16,Apples
1635,2026-11-16,Bananas
1635,2026-11-16,Coffee
1635,2026-11-16,Croissants
1635,2026-11-16,Reusable Bag
1636,2026-06-24,Bananas
1636,2026-06-24,Butter
1636,2026-06-24,Coffee
1636,2026-06-24,Croissants
1636,2026-06-24,Reusable Bag
1637,2026-10-07,Reusable Bag
1637,2026-10-07,Sparkling Water
1638,2026-10-08,2% Milk
1638,2026-10-08,Beer
1638,2026-10-08,Bread
1638,2026-10-08,Chicken Breast
1638,2026-10-08,Coffee
1638,2026-10-08,Frozen Pizza
1638,2026-10-08,Reusable Bag
1638,2026-10-08,Rice
1638,2026-10-08,Whole Milk
1639,2026-04-02,Apples
1639,2026-04-02,Cheddar
1639,2026-04-02,Frozen Pizza
1639,2026-04-02,Garlic
1639,2026-04-02,Parmesan
1639,2026-04-02,Pasta
1639,2026-04-02,Red Wine
1639,2026-04-02,Reusable Bag
1639,2026-04-02,Tomato Sauce
1639,2026-04-02,Yogurt
1640,2026-03-13,Bananas
1640,2026-03-13,Cheddar
1640,2026-03-13,Garlic
1640,2026-03-13,Olive Oil
1640,2026-03-13,Pasta
1640,2026-03-13,Red Wine
1640,2026-03-13,Reusable Bag
1640,2026-03-13,Sparkling Water
1640,2026-03-13,Yogurt
1641,2026-11-12,2% Milk
1641,2026-11-12,Beer
1641,2026-11-12,Charcoal
1641,2026-11-12,Sparkling Water
1641,2026-11-12,Steak
1641,2026-11-12,Tea
1642,2026-04-28,Baby Wipes
1642,2026-04-28,Beer
1642,2026-04-28,Burger Buns
1642,2026-04-28,Carrots
1642,2026-04-28,Charcoal
1642,2026-04-28,Coffee
1642,2026-04-28,Eggs
1642,2026-04-28,Ketchup
1642,2026-04-28,Steak
1643,2026-07-10,Bananas
1643,2026-07-10,Parmesan
1643,2026-07-10,Pasta
1643,2026-07-10,Red Wine
1643,2026-07-10,Reusable Bag
1643,2026-07-10,Tomato Sauce
1644,2026-06-28,Charcoal
1644,2026-06-28,Cheddar
1644,2026-06-28,Chocolate
1644,2026-06-28,Reusable Bag
1644,2026-06-28,Tomato Sauce
1645,2026-12-25,Beer
1645,2026-12-25,Bread
1645,2026-12-25,Burger Buns
1645,2026-12-25,Charcoal
1645,2026-12-25,Ketchup
1645,2026-12-25,Reusable Bag
1645,2026-12-25,Steak
1646,2026-11-20,Baby Wipes
1646,2026-11-20,Beer
1646,2026-11-20,Cheddar
1646,2026-11-20,Diapers
1646,2026-11-20,Onions
1646,2026-11-20,Reusable Bag
1646,2026-11-20,Yogurt
1647,2026-12-24,2% Milk
1647,2026-12-24,Apples
1647,2026-12-24,Burger Buns
1647,2026-12-24,Carrots
1647,2026-12-24,Coffee
1647,2026-12-24,Croissants
1647,2026-12-24,Orange Juice
1647,2026-12-24,Paper Towels
1647,2026-12-24,Reusable Bag
1647,2026-12-24,Whole Milk
1648,2026-11-19,Cereal
1648,2026-11-19,Cheddar
1648,2026-11-19,Reusable Bag
1649,2026-11-10,Cheddar
1649,2026-11-10,Parmesan
1649,2026-11-10,Reusable Bag
1650,2026-04-12,Butter
1650,2026-04-12,Charcoal
1650,2026-04-12,Diapers
1650,2026-04-12,Lettuce
1650,2026-04-12,Reusable Bag
1650,2026-04-12,Tomatoes
1651,2026-03-09,Butter
1651,2026-03-09,Carrots
1651,2026-03-09,Eggs
1651,2026-03-09,Orange Juice
1651,2026-03-09,Paper Towels
1651,2026-03-09,Reusable Bag
1652,2026-08-09,Pasta
1652,2026-08-09,Red Wine
1652,2026-08-09,Reusable Bag
1652,2026-08-09,Rice
1652,2026-08-09,Tomato Sauce
1653,2026-09-26,Bread
1653,2026-09-26,Cheddar
1653,2026-09-26,Reusable Bag
1653,2026-09-26,Sparkling Water
1654,2026-09-20,Apples
1654,2026-09-20,Carrots
1654,2026-09-20,Reusable Bag
1655,2026-06-03,2% Milk
1655,2026-06-03,Beer
1655,2026-06-03,Bread
1655,2026-06-03,Burger Buns
1655,2026-06-03,Butter
1655,2026-06-03,Charcoal
1655,2026-06-03,Chicken Breast
1655,2026-06-03,Cucumber
1655,2026-06-03,Ketchup
1655,2026-06-03,Paper Towels
1655,2026-06-03,Parmesan
1655,2026-06-03,Reusable Bag
1656,2026-02-01,Coffee
1656,2026-02-01,Frozen Pizza
1656,2026-02-01,Orange Juice
1656,2026-02-01,Reusable Bag
1657,2026-05-03,Lettuce
1657,2026-05-03,Potato Chips
1657,2026-05-03,Reusable Bag
1657,2026-05-03,Tea
1657,2026-05-03,Tomatoes
1658,2026-06-27,Bananas
1658,2026-06-27,Carrots
1658,2026-06-27,Charcoal
1658,2026-06-27,Coffee
1658,2026-06-27,Cucumber
1658,2026-06-27,Eggs
1658,2026-06-27,Orange Juice
1658,2026-06-27,Paper Towels
1658,2026-06-27,Red Wine
1658,2026-06-27,Reusable Bag
1658,2026-06-27,Sparkling Water
1658,2026-06-27,Whole Milk
1659,2026-12-13,Baby Wipes
1659,2026-12-13,Coffee
1659,2026-12-13,Croissants
1659,2026-12-13,Onions
1659,2026-12-13,Orange Juice
1659,2026-12-13,Reusable Bag
1659,2026-12-13,Rice
1660,2026-05-19,Eggs
1660,2026-05-19,Reusable Bag
1661,2026-12-31,Apples
1661,2026-12-31,Eggs
1662,2026-08-18,Chicken Breast
1662,2026-08-18,Coffee
1662,2026-08-18,Croissants
1662,2026-08-18,Orange Juice
1662,2026-08-18,Reusable Bag
1662,2026-08-18,Sparkling Water
1662,2026-08-18,Tomato Sauce
1663,2026-05-16,2% Milk
1663,2026-05-16,Bread
1663,2026-05-16,Butter
1663,2026-05-16,Carrots
1663,2026-05-16,Lettuce
1663,2026-05-16,Olive Oil
1663,2026-05-16,Potato Chips
1663,2026-05-16,Reusable Bag
1663,2026-05-16,Tomatoes
1664,2026-02-25,2% Milk
1664,2026-02-25,Apples
1664,2026-02-25,Coffee
1664,2026-02-25,Croissants
1664,2026-02-25,Cucumber
1664,2026-02-25,Diapers
1664,2026-02-25,Eggs
1664,2026-02-25,Pasta
1664,2026-02-25,Potato Chips
1664,2026-02-25,Whole Milk
1665,2026-11-18,Cheddar
1665,2026-11-18,Chocolate
1665,2026-11-18,Dish Soap
1665,2026-11-18,Lettuce
1665,2026-11-18,Olive Oil
1665,2026-11-18,Reusable Bag
1665,2026-11-18,Tomatoes
1666,2026-08-29,2% Milk
1666,2026-08-29,Butter
1666,2026-08-29,Chocolate
1666,2026-08-29,Cucumber
1666,2026-08-29,Lettuce
1666,2026-08-29,Reusable Bag
1666,2026-08-29,Rice
1666,2026-08-29,Tomatoes
1667,2026-03-14,Apples
1667,2026-03-14,Baby Wipes
1667,2026-03-14,Beer
1667,2026-03-14,Bread
1667,2026-03-14,Burger Buns
1667,2026-03-14,Charcoal
1667,2026-03-14,Cheddar
1667,2026-03-14,Eggs
1667,2026-03-14,Garlic
1667,2026-03-14,Ketchup
1667,2026-03-14,Steak
1668,2026-07-11,Beer
1668,2026-07-11,Bread
1668,2026-07-11,Burger Buns
1668,2026-07-11,Charcoal
1668,2026-07-11,Reusable Bag
1668,2026-07-11,Sparkling Water
1668,2026-07-11,Steak
1668,2026-07-11,Tomatoes
1669,2026-04-19,Apples
1669,2026-04-19,Baby Food
1669,2026-04-19,Baby Wipes
1669,2026-04-19,Diapers
1669,2026-04-19,Ketchup
1669,2026-04-19,Reusable Bag
1670,2026-04-20,Baby Food
1670,2026-04-20,Baby Wipes
1670,2026-04-20,Beer
1670,2026-04-20,Bread
1670,2026-04-20,Carrots
1670,2026-04-20,Chicken Breast
1670,2026-04-20,Diapers
1670,2026-04-20,Eggs
1670,2026-04-20,Reusable Bag
1670,2026-04-20,Rice
1671,2026-03-15,Bananas
1671,2026-03-15,Cereal
1671,2026-03-15,Onions
1671,2026-03-15,Potato Chips
1671,2026-03-15,Reusable Bag
1672,2026-07-23,2% Milk
1672,2026-07-23,Apples
1672,2026-07-23,Burger Buns
1672,2026-07-23,Charcoal
1672,2026-07-23,Ketchup
1672,2026-07-23,Potato Chips
1672,2026-07-23,Steak
1673,2026-09-18,Apples
1673,2026-09-18,Baby Wipes
1673,2026-09-18,Beer
1673,2026-09-18,Diapers
1673,2026-09-18,Onions
1673,2026-09-18,Reusable Bag
1673,2026-09-18,Tea
1674,2026-01-29,2% Milk
1674,2026-01-29,Beer
1674,2026-01-29,Cereal
1674,2026-01-29,Cheddar
1674,2026-01-29,Diapers
1674,2026-01-29,Reusable Bag
1675,2026-09-24,Bananas
1675,2026-09-24,Cereal
1675,2026-09-24,Eggs
1675,2026-09-24,Lettuce
1675,2026-09-24,Reusable Bag
1675,2026-09-24,Sparkling Water
1675,2026-09-24,Tea
1676,2026-02-03,Cereal
1676,2026-02-03,Cucumber
1676,2026-02-03,Lettuce
1676,2026-02-03,Olive Oil
1676,2026-02-03,Pasta
1676,2026-02-03,Tomatoes
1676,2026-02-03,Yogurt
1677,2026-05-20,Apples
1677,2026-05-20,Cheddar
1677,2026-05-20,Coffee
1677,2026-05-20,Croissants
1677,2026-05-20,Eggs
1677,2026-05-20,Onions
1677,2026-05-20,Orange Juice
1677,2026-05-20,Paper Towels
1677,2026-05-20,Reusable Bag
1678,2026-01-26,Butter
1678,2026-01-26,Cheddar
1678,2026-01-26,Croissants
1678,2026-01-26,Eggs
1678,2026-01-26,Frozen Pizza
1678,2026-01-26,Reusable Bag
1678,2026-01-26,Sparkling Water
1679,2026-02-28,Carrots
1679,2026-02-28,Chocolate
1679,2026-02-28,Eggs
1679,2026-02-28,Frozen Pizza
1679,2026-02-28,Lettuce
1679,2026-02-28,Olive Oil
1679,2026-02-28,Paper Towels
1679,2026-02-28,Reusable Bag
1679,2026-02-28,Tomatoes
1680,2026-12-12,Coffee
1680,2026-12-12,Croissants
1680,2026-12-12,Onions
1680,2026-12-12,Reusable Bag
1680,2026-12-12,Rice
1680,2026-12-12,Whole Milk
1681,2026-02-01,2% Milk
1681,2026-02-01,Apples
1681,2026-02-01,Parmesan
1681,2026-02-01,Pasta
1681,2026-02-01,Red Wine
1681,2026-02-01,Reusable Bag
1681,2026-02-01,Tomato Sauce
1681,2026-02-01,Yogurt
1682,2026-06-30,2% Milk
1682,2026-06-30,Chocolate
1682,2026-06-30,Dish Soap
1682,2026-06-30,Onions
1682,2026-06-30,Parmesan
1682,2026-06-30,Pasta
1682,2026-06-30,Red Wine
1682,2026-06-30,Reusable Bag
1682,2026-06-30,Tea
1683,2026-07-14,Bread
1683,2026-07-14,Burger Buns
1683,2026-07-14,Charcoal
1683,2026-07-14,Croissants
1683,2026-07-14,Cucumber
1683,2026-07-14,Red Wine
1683,2026-07-14,Steak
1684,2026-04-21,2% Milk
1684,2026-04-21,Apples
1684,2026-04-21,Croissants
1684,2026-04-21,Eggs
1684,2026-04-21,Onions
1684,2026-04-21,Paper Towels
1684,2026-04-21,Reusable Bag
1685,2026-10-20,2% Milk
1685,2026-10-20,Bananas
1685,2026-10-20,Burger Buns
1685,2026-10-20,Cheddar
1685,2026-10-20,Coffee
1685,2026-10-20,Garlic
1685,2026-10-20,Parmesan
1685,2026-10-20,Pasta
1685,2026-10-20,Potato Chips
1685,2026-10-20,Reusable Bag
1685,2026-10-20,Sparkling Water
1685,2026-10-20,Tomato Sauce
1686,2026-04-08,2% Milk
1686,2026-04-08,Baby Wipes
1686,2026-04-08,Bananas
1686,2026-04-08,Cheddar
1686,2026-04-08,Chicken Breast
1686,2026-04-08,Diapers
1686,2026-04-08,Onions
1686,2026-04-08,Orange Juice
1686,2026-04-08,Reusable Bag
1687,2026-04-17,Beer
1687,2026-04-17,Carrots
1687,2026-04-17,Parmesan
1687,2026-04-17,Pasta
1687,2026-04-17,Reusable Bag
1687,2026-04-17,Sparkling Water
1687,2026-04-17,Tomato Sauce
1688,2026-07-17,Apples
1688,2026-07-17,Chocolate
1688,2026-07-17,Parmesan
1688,2026-07-17,Pasta
1688,2026-07-17,Reusable Bag
1688,2026-07-17,Sparkling Water
1688,2026-07-17,Tomato Sauce
1689,2026-11-13,Beer
1689,2026-11-13,Frozen Pizza
1689,2026-11-13,Potato Chips
1689,2026-11-13,Tea
1689,2026-11-13,Tomato Sauce
1690,2026-11-21,2% Milk
1690,2026-11-21,Carrots
1690,2026-11-21,Frozen Pizza
1690,2026-11-21,Onions
1690,2026-11-21,Parmesan
1690,2026-11-21,Pasta
1690,2026-11-21,Red Wine
1690,2026-11-21,Reusable Bag
1690,2026-11-21,Tomato Sauce
1691,2026-07-08,Beer
1691,2026-07-08,Charcoal
1691,2026-07-08,Ketchup
1691,2026-07-08,Reusable Bag
1691,2026-07-08,Rice
1691,2026-07-08,Sparkling Water
1691,2026-07-08,Steak
1691,2026-07-08,Tea
1692,2026-10-24,Beer
1692,2026-10-24,Charcoal
1692,2026-10-24,Dish Soap
1692,2026-10-24,Reusable Bag
1692,2026-10-24,Steak
1692,2026-10-24,Yogurt
1693,2026-06-27,Charcoal
1693,2026-06-27,Ketchup
1693,2026-06-27,Parmesan
1693,2026-06-27,Reusable Bag
1693,2026-06-27,Steak
1693,2026-06-27,Yogurt
1694,2026-09-02,Bananas
1694,2026-09-02,Chicken Breast
1694,2026-09-02,Coffee
1694,2026-09-02,Croissants
1694,2026-09-02,Olive Oil
1694,2026-09-02,Reusable Bag
1694,2026-09-02,Whole Milk
1695,2026-08-20,Cheddar
1695,2026-08-20,Cucumber
1695,2026-08-20,Dish Soap
1695,2026-08-20,Lettuce
1695,2026-08-20,Paper Towels
1695,2026-08-20,Reusable Bag
1696,2026-12-14,Bread
1696,2026-12-14,Chocolate
1696,2026-12-14,Coffee
1696,2026-12-14,Onions
1696,2026-12-14,Orange Juice
1696,2026-12-14,Potato Chips
1696,2026-12-14,Reusable Bag
1696,2026-12-14,Rice
1696,2026-12-14,Whole Milk
1697,2026-01-27,2% Milk
1697,2026-01-27,Beer
1697,2026-01-27,Burger Buns
1697,2026-01-27,Charcoal
1697,2026-01-27,Ketchup
1697,2026-01-27,Olive Oil
1697,2026-01-27,Orange Juice
1697,2026-01-27,Reusable Bag
1697,2026-01-27,Steak
1698,2026-09-05,Chicken Breast
1698,2026-09-05,Chocolate
1698,2026-09-05,Onions
1698,2026-09-05,Pasta
1698,2026-09-05,Red Wine
1698,2026-09-05,Reusable Bag
1698,2026-09-05,Tea
1698,2026-09-05,Tomato Sauce
1699,2026-02-25,Apples
1699,2026-02-25,Baby Food
1699,2026-02-25,Baby Wipes
1699,2026-02-25,Diapers
1699,2026-02-25,Reusable Bag
1700,2026-11-19,Bananas
1700,2026-11-19,Chocolate
1700,2026-11-19,Cucumber
1700,2026-11-19,Frozen Pizza
1700,2026-11-19,Lettuce
1700,2026-11-19,Olive Oil
1700,2026-11-19,Potato Chips
1700,2026-11-19,Reusable Bag
1700,2026-11-19,Tomatoes
1701,2026-01-11,2% Milk
1701,2026-01-11,Butter
1701,2026-01-11,Cucumber
1701,2026-01-11,Eggs
1701,2026-01-11,Lettuce
1701,2026-01-11,Olive Oil
1701,2026-01-11,Reusable Bag
1701,2026-01-11,Rice
1701,2026-01-11,Tomato Sauce
1701,2026-01-11,Tomatoes
1702,2026-10-18,Carrots
1702,2026-10-18,Chicken Breast
1702,2026-10-18,Garlic
1702,2026-10-18,Ketchup
1702,2026-10-18,Onions
1702,2026-10-18,Paper Towels
1702,2026-10-18,Parmesan
1702,2026-10-18,Pasta
1702,2026-10-18,Reusable Bag
1703,2026-03-06,Burger Buns
1703,2026-03-06,Charcoal
1703,2026-03-06,Potato Chips
1703,2026-03-06,Reusable Bag
1703,2026-03-06,Steak
1704,2026-12-27,Baby Wipes
1704,2026-12-27,Beer
1704,2026-12-27,Bread
1704,2026-12-27,Carrots
1704,2026-12-27,Cheddar
1704,2026-12-27,Coffee
1704,2026-12-27,Croissants
1704,2026-12-27,Eggs
1704,2026-12-27,Orange Juice
1704,2026-12-27,Yogurt
1705,2026-06-19,Apples
1705,2026-06-19,Baby Wipes
1705,2026-06-19,Diapers
1705,2026-06-19,Potato Chips
1705,2026-06-19,Reusable Bag
1705,2026-06-19,Sparkling Water
1705,2026-06-19,Tea
1706,2026-11-23,Bananas
1706,2026-11-23,Beer
1706,2026-11-23,Coffee
1706,2026-11-23,Croissants
1706,2026-11-23,Frozen Pizza
1706,2026-11-23,Lettuce
1706,2026-11-23,Reusable Bag
1706,2026-11-23,Sparkling Water
1706,2026-11-23,Whole Milk
1707,2026-01-15,Bread
1707,2026-01-15,Chicken Breast
1707,2026-01-15,Eggs
1707,2026-01-15,Garlic
1707,2026-01-15,Parmesan
1707,2026-01-15,Pasta
1707,2026-01-15,Red Wine
1707,2026-01-15,Rice
1707,2026-01-15,Tomato Sauce
1708,2026-05-06,Carrots
1708,2026-05-06,Reusable Bag
1708,2026-05-06,Rice
1709,2026-06-13,Bread
1709,2026-06-13,Olive Oil
1709,2026-06-13,Onions
1709,2026-06-13,Reusable Bag
1709,2026-06-13,Rice
1710,2026-07-30,2% Milk
1710,2026-07-30,Apples
1710,2026-07-30,Beer
1710,2026-07-30,Burger Buns
1710,2026-07-30,Charcoal
1710,2026-07-30,Diapers
1710,2026-07-30,Frozen Pizza
1710,2026-07-30,Ketchup
1710,2026-07-30,Olive Oil
1710,2026-07-30,Reusable Bag
1710,2026-07-30,Steak
1711,2026-06-18,Burger Buns
1711,2026-06-18,Charcoal
1711,2026-06-18,Dish Soap
1711,2026-06-18,Ketchup
1711,2026-06-18,Reusable Bag
1711,2026-06-18,Rice
1711,2026-06-18,Steak
1712,2026-01-29,Butter
1712,2026-01-29,Chicken Breast
1712,2026-01-29,Cucumber
1712,2026-01-29,Eggs
1712,2026-01-29,Lettuce
1712,2026-01-29,Reusable Bag
1712,2026-01-29,Sparkling Water
1712,2026-01-29,Tomato Sauce
1712,2026-01-29,Tomatoes
1713,2026-12-31,Carrots
1713,2026-12-31,Coffee
1713,2026-12-31,Croissants
1713,2026-12-31,Potato Chips
1713,2026-12-31,Reusable Bag
1713,2026-12-31,Whole Milk
1714,2026-01-04,Bananas
1714,2026-01-04,Burger Buns
1714,2026-01-04,Charcoal
1714,2026-01-04,Chocolate
1714,2026-01-04,Frozen Pizza
1714,2026-01-04,Ketchup
1714,2026-01-04,Olive Oil
1714,2026-01-04,Onions
1714,2026-01-04,Paper Towels
1714,2026-01-04,Reusable Bag
1715,2026-04-21,2% Milk
1715,2026-04-21,Coffee
1715,2026-04-21,Croissants
1715,2026-04-21,Dish Soap
1715,2026-04-21,Eggs
1715,2026-04-21,Parmesan
1715,2026-04-21,Reusable Bag
1715,2026-04-21,Tomato Sauce
1715,2026-04-21,Whole Milk
1716,2026-03-07,Burger Buns
1716,2026-03-07,Charcoal
1716,2026-03-07,Paper Towels
1716,2026-03-07,Reusable Bag
1716,2026-03-07,Steak
1717,2026-07-01,Eggs
1717,2026-07-01,Reusable Bag
1717,2026-07-01,Steak
1718,2026-06-30,Burger Buns
1718,2026-06-30,Carrots
1718,2026-06-30,Charcoal
1718,2026-06-30,Cheddar
1718,2026-06-30,Dish Soap
1718,2026-06-30,Eggs
1718,2026-06-30,Garlic
1718,2026-06-30,Potato Chips
1718,2026-06-30,Red Wine
1718,2026-06-30,Reusable Bag
1718,2026-06-30,Steak
1719,2026-05-09,Apples
1719,2026-05-09,Butter
1719,2026-05-09,Garlic
1719,2026-05-09,Parmesan
1719,2026-05-09,Pasta
1719,2026-05-09,Red Wine
1719,2026-05-09,Reusable Bag
1719,2026-05-09,Tomato Sauce
1720,2026-07-29,Bananas
1720,2026-07-29,Butter
1720,2026-07-29,Chicken Breast
1720,2026-07-29,Pasta
1720,2026-07-29,Rice
1720,2026-07-29,Yogurt
1721,2026-01-20,Cheddar
1721,2026-01-20,Garlic
1721,2026-01-20,Paper Towels
1721,2026-01-20,Pasta
1721,2026-01-20,Red Wine
1721,2026-01-20,Reusable Bag
1721,2026-01-20,Tomato Sauce
1722,2026-11-26,Eggs
1722,2026-11-26,Garlic
1722,2026-11-26,Onions
1722,2026-11-26,Pasta
1722,2026-11-26,Reusable Bag
1722,2026-11-26,Tomato Sauce
1723,2026-08-06,2% Milk
1723,2026-08-06,Apples
1723,2026-08-06,Coffee
1723,2026-08-06,Croissants
1723,2026-08-06,Frozen Pizza
1723,2026-08-06,Garlic
1723,2026-08-06,Ketchup
1723,2026-08-06,Orange Juice
1723,2026-08-06,Reusable Bag
1724,2026-07-26,Beer
1724,2026-07-26,Butter
1724,2026-07-26,Carrots
1724,2026-07-26,Charcoal
1724,2026-07-26,Potato Chips
1724,2026-07-26,Reusable Bag
1724,2026-07-26,Rice
1724,2026-07-26,Sparkling Water
1725,2026-12-30,2% Milk
1725,2026-12-30,Bananas
1725,2026-12-30,Cheddar
1725,2026-12-30,Eggs
1725,2026-12-30,Lettuce
1725,2026-12-30,Olive Oil
1725,2026-12-30,Sparkling Water
1725,2026-12-30,Tomatoes
1726,2026-08-22,Carrots
1726,2026-08-22,Eggs
1726,2026-08-22,Frozen Pizza
1726,2026-08-22,Garlic
1726,2026-08-22,Onions
1726,2026-08-22,Pasta
1726,2026-08-22,Rice
1726,2026-08-22,Tomato Sauce
1727,2026-10-17,Baby Food
1727,2026-10-17,Bread
1727,2026-10-17,Cheddar
1727,2026-10-17,Chocolate
1727,2026-10-17,Coffee
1727,2026-10-17,Croissants
1727,2026-10-17,Reusable Bag
1727,2026-10-17,Sparkling Water
1727,2026-10-17,Whole Milk
1727,2026-10-17,Yogurt
1728,2026-06-24,Bread
1728,2026-06-24,Chocolate
1728,2026-06-24,Lettuce
1728,2026-06-24,Reusable Bag
1729,2026-07-04,Baby Food
1729,2026-07-04,Burger Buns
1729,2026-07-04,Cheddar
1729,2026-07-04,Cucumber
1729,2026-07-04,Lettuce
1729,2026-07-04,Olive Oil
1729,2026-07-04,Reusable Bag
1730,2026-01-12,Bread
1730,2026-01-12,Charcoal
1730,2026-01-12,Rice
1730,2026-01-12,Steak
1731,2026-10-19,Baby Food
1731,2026-10-19,Burger Buns
1731,2026-10-19,Butter
1731,2026-10-19,Charcoal
1731,2026-10-19,Cheddar
1731,2026-10-19,Eggs
1731,2026-10-19,Ketchup
1731,2026-10-19,Lettuce
1731,2026-10-19,Reusable Bag
1731,2026-10-19,Steak
1731,2026-10-19,Yogurt
1732,2026-11-24,Beer
1732,2026-11-24,Charcoal
1732,2026-11-24,Onions
1732,2026-11-24,Reusable Bag
1732,2026-11-24,Steak
1732,2026-11-24,Yogurt
1733,2026-12-25,Apples
1733,2026-12-25,Reusable Bag
1734,2026-09-07,2% Milk
1734,2026-09-07,Baby Wipes
1734,2026-09-07,Beer
1734,2026-09-07,Burger Buns
1734,2026-09-07,Cereal
1734,2026-09-07,Charcoal
1734,2026-09-07,Ketchup
1734,2026-09-07,Reusable Bag
1734,2026-09-07,Steak
1734,2026-09-07,Whole Milk
1735,2026-03-12,Cheddar
1735,2026-03-12,Chicken Breast
1735,2026-03-12,Reusable Bag
1736,2026-05-14,2% Milk
1736,2026-05-14,Bananas
1736,2026-05-14,Olive Oil
1736,2026-05-14,Reusable Bag
1736,2026-05-14,Tea
1736,2026-05-14,Whole Milk
1737,2026-07-26,2% Milk
1737,2026-07-26,Cheddar
1737,2026-07-26,Paper Towels
1737,2026-07-26,Potato Chips
1737,2026-07-26,Yogurt
1738,2026-12-30,Baby Wipes
1738,2026-12-30,Cheddar
1738,2026-12-30,Parmesan
1738,2026-12-30,Reusable Bag
1738,2026-12-30,Sparkling Water
1739,2026-04-26,Baby Food
1739,2026-04-26,Baby Wipes
1739,2026-04-26,Beer
1739,2026-04-26,Butter
1739,2026-04-26,Chicken Breast
1739,2026-04-26,Diapers
1739,2026-04-26,Paper Towels
1739,2026-04-26,Rice
1739,2026-04-26,Steak
1740,2026-10-17,Chocolate
1740,2026-10-17,Coffee
1740,2026-10-17,Croissants
1740,2026-10-17,Reusable Bag
1740,2026-10-17,Steak
1740,2026-10-17,Whole Milk
1741,2026-06-05,Bananas
1741,2026-06-05,Bread
1741,2026-06-05,Chicken Breast
1741,2026-06-05,Croissants
1741,2026-06-05,Garlic
1741,2026-06-05,Lettuce
1741,2026-06-05,Onions
1741,2026-06-05,Pasta
1741,2026-06-05,Red Wine
1741,2026-06-05,Reusable Bag
1741,2026-06-05,Rice
1741,2026-06-05,Tomato Sauce
1742,2026-12-18,Carrots
1742,2026-12-18,Chicken Breast
1742,2026-12-18,Garlic
1742,2026-12-18,Orange Juice
1742,2026-12-18,Paper Towels
1742,2026-12-18,Parmesan
1742,2026-12-18,Pasta
1742,2026-12-18,Red Wine
1742,2026-12-18,Reusable Bag
1742,2026-12-18,Sparkling Water
1742,2026-12-18,Yogurt
1743,2026-10-06,2% Milk
1743,2026-10-06,Carrots
1743,2026-10-06,Chicken Breast
1743,2026-10-06,Coffee
1743,2026-10-06,Onions
1743,2026-10-06,Reusable Bag
1743,2026-10-06,Tea
1744,2026-03-23,Garlic
1744,2026-03-23,Parmesan
1744,2026-03-23,Pasta
1744,2026-03-23,Red Wine
1744,2026-03-23,Reusable Bag
1744,2026-03-23,Sparkling Water
1744,2026-03-23,Tomato Sauce
1745,2026-06-07,Baby Food
1745,2026-06-07,Bananas
1745,2026-06-07,Diapers
1745,2026-06-07,Onions
1745,2026-06-07,Reusable Bag
1746,2026-10-29,Beer
1746,2026-10-29,Butter
1746,2026-10-29,Frozen Pizza
1746,2026-10-29,Parmesan
1746,2026-10-29,Tomatoes
1747,2026-10-16,Bananas
1747,2026-10-16,Burger Buns
1747,2026-10-16,Carrots
1747,2026-10-16,Charcoal
1747,2026-10-16,Dish Soap
1747,2026-10-16,Ketchup
1747,2026-10-16,Reusable Bag
1747,2026-10-16,Yogurt
1748,2026-12-07,Coffee
1748,2026-12-07,Orange Juice
1748,2026-12-07,Reusable Bag
1748,2026-12-07,Whole Milk
1748,2026-12-07,Yogurt
1749,2026-03-13,Apples
1749,2026-03-13,Coffee
1749,2026-03-13,Eggs
1749,2026-03-13,Orange Juice
1749,2026-03-13,Paper Towels
1749,2026-03-13,Potato Chips
1749,2026-03-13,Reusable Bag
1749,2026-03-13,Rice
1749,2026-03-13,Whole Milk
1750,2026-09-04,Garlic
1750,2026-09-04,Parmesan
1750,2026-09-04,Pasta
1750,2026-09-04,Reusable Bag
1750,2026-09-04,Rice
1750,2026-09-04,Tomato Sauce
1750,2026-09-04,Yogurt
1751,2026-08-27,Bananas
1751,2026-08-27,Chicken Breast
1751,2026-08-27,Paper Towels
1751,2026-08-27,Parmesan
1751,2026-08-27,Pasta
1751,2026-08-27,Reusable Bag
1751,2026-08-27,Tomato Sauce
1751,2026-08-27,Yogurt
1752,2026-12-31,Apples
1752,2026-12-31,Bread
1752,2026-12-31,Carrots
1752,2026-12-31,Garlic
1752,2026-12-31,Potato Chips
1752,2026-12-31,Reusable Bag
1752,2026-12-31,Whole Milk
1753,2026-01-12,Baby Food
1753,2026-01-12,Beer
1753,2026-01-12,Butter
1753,2026-01-12,Coffee
1753,2026-01-12,Diapers
1753,2026-01-12,Reusable Bag
1754,2026-08-21,2% Milk
1754,2026-08-21,Croissants
1754,2026-08-21,Cucumber
1754,2026-08-21,Lettuce
1754,2026-08-21,Olive Oil
1754,2026-08-21,Red Wine
1754,2026-08-21,Reusable Bag
1754,2026-08-21,Tomatoes
1755,2026-07-17,Coffee
1755,2026-07-17,Eggs
1755,2026-07-17,Ketchup
1755,2026-07-17,Onions
1755,2026-07-17,Parmesan
1755,2026-07-17,Pasta
1755,2026-07-17,Potato Chips
1755,2026-07-17,Red Wine
1755,2026-07-17,Reusable Bag
1755,2026-07-17,Yogurt
1756,2026-02-20,Apples
1756,2026-02-20,Bananas
1756,2026-02-20,Garlic
1756,2026-02-20,Lettuce
1756,2026-02-20,Parmesan
1756,2026-02-20,Pasta
1756,2026-02-20,Potato Chips
1756,2026-02-20,Red Wine
1756,2026-02-20,Reusable Bag
1756,2026-02-20,Steak
1756,2026-02-20,Tomatoes
1757,2026-12-25,Carrots
1757,2026-12-25,Garlic
1757,2026-12-25,Olive Oil
1757,2026-12-25,Parmesan
1757,2026-12-25,Pasta
1757,2026-12-25,Red Wine
1757,2026-12-25,Reusable Bag
1757,2026-12-25,Tomato Sauce
1758,2026-03-04,Apples
1758,2026-03-04,Carrots
1758,2026-03-04,Charcoal
1758,2026-03-04,Chicken Breast
1758,2026-03-04,Coffee
1758,2026-03-04,Croissants
1758,2026-03-04,Eggs
1758,2026-03-04,Potato Chips
1758,2026-03-04,Whole Milk
1759,2026-03-05,2% Milk
1759,2026-03-05,Cereal
1759,2026-03-05,Chicken Breast
1759,2026-03-05,Croissants
1759,2026-03-05,Cucumber
1759,2026-03-05,Eggs
1759,2026-03-05,Ketchup
1759,2026-03-05,Reusable Bag
1759,2026-03-05,Tea
1760,2026-08-30,Apples
1760,2026-08-30,Bread
1760,2026-08-30,Garlic
1760,2026-08-30,Parmesan
1760,2026-08-30,Pasta
1760,2026-08-30,Potato Chips
1760,2026-08-30,Reusable Bag
1760,2026-08-30,Tomato Sauce
1761,2026-12-19,Baby Food
1761,2026-12-19,Baby Wipes
1761,2026-12-19,Beer
1761,2026-12-19,Bread
1761,2026-12-19,Diapers
1761,2026-12-19,Reusable Bag
1761,2026-12-19,Rice
1762,2026-01-29,Apples
1762,2026-01-29,Baby Food
1762,2026-01-29,Charcoal
1762,2026-01-29,Diapers
1762,2026-01-29,Dish Soap
1762,2026-01-29,Eggs
1762,2026-01-29,Garlic
1762,2026-01-29,Onions
1762,2026-01-29,Parmesan
1762,2026-01-29,Pasta
1762,2026-01-29,Reusable Bag
1762,2026-01-29,Rice
1762,2026-01-29,Tomato Sauce
1763,2026-02-27,Ketchup
1763,2026-02-27,Lettuce
1763,2026-02-27,Olive Oil
1763,2026-02-27,Red Wine
1763,2026-02-27,Reusable Bag
1763,2026-02-27,Sparkling Water
1763,2026-02-27,Tomatoes
1764,2026-12-12,2% Milk
1764,2026-12-12,Chocolate
1764,2026-12-12,Potato Chips
1764,2026-12-12,Reusable Bag
1765,2026-08-10,Carrots
1766,2026-05-22,Chocolate
1766,2026-05-22,Garlic
1766,2026-05-22,Ketchup
1766,2026-05-22,Pasta
1766,2026-05-22,Potato Chips
1766,2026-05-22,Red Wine
1766,2026-05-22,Reusable Bag
1766,2026-05-22,Rice
1766,2026-05-22,Tomato Sauce
1767,2026-08-24,2% Milk
1767,2026-08-24,Chicken Breast
1767,2026-08-24,Coffee
1767,2026-08-24,Croissants
1767,2026-08-24,Reusable Bag
1768,2026-05-03,Apples
1768,2026-05-03,Beer
1768,2026-05-03,Reusable Bag
1769,2026-05-14,Baby Food
1769,2026-05-14,Baby Wipes
1769,2026-05-14,Bananas
1769,2026-05-14,Beer
1769,2026-05-14,Bread
1769,2026-05-14,Butter
1769,2026-05-14,Cheddar
1769,2026-05-14,Diapers
1769,2026-05-14,Reusable Bag
1769,2026-05-14,Yogurt
1770,2026-10-11,2% Milk
1770,2026-10-11,Apples
1770,2026-10-11,Chocolate
1770,2026-10-11,Garlic
1770,2026-10-11,Onions
1770,2026-10-11,Parmesan
1770,2026-10-11,Pasta
1770,2026-10-11,Red Wine
1770,2026-10-11,Reusable Bag
1770,2026-10-11,Rice
1770,2026-10-11,Tomato Sauce
1771,2026-04-30,Bananas
1771,2026-04-30,Lettuce
1771,2026-04-30,Olive Oil
1771,2026-04-30,Onions
1771,2026-04-30,Reusable Bag
1771,2026-04-30,Rice
1771,2026-04-30,Tomatoes
1772,2026-07-06,Apples
1772,2026-07-06,Cucumber
1772,2026-07-06,Lettuce
1772,2026-07-06,Olive Oil
1772,2026-07-06,Reusable Bag
1772,2026-07-06,Tomatoes
1773,2026-02-04,Apples
1773,2026-02-04,Bananas
1773,2026-02-04,Butter
1773,2026-02-04,Chicken Breast
1773,2026-02-04,Reusable Bag
1773,2026-02-04,Steak
1773,2026-02-04,Tea
1774,2026-09-25,Coffee
1774,2026-09-25,Dish Soap
1774,2026-09-25,Garlic
1774,2026-09-25,Parmesan
1774,2026-09-25,Pasta
1774,2026-09-25,Reusable Bag
1774,2026-09-25,Rice
1774,2026-09-25,Steak
1774,2026-09-25,Tomato Sauce
1774,2026-09-25,Yogurt
1775,2026-11-05,Cucumber
1775,2026-11-05,Dish Soap
1775,2026-11-05,Pasta
1776,2026-06-08,Bread
1776,2026-06-08,Lettuce
1776,2026-06-08,Reusable Bag
1777,2026-03-09,Baby Wipes
1777,2026-03-09,Chocolate
1777,2026-03-09,Coffee
1777,2026-03-09,Garlic
1777,2026-03-09,Parmesan
1777,2026-03-09,Pasta
1777,2026-03-09,Tomato Sauce
1778,2026-06-19,Beer
1778,2026-06-19,Burger Buns
1778,2026-06-19,Carrots
1778,2026-06-19,Cereal
1778,2026-06-19,Charcoal
1778,2026-06-19,Ketchup
1778,2026-06-19,Reusable Bag
1778,2026-06-19,Steak
1779,2026-12-03,Burger Buns
1779,2026-12-03,Charcoal
1779,2026-12-03,Onions
1779,2026-12-03,Reusable Bag
1779,2026-12-03,Steak
1780,2026-12-07,Bread
1780,2026-12-07,Chocolate
1780,2026-12-07,Lettuce
1780,2026-12-07,Tomatoes
1781,2026-01-20,Beer
1781,2026-01-20,Bread
1781,2026-01-20,Burger Buns
1781,2026-01-20,Carrots
1781,2026-01-20,Charcoal
1781,2026-01-20,Cheddar
1781,2026-01-20,Diapers
1781,2026-01-20,Ketchup
1781,2026-01-20,Onions
1781,2026-01-20,Reusable Bag
1781,2026-01-20,Steak
1782,2026-02-08,2% Milk
1782,2026-02-08,Dish Soap
1782,2026-02-08,Garlic
1782,2026-02-08,Red Wine
1782,2026-02-08,Reusable Bag
1783,2026-02-26,Apples
1783,2026-02-26,Burger Buns
1783,2026-02-26,Charcoal
1783,2026-02-26,Cheddar
1783,2026-02-26,Chicken Breast
1783,2026-02-26,Chocolate
1783,2026-02-26,Ketchup
1783,2026-02-26,Reusable Bag
1783,2026-02-26,Steak
1783,2026-02-26,Yogurt
1784,2026-06-23,Baby Wipes
1784,2026-06-23,Coffee
1784,2026-06-23,Croissants
1784,2026-06-23,Frozen Pizza
1784,2026-06-23,Orange Juice
1784,2026-06-23,Whole Milk
1785,2026-05-05,2% Milk
1785,2026-05-05,Bananas
1785,2026-05-05,Bread
1785,2026-05-05,Lettuce
1785,2026-05-05,Potato Chips
1785,2026-05-05,Reusable Bag
1785,2026-05-05,Tomatoes
1786,2026-08-08,Butter
1786,2026-08-08,Cucumber
1786,2026-08-08,Lettuce
1786,2026-08-08,Reusable Bag
1786,2026-08-08,Yogurt
1787,2026-12-06,2% Milk
1787,2026-12-06,Apples
1787,2026-12-06,Baby Wipes
1787,2026-12-06,Chicken Breast
1787,2026-12-06,Chocolate
1787,2026-12-06,Coffee
1787,2026-12-06,Croissants
1787,2026-12-06,Frozen Pizza
1787,2026-12-06,Red Wine
1787,2026-12-06,Reusable Bag
1787,2026-12-06,Whole Milk
1788,2026-12-14,Cereal
1788,2026-12-14,Frozen Pizza
1788,2026-12-14,Lettuce
1788,2026-12-14,Onions
1788,2026-12-14,Parmesan
1788,2026-12-14,Pasta
1788,2026-12-14,Red Wine
1788,2026-12-14,Reusable Bag
1788,2026-12-14,Whole Milk
1789,2026-08-16,Baby Food
1789,2026-08-16,Chicken Breast
1789,2026-08-16,Pasta
1789,2026-08-16,Reusable Bag
1789,2026-08-16,Tomato Sauce
1790,2026-04-14,2% Milk
1790,2026-04-14,Baby Wipes
1790,2026-04-14,Beer
1790,2026-04-14,Butter
1790,2026-04-14,Diapers
1790,2026-04-14,Reusable Bag
1791,2026-10-26,Bananas
1791,2026-10-26,Beer
1791,2026-10-26,Burger Buns
1791,2026-10-26,Charcoal
1791,2026-10-26,Chicken Breast
1791,2026-10-26,Eggs
1791,2026-10-26,Ketchup
1791,2026-10-26,Reusable Bag
1791,2026-10-26,Rice
1791,2026-10-26,Sparkling Water
1791,2026-10-26,Steak
1792,2026-02-25,2% Milk
1792,2026-02-25,Burger Buns
1792,2026-02-25,Charcoal
1792,2026-02-25,Croissants
1792,2026-02-25,Orange Juice
1792,2026-02-25,Parmesan
1792,2026-02-25,Reusable Bag
1792,2026-02-25,Steak
1792,2026-02-25,Tea
1793,2026-06-29,Bread
1793,2026-06-29,Butter
1793,2026-06-29,Coffee
1793,2026-06-29,Onions
1793,2026-06-29,Reusable Bag
1793,2026-06-29,Steak
1794,2026-09-23,Baby Food
1794,2026-09-23,Bananas
1794,2026-09-23,Beer
1794,2026-09-23,Bread
1794,2026-09-23,Carrots
1794,2026-09-23,Charcoal
1794,2026-09-23,Dish Soap
1794,2026-09-23,Ketchup
1794,2026-09-23,Onions
1794,2026-09-23,Reusable Bag
1794,2026-09-23,Steak
1795,2026-09-18,Apples
1795,2026-09-18,Bread
1795,2026-09-18,Coffee
1795,2026-09-18,Croissants
1795,2026-09-18,Dish Soap
1795,2026-09-18,Eggs
1795,2026-09-18,Orange Juice
1795,2026-09-18,Reusable Bag
1795,2026-09-18,Sparkling Water
1796,2026-03-11,Coffee
1796,2026-03-11,Eggs
1796,2026-03-11,Lettuce
1796,2026-03-11,Olive Oil
1796,2026-03-11,Reusable Bag
1796,2026-03-11,Tomatoes
1796,2026-03-11,Yogurt
1797,2026-05-12,Burger Buns
1797,2026-05-12,Butter
1797,2026-05-12,Charcoal
1797,2026-05-12,Cheddar
1797,2026-05-12,Frozen Pizza
1797,2026-05-12,Red Wine
1797,2026-05-12,Reusable Bag
1797,2026-05-12,Steak
1798,2026-04-20,2% Milk
1798,2026-04-20,Bread
1798,2026-04-20,Dish Soap
1798,2026-04-20,Eggs
1798,2026-04-20,Garlic
1798,2026-04-20,Parmesan
1798,2026-04-20,Pasta
1798,2026-04-20,Potato Chips
1798,2026-04-20,Reusable Bag
1798,2026-04-20,Tomato Sauce
1799,2026-06-10,Chicken Breast
1799,2026-06-10,Onions
1799,2026-06-10,Orange Juice
1799,2026-06-10,Paper Towels
1799,2026-06-10,Parmesan
1799,2026-06-10,Pasta
1799,2026-06-10,Potato Chips
1799,2026-06-10,Red Wine
1799,2026-06-10,Reusable Bag
1799,2026-06-10,Tomato Sauce
1800,2026-11-12,Bread
1800,2026-11-12,Eggs
1800,2026-11-12,Parmesan
1800,2026-11-12,Pasta
1800,2026-11-12,Red Wine
1800,2026-11-12,Rice
1801,2026-02-10,Bread
1801,2026-02-10,Lettuce
1801,2026-02-10,Reusable Bag
1801,2026-02-10,Tomatoes
1802,2026-06-16,Beer
1802,2026-06-16,Croissants
1802,2026-06-16,Garlic
1802,2026-06-16,Paper Towels
1802,2026-06-16,Parmesan
1802,2026-06-16,Pasta
1802,2026-06-16,Tomato Sauce
1803,2026-08-13,Beer
1803,2026-08-13,Burger Buns
1803,2026-08-13,Charcoal
1803,2026-08-13,Ketchup
1803,2026-08-13,Onions
1803,2026-08-13,Reusable Bag
1803,2026-08-13,Steak
1804,2026-05-24,Olive Oil
1804,2026-05-24,Reusable Bag
1804,2026-05-24,Yogurt
1805,2026-07-05,Baby Wipes
1805,2026-07-05,Cereal
1805,2026-07-05,Coffee
1805,2026-07-05,Croissants
1805,2026-07-05,Eggs
1805,2026-07-05,Lettuce
1805,2026-07-05,Orange Juice
1805,2026-07-05,Paper Towels
1805,2026-07-05,Reusable Bag
1805,2026-07-05,Whole Milk
1806,2026-10-08,2% Milk
1806,2026-10-08,Bananas
1806,2026-10-08,Carrots
1806,2026-10-08,Dish Soap
1806,2026-10-08,Parmesan
1806,2026-10-08,Pasta
1806,2026-10-08,Potato Chips
1806,2026-10-08,Reusable Bag
1806,2026-10-08,Tomato Sauce
1807,2026-08-14,Garlic
1807,2026-08-14,Parmesan
1807,2026-08-14,Pasta
1807,2026-08-14,Potato Chips
1807,2026-08-14,Reusable Bag
1807,2026-08-14,Tomato Sauce
1808,2026-02-22,Baby Food
1808,2026-02-22,Bananas
1808,2026-02-22,Beer
1808,2026-02-22,Cereal
1808,2026-02-22,Chicken Breast
1808,2026-02-22,Diapers
1808,2026-02-22,Reusable Bag
1808,2026-02-22,Sparkling Water
1808,2026-02-22,Tea
1809,2026-03-24,2% Milk
1809,2026-03-24,Beer
1809,2026-03-24,Burger Buns
1809,2026-03-24,Charcoal
1809,2026-03-24,Chocolate
1809,2026-03-24,Dish Soap
1809,2026-03-24,Eggs
1809,2026-03-24,Potato Chips
1809,2026-03-24,Reusable Bag
1809,2026-03-24,Steak
1810,2026-02-19,Bananas
1810,2026-02-19,Eggs
1810,2026-02-19,Reusable Bag
1811,2026-04-27,2% Milk
1811,2026-04-27,Beer
1811,2026-04-27,Bread
1811,2026-04-27,Butter
1811,2026-04-27,Charcoal
1811,2026-04-27,Cheddar
1811,2026-04-27,Pasta
1811,2026-04-27,Red Wine
1811,2026-04-27,Reusable Bag
1811,2026-04-27,Tomato Sauce
1812,2026-04-29,Bread
1812,2026-04-29,Reusable Bag
1813,2026-06-14,Apples
1813,2026-06-14,Bread
1813,2026-06-14,Eggs
1813,2026-06-14,Reusable Bag
1814,2026-05-29,2% Milk
1814,2026-05-29,Baby Food
1814,2026-05-29,Baby Wipes
1814,2026-05-29,Diapers
1814,2026-05-29,Reusable Bag
1814,2026-05-29,Rice
1814,2026-05-29,Tea
1815,2026-09-09,Bananas
1815,2026-09-09,Beer
1815,2026-09-09,Butter
1815,2026-09-09,Chicken Breast
1815,2026-09-09,Chocolate
1815,2026-09-09,Coffee
1815,2026-09-09,Croissants
1815,2026-09-09,Frozen Pizza
1815,2026-09-09,Reusable Bag
1815,2026-09-09,Whole Milk
1816,2026-08-14,Butter
1816,2026-08-14,Carrots
1816,2026-08-14,Chicken Breast
1816,2026-08-14,Eggs
1816,2026-08-14,Parmesan
1816,2026-08-14,Pasta
1816,2026-08-14,Reusable Bag
1816,2026-08-14,Tomato Sauce
1816,2026-08-14,Yogurt
1817,2026-07-14,Bananas
1817,2026-07-14,Charcoal
1817,2026-07-14,Ketchup
1817,2026-07-14,Reusable Bag
1817,2026-07-14,Steak
1818,2026-11-11,Bananas
1818,2026-11-11,Bread
1818,2026-11-11,Burger Buns
1818,2026-11-11,Carrots
1818,2026-11-11,Chicken Breast
1818,2026-11-11,Potato Chips
1818,2026-11-11,Reusable Bag
1818,2026-11-11,Tomato Sauce
1819,2026-02-16,Apples
1819,2026-02-16,Baby Food
1819,2026-02-16,Baby Wipes
1819,2026-02-16,Beer
1819,2026-02-16,Diapers
1819,2026-02-16,Sparkling Water
1820,2026-10-10,2% Milk
1820,2026-10-10,Bananas
1820,2026-10-10,Burger Buns
1820,2026-10-10,Charcoal
1820,2026-10-10,Ketchup
1820,2026-10-10,Reusable Bag
1820,2026-10-10,Steak
1820,2026-10-10,Whole Milk
1821,2026-12-21,Butter
1821,2026-12-21,Croissants
1821,2026-12-21,Garlic
1821,2026-12-21,Orange Juice
1821,2026-12-21,Paper Towels
1821,2026-12-21,Pasta
1821,2026-12-21,Red Wine
1821,2026-12-21,Reusable Bag
1821,2026-12-21,Tomato Sauce
1822,2026-02-21,Bananas
1822,2026-02-21,Chicken Breast
1822,2026-02-21,Garlic
1822,2026-02-21,Paper Towels
1822,2026-02-21,Parmesan
1822,2026-02-21,Pasta
1822,2026-02-21,Potato Chips
1822,2026-02-21,Red Wine
1822,2026-02-21,Reusable Bag
1822,2026-02-21,Tomato Sauce
1823,2026-10-13,2% Milk
1823,2026-10-13,Cucumber
1823,2026-10-13,Garlic
1823,2026-10-13,Parmesan
1823,2026-10-13,Pasta
1823,2026-10-13,Reusable Bag
1823,2026-10-13,Tea
1824,2026-04-08,Cucumber
1824,2026-04-08,Diapers
1824,2026-04-08,Eggs
1824,2026-04-08,Garlic
1824,2026-04-08,Lettuce
1824,2026-04-08,Olive Oil
1824,2026-04-08,Paper Towels
1824,2026-04-08,Reusable Bag
1825,2026-10-09,Burger Buns
1825,2026-10-09,Carrots
1825,2026-10-09,Charcoal
1825,2026-10-09,Ketchup
1826,2026-08-10,Apples
1826,2026-08-10,Bananas
1826,2026-08-10,Charcoal
1826,2026-08-10,Chicken Breast
1826,2026-08-10,Reusable Bag
1826,2026-08-10,Steak
1827,2026-01-31,Bread
1827,2026-01-31,Chocolate
1827,2026-01-31,Paper Towels
1827,2026-01-31,Reusable Bag
1827,2026-01-31,Rice
1827,2026-01-31,Sparkling Water
1828,2026-09-13,Bread
1828,2026-09-13,Coffee
1828,2026-09-13,Croissants
1828,2026-09-13,Orange Juice
1828,2026-09-13,Reusable Bag
1829,2026-01-06,Bread
1829,2026-01-06,Charcoal
1829,2026-01-06,Frozen Pizza
1829,2026-01-06,Lettuce
1829,2026-01-06,Olive Oil
1829,2026-01-06,Paper Towels
1829,2026-01-06,Reusable Bag
1829,2026-01-06,Tomatoes
1830,2026-11-05,Baby Wipes
1830,2026-11-05,Beer
1830,2026-11-05,Burger Buns
1830,2026-11-05,Charcoal
1830,2026-11-05,Garlic
1830,2026-11-05,Ketchup
1830,2026-11-05,Reusable Bag
1830,2026-11-05,Rice
1830,2026-11-05,Steak
1831,2026-01-21,Baby Wipes
1831,2026-01-21,Beer
1831,2026-01-21,Carrots
1831,2026-01-21,Chicken Breast
1831,2026-01-21,Diapers
1831,2026-01-21,Reusable Bag
1831,2026-01-21,Sparkling Water
1832,2026-05-11,Carrots
1832,2026-05-11,Chocolate
1832,2026-05-11,Dish Soap
1832,2026-05-11,Eggs
1832,2026-05-11,Garlic
1832,2026-05-11,Parmesan
1832,2026-05-11,Pasta
1832,2026-05-11,Reusable Bag
1832,2026-05-11,Sparkling Water
1832,2026-05-11,Tomato Sauce
1833,2026-08-21,2% Milk
1833,2026-08-21,Bread
1833,2026-08-21,Burger Buns
1833,2026-08-21,Coffee
1833,2026-08-21,Ketchup
1833,2026-08-21,Reusable Bag
1833,2026-08-21,Sparkling Water
1834,2026-07-06,2% Milk
1834,2026-07-06,Beer
1834,2026-07-06,Burger Buns
1834,2026-07-06,Charcoal
1834,2026-07-06,Onions
1834,2026-07-06,Reusable Bag
1834,2026-07-06,Steak
1835,2026-02-21,Beer
1835,2026-02-21,Charcoal
1835,2026-02-21,Cheddar
1835,2026-02-21,Onions
1835,2026-02-21,Rice
1835,2026-02-21,Whole Milk
1836,2026-01-20,Bananas
1836,2026-01-20,Beer
1836,2026-01-20,Butter
1836,2026-01-20,Carrots
1836,2026-01-20,Charcoal
1836,2026-01-20,Frozen Pizza
1836,2026-01-20,Ketchup
1837,2026-07-02,Apples
1837,2026-07-02,Butter
1837,2026-07-02,Cereal
1837,2026-07-02,Dish Soap
1837,2026-07-02,Onions
1837,2026-07-02,Reusable Bag
1838,2026-04-13,Apples
1838,2026-04-13,Beer
1838,2026-04-13,Bread
1838,2026-04-13,Butter
1838,2026-04-13,Charcoal
1838,2026-04-13,Chicken Breast
1838,2026-04-13,Ketchup
1838,2026-04-13,Reusable Bag
1838,2026-04-13,Steak
1839,2026-07-01,2% Milk
1839,2026-07-01,Baby Food
1839,2026-07-01,Baby Wipes
1839,2026-07-01,Bananas
1839,2026-07-01,Cheddar
1839,2026-07-01,Chicken Breast
1839,2026-07-01,Cucumber
1839,2026-07-01,Diapers
1840,2026-03-25,Baby Wipes
1840,2026-03-25,Bread
1840,2026-03-25,Butter
1840,2026-03-25,Chocolate
1840,2026-03-25,Diapers
1841,2026-02-25,2% Milk
1841,2026-02-25,Butter
1841,2026-02-25,Coffee
1841,2026-02-25,Croissants
1841,2026-02-25,Onions
1841,2026-02-25,Orange Juice
1841,2026-02-25,Parmesan
1841,2026-02-25,Pasta
1841,2026-02-25,Tomato Sauce
1842,2026-09-20,2% Milk
1842,2026-09-20,Baby Wipes
1842,2026-09-20,Bananas
1842,2026-09-20,Beer
1842,2026-09-20,Burger Buns
1842,2026-09-20,Charcoal
1842,2026-09-20,Cheddar
1842,2026-09-20,Croissants
1842,2026-09-20,Reusable Bag
1842,2026-09-20,Steak
1842,2026-09-20,Whole Milk
1842,2026-09-20,Yogurt
1843,2026-10-21,Charcoal
1843,2026-10-21,Chocolate
1843,2026-10-21,Coffee
1843,2026-10-21,Croissants
1843,2026-10-21,Ketchup
1843,2026-10-21,Reusable Bag
1843,2026-10-21,Whole Milk
1844,2026-10-31,Apples
1844,2026-10-31,Baby Food
1844,2026-10-31,Baby Wipes
1844,2026-10-31,Bread
1844,2026-10-31,Burger Buns
1844,2026-10-31,Charcoal
1844,2026-10-31,Chicken Breast
1844,2026-10-31,Ketchup
1844,2026-10-31,Orange Juice
1844,2026-10-31,Paper Towels
1844,2026-10-31,Reusable Bag
1844,2026-10-31,Steak
1845,2026-05-15,Apples
1845,2026-05-15,Bread
1845,2026-05-15,Onions
1845,2026-05-15,Reusable Bag
1845,2026-05-15,Rice
1846,2026-01-26,Bananas
1846,2026-01-26,Chicken Breast
1846,2026-01-26,Garlic
1846,2026-01-26,Pasta
1846,2026-01-26,Potato Chips
1846,2026-01-26,Reusable Bag
1847,2026-02-16,Eggs
1847,2026-02-16,Reusable Bag
1848,2026-07-14,2% Milk
1848,2026-07-14,Bread
1848,2026-07-14,Butter
1848,2026-07-14,Coffee
1848,2026-07-14,Reusable Bag
1848,2026-07-14,Sparkling Water
1848,2026-07-14,Whole Milk
1848,2026-07-14,Yogurt
1849,2026-03-04,Cheddar
1849,2026-03-04,Reusable Bag
1850,2026-07-07,Beer
1850,2026-07-07,Burger Buns
1850,2026-07-07,Charcoal
1850,2026-07-07,Chocolate
1850,2026-07-07,Ketchup
1850,2026-07-07,Reusable Bag
1850,2026-07-07,Steak
1851,2026-09-11,Apples
1851,2026-09-11,Beer
1851,2026-09-11,Burger Buns
1851,2026-09-11,Butter
1851,2026-09-11,Charcoal
1851,2026-09-11,Eggs
1851,2026-09-11,Steak
1852,2026-03-02,Apples
1852,2026-03-02,Charcoal
1852,2026-03-02,Eggs
1852,2026-03-02,Ketchup
1852,2026-03-02,Reusable Bag
1852,2026-03-02,Steak
1852,2026-03-02,Tea
1852,2026-03-02,Yogurt
1853,2026-04-05,Baby Wipes
1853,2026-04-05,Bananas
1853,2026-04-05,Cheddar
1853,2026-04-05,Chicken Breast
1853,2026-04-05,Diapers
1853,2026-04-05,Dish Soap
1853,2026-04-05,Onions
1853,2026-04-05,Reusable Bag
1854,2026-09-12,Apples
1854,2026-09-12,Bananas
1854,2026-09-12,Bread
1854,2026-09-12,Charcoal
1854,2026-09-12,Dish Soap
1854,2026-09-12,Ketchup
1854,2026-09-12,Reusable Bag
1854,2026-09-12,Rice
1854,2026-09-12,Steak
1855,2026-12-20,Apples
1855,2026-12-20,Beer
1855,2026-12-20,Burger Buns
1855,2026-12-20,Charcoal
1855,2026-12-20,Chicken Breast
1855,2026-12-20,Chocolate
1855,2026-12-20,Ketchup
1855,2026-12-20,Steak
1855,2026-12-20,Tea
1855,2026-12-20,Whole Milk
1856,2026-06-14,Pasta
1856,2026-06-14,Potato Chips
1856,2026-06-14,Reusable Bag
1856,2026-06-14,Tea
1856,2026-06-14,Tomato Sauce
1856,2026-06-14,Yogurt
1857,2026-12-21,Charcoal
1857,2026-12-21,Parmesan
1857,2026-12-21,Pasta
1857,2026-12-21,Red Wine
1857,2026-12-21,Reusable Bag
1857,2026-12-21,Rice
1857,2026-12-21,Steak
1857,2026-12-21,Tomato Sauce
1857,2026-12-21,Tomatoes
1857,2026-12-21,Yogurt
1858,2026-10-17,Carrots
1858,2026-10-17,Chicken Breast
1858,2026-10-17,Cucumber
1858,2026-10-17,Dish Soap
1858,2026-10-17,Lettuce
1858,2026-10-17,Reusable Bag
1858,2026-10-17,Rice
1858,2026-10-17,Tomatoes
1859,2026-08-13,2% Milk
1859,2026-08-13,Butter
1859,2026-08-13,Charcoal
1859,2026-08-13,Cheddar
1859,2026-08-13,Croissants
1859,2026-08-13,Reusable Bag
1860,2026-03-29,Bananas
1860,2026-03-29,Burger Buns
1860,2026-03-29,Cereal
1860,2026-03-29,Chicken Breast
1860,2026-03-29,Cucumber
1860,2026-03-29,Garlic
1860,2026-03-29,Parmesan
1860,2026-03-29,Pasta
1860,2026-03-29,Red Wine
1860,2026-03-29,Reusable Bag
1860,2026-03-29,Rice
1860,2026-03-29,Tomato Sauce
1861,2026-11-09,Baby Food
1861,2026-11-09,Baby Wipes
1861,2026-11-09,Carrots
1861,2026-11-09,Chicken Breast
1861,2026-11-09,Diapers
1861,2026-11-09,Eggs
1861,2026-11-09,Paper Towels
1861,2026-11-09,Reusable Bag
1862,2026-01-27,Eggs
1862,2026-01-27,Reusable Bag
1863,2026-03-12,Baby Wipes
1863,2026-03-12,Butter
1863,2026-03-12,Carrots
1863,2026-03-12,Cheddar
1863,2026-03-12,Chicken Breast
1863,2026-03-12,Coffee
1863,2026-03-12,Lettuce
1863,2026-03-12,Reusable Bag
1863,2026-03-12,Sparkling Water
1863,2026-03-12,Tomatoes
1864,2026-02-22,Chicken Breast
1864,2026-02-22,Lettuce
1864,2026-02-22,Pasta
1864,2026-02-22,Reusable Bag
1865,2026-06-10,Apples
1865,2026-06-10,Baby Food
1865,2026-06-10,Diapers
1865,2026-06-10,Dish Soap
1865,2026-06-10,Eggs
1865,2026-06-10,Garlic
1865,2026-06-10,Reusable Bag
1866,2026-11-17,Butter
1866,2026-11-17,Carrots
1866,2026-11-17,Charcoal
1866,2026-11-17,Chicken Breast
1866,2026-11-17,Eggs
1866,2026-11-17,Ketchup
1866,2026-11-17,Sparkling Water
1866,2026-11-17,Steak
1867,2026-09-05,Apples
1867,2026-09-05,Baby Food
1867,2026-09-05,Baby Wipes
1867,2026-09-05,Bananas
1867,2026-09-05,Bread
1867,2026-09-05,Cucumber
1867,2026-09-05,Diapers
1867,2026-09-05,Olive Oil
1867,2026-09-05,Reusable Bag
1867,2026-09-05,Tea
1868,2026-04-12,Apples
1868,2026-04-12,Bananas
1868,2026-04-12,Butter
1868,2026-04-12,Eggs
1868,2026-04-12,Lettuce
1868,2026-04-12,Olive Oil
1868,2026-04-12,Reusable Bag
1868,2026-04-12,Tea
1868,2026-04-12,Tomatoes
1869,2026-11-19,Apples
1869,2026-11-19,Baby Wipes
1869,2026-11-19,Diapers
1869,2026-11-19,Ketchup
1869,2026-11-19,Reusable Bag
1870,2026-08-14,Bread
1870,2026-08-14,Carrots
1870,2026-08-14,Ketchup
1870,2026-08-14,Pasta
1870,2026-08-14,Potato Chips
1870,2026-08-14,Red Wine
1870,2026-08-14,Reusable Bag
1870,2026-08-14,Steak
1870,2026-08-14,Tomato Sauce
1871,2026-08-12,2% Milk
1871,2026-08-12,Paper Towels
1871,2026-08-12,Potato Chips
1871,2026-08-12,Reusable Bag
1871,2026-08-12,Rice
1871,2026-08-12,Sparkling Water
1872,2026-01-13,Bread
1872,2026-01-13,Carrots
1872,2026-01-13,Chocolate
1872,2026-01-13,Lettuce
1872,2026-01-13,Olive Oil
1872,2026-01-13,Onions
1872,2026-01-13,Reusable Bag
1872,2026-01-13,Tomatoes
1873,2026-04-25,Bread
1873,2026-04-25,Burger Buns
1873,2026-04-25,Garlic
1873,2026-04-25,Potato Chips
1873,2026-04-25,Reusable Bag
1873,2026-04-25,Sparkling Water
1874,2026-09-16,Frozen Pizza
1874,2026-09-16,Lettuce
1874,2026-09-16,Paper Towels
1874,2026-09-16,Reusable Bag
1874,2026-09-16,Tomatoes
1875,2026-10-16,2% Milk
1875,2026-10-16,Baby Food
1875,2026-10-16,Bananas
1875,2026-10-16,Beer
1875,2026-10-16,Chicken Breast
1875,2026-10-16,Eggs
1875,2026-10-16,Garlic
1875,2026-10-16,Ketchup
1875,2026-10-16,Parmesan
1875,2026-10-16,Pasta
1875,2026-10-16,Potato Chips
1875,2026-10-16,Red Wine
1875,2026-10-16,Reusable Bag
1875,2026-10-16,Tomato Sauce
1876,2026-10-08,2% Milk
1876,2026-10-08,Dish Soap
1876,2026-10-08,Potato Chips
1877,2026-04-22,Baby Wipes
1877,2026-04-22,Bananas
1877,2026-04-22,Diapers
1877,2026-04-22,Frozen Pizza
1877,2026-04-22,Onions
1877,2026-04-22,Reusable Bag
1878,2026-12-26,Apples
1878,2026-12-26,Carrots
1878,2026-12-26,Cereal
1878,2026-12-26,Chocolate
1878,2026-12-26,Paper Towels
1878,2026-12-26,Reusable Bag
1879,2026-01-28,Bananas
1879,2026-01-28,Bread
1879,2026-01-28,Potato Chips
1879,2026-01-28,Reusable Bag
1879,2026-01-28,Yogurt
1880,2026-01-19,Baby Food
1880,2026-01-19,Baby Wipes
1880,2026-01-19,Bananas
1880,2026-01-19,Chicken Breast
1880,2026-01-19,Chocolate
1880,2026-01-19,Diapers
1880,2026-01-19,Reusable Bag
1880,2026-01-19,Tea
1881,2026-11-15,2% Milk
1881,2026-11-15,Chicken Breast
1881,2026-11-15,Coffee
1881,2026-11-15,Reusable Bag
1881,2026-11-15,Steak
1881,2026-11-15,Whole Milk
1881,2026-11-15,Yogurt
1882,2026-10-10,Bananas
1882,2026-10-10,Butter
1882,2026-10-10,Eggs
1882,2026-10-10,Ketchup
1882,2026-10-10,Olive Oil
1882,2026-10-10,Tomatoes
1883,2026-03-23,Bananas
1883,2026-03-23,Bread
1883,2026-03-23,Coffee
1883,2026-03-23,Croissants
1883,2026-03-23,Orange Juice
1883,2026-03-23,Whole Milk
1884,2026-03-22,2% Milk
1884,2026-03-22,Carrots
1884,2026-03-22,Charcoal
1884,2026-03-22,Dish Soap
1884,2026-03-22,Ketchup
1884,2026-03-22,Reusable Bag
1884,2026-03-22,Rice
1884,2026-03-22,Steak
1885,2026-06-18,2% Milk
1885,2026-06-18,Chicken Breast
1885,2026-06-18,Chocolate
1885,2026-06-18,Coffee
1885,2026-06-18,Croissants
1885,2026-06-18,Orange Juice
1885,2026-06-18,Reusable Bag
1885,2026-06-18,Tomatoes
1886,2026-01-26,Beer
1886,2026-01-26,Bread
1886,2026-01-26,Burger Buns
1886,2026-01-26,Charcoal
1886,2026-01-26,Diapers
1886,2026-01-26,Eggs
1886,2026-01-26,Paper Towels
1886,2026-01-26,Potato Chips
1886,2026-01-26,Reusable Bag
1886,2026-01-26,Rice
1886,2026-01-26,Steak
1887,2026-07-09,Bananas
1887,2026-07-09,Chicken Breast
1887,2026-07-09,Eggs
1887,2026-07-09,Potato Chips
1887,2026-07-09,Reusable Bag
1888,2026-07-16,2% Milk
1888,2026-07-16,Garlic
1888,2026-07-16,Parmesan
1888,2026-07-16,Pasta
1888,2026-07-16,Reusable Bag
1889,2026-11-09,Carrots
1889,2026-11-09,Chocolate
1889,2026-11-09,Diapers
1889,2026-11-09,Frozen Pizza
1889,2026-11-09,Garlic
1889,2026-11-09,Pasta
1889,2026-11-09,Red Wine
1889,2026-11-09,Tomato Sauce
1890,2026-03-21,2% Milk
1890,2026-03-21,Apples
1890,2026-03-21,Burger Buns
1890,2026-03-21,Carrots
1890,2026-03-21,Charcoal
1890,2026-03-21,Ketchup
1890,2026-03-21,Reusable Bag
1891,2026-05-05,Bread
1891,2026-05-05,Chicken Breast
1891,2026-05-05,Onions
1891,2026-05-05,Pasta
1891,2026-05-05,Reusable Bag
1892,2026-07-01,Baby Food
1892,2026-07-01,Bananas
1892,2026-07-01,Bread
1892,2026-07-01,Chicken Breast
1892,2026-07-01,Croissants
1892,2026-07-01,Diapers
1892,2026-07-01,Dish Soap
1892,2026-07-01,Lettuce
1892,2026-07-01,Olive Oil
1892,2026-07-01,Reusable Bag
1892,2026-07-01,Tomatoes
1892,2026-07-01,Yogurt
1893,2026-07-23,Carrots
1893,2026-07-23,Coffee
1893,2026-07-23,Orange Juice
1893,2026-07-23,Reusable Bag
1894,2026-01-26,Apples
1894,2026-01-26,Bread
1894,2026-01-26,Chicken Breast
1894,2026-01-26,Paper Towels
1894,2026-01-26,Parmesan
1894,2026-01-26,Pasta
1894,2026-01-26,Reusable Bag
1894,2026-01-26,Tea
1894,2026-01-26,Tomato Sauce
1895,2026-05-13,2% Milk
1895,2026-05-13,Coffee
1895,2026-05-13,Orange Juice
1895,2026-05-13,Reusable Bag
1895,2026-05-13,Rice
1895,2026-05-13,Tea
1895,2026-05-13,Tomatoes
1895,2026-05-13,Whole Milk
1896,2026-08-16,Baby Wipes
1896,2026-08-16,Beer
1896,2026-08-16,Carrots
1896,2026-08-16,Diapers
1896,2026-08-16,Frozen Pizza
1896,2026-08-16,Reusable Bag
1897,2026-01-06,Reusable Bag
1897,2026-01-06,Yogurt
1898,2026-09-15,Baby Food
1898,2026-09-15,Baby Wipes
1898,2026-09-15,Bananas
1898,2026-09-15,Chicken Breast
1898,2026-09-15,Diapers
1898,2026-09-15,Parmesan
1898,2026-09-15,Reusable Bag
1899,2026-04-05,Butter
1899,2026-04-05,Carrots
1899,2026-04-05,Lettuce
1899,2026-04-05,Olive Oil
1899,2026-04-05,Reusable Bag
1900,2026-09-03,Apples
1900,2026-09-03,Garlic
1900,2026-09-03,Parmesan
1900,2026-09-03,Pasta
1900,2026-09-03,Reusable Bag
1900,2026-09-03,Tomato Sauce
1900,2026-09-03,Yogurt
1901,2026-05-21,Baby Food
1901,2026-05-21,Beer
1901,2026-05-21,Burger Buns
1901,2026-05-21,Charcoal
1901,2026-05-21,Chicken Breast
1901,2026-05-21,Dish Soap
1901,2026-05-21,Ketchup
1901,2026-05-21,Potato Chips
1901,2026-05-21,Reusable Bag
1901,2026-05-21,Rice
1901,2026-05-21,Steak
1902,2026-01-16,Baby Wipes
1902,2026-01-16,Coffee
1902,2026-01-16,Orange Juice
1902,2026-01-16,Reusable Bag
1902,2026-01-16,Rice
1902,2026-01-16,Whole Milk
1902,2026-01-16,Yogurt
1903,2026-11-08,Apples
1903,2026-11-08,Baby Food
1903,2026-11-08,Baby Wipes
1903,2026-11-08,Beer
1903,2026-11-08,Butter
1903,2026-11-08,Diapers
1903,2026-11-08,Reusable Bag
1904,2026-09-07,Lettuce
1904,2026-09-07,Olive Oil
1904,2026-09-07,Onions
1904,2026-09-07,Reusable Bag
1904,2026-09-07,Rice
1904,2026-09-07,Tomatoes
1904,2026-09-07,Yogurt
1905,2026-11-15,Cucumber
1905,2026-11-15,Ketchup
1905,2026-11-15,Lettuce
1905,2026-11-15,Pasta
1905,2026-11-15,Reusable Bag
1905,2026-11-15,Tomatoes
1905,2026-11-15,Yogurt
1906,2026-11-03,Beer
1906,2026-11-03,Burger Buns
1906,2026-11-03,Cheddar
1906,2026-11-03,Croissants
1906,2026-11-03,Diapers
1907,2026-06-11,2% Milk
1907,2026-06-11,Apples
1907,2026-06-11,Bananas
1907,2026-06-11,Coffee
1907,2026-06-11,Diapers
1907,2026-06-11,Dish Soap
1907,2026-06-11,Potato Chips
1907,2026-06-11,Whole Milk
1908,2026-03-04,Coffee
1908,2026-03-04,Croissants
1908,2026-03-04,Reusable Bag
1908,2026-03-04,Rice
1909,2026-08-11,Coffee
1909,2026-08-11,Parmesan
1909,2026-08-11,Reusable Bag
1909,2026-08-11,Rice
1909,2026-08-11,Tomatoes
1910,2026-01-09,Apples
1910,2026-01-09,Bananas
1910,2026-01-09,Dish Soap
1910,2026-01-09,Frozen Pizza
1910,2026-01-09,Garlic
1910,2026-01-09,Pasta
1910,2026-01-09,Red Wine
1910,2026-01-09,Reusable Bag
1910,2026-01-09,Tomato Sauce
1911,2026-05-01,2% Milk
1911,2026-05-01,Burger Buns
1911,2026-05-01,Charcoal
1911,2026-05-01,Dish Soap
1911,2026-05-01,Ketchup
1911,2026-05-01,Reusable Bag
1911,2026-05-01,Steak
1911,2026-05-01,Tomato Sauce
1911,2026-05-01,Yogurt
1912,2026-03-10,Bananas
1912,2026-03-10,Butter
1912,2026-03-10,Cereal
1912,2026-03-10,Coffee
1912,2026-03-10,Croissants
1912,2026-03-10,Orange Juice
1912,2026-03-10,Potato Chips
1912,2026-03-10,Reusable Bag
1912,2026-03-10,Whole Milk
1913,2026-08-31,2% Milk
1913,2026-08-31,Bananas
1913,2026-08-31,Beer
1913,2026-08-31,Burger Buns
1913,2026-08-31,Carrots
1913,2026-08-31,Charcoal
1913,2026-08-31,Cucumber
1913,2026-08-31,Eggs
1913,2026-08-31,Garlic
1913,2026-08-31,Ketchup
1913,2026-08-31,Reusable Bag
1913,2026-08-31,Steak
1914,2026-08-04,Cheddar
1914,2026-08-04,Coffee
1914,2026-08-04,Reusable Bag
1914,2026-08-04,Sparkling Water
1914,2026-08-04,Tomato Sauce
1914,2026-08-04,Whole Milk
1915,2026-06-27,Bread
1915,2026-06-27,Cereal
1915,2026-06-27,Reusable Bag
1916,2026-05-20,Bananas
1916,2026-05-20,Burger Buns
1916,2026-05-20,Cereal
1916,2026-05-20,Charcoal
1916,2026-05-20,Ketchup
1916,2026-05-20,Lettuce
1916,2026-05-20,Onions
1916,2026-05-20,Reusable Bag
1916,2026-05-20,Steak
1916,2026-05-20,Tomato Sauce
1917,2026-11-12,Beer
1917,2026-11-12,Burger Buns
1917,2026-11-12,Charcoal
1917,2026-11-12,Frozen Pizza
1917,2026-11-12,Reusable Bag
1918,2026-11-19,Cheddar
1918,2026-11-19,Chicken Breast
1918,2026-11-19,Parmesan
1918,2026-11-19,Pasta
1918,2026-11-19,Red Wine
1918,2026-11-19,Reusable Bag
1919,2026-05-11,Apples
1919,2026-05-11,Baby Wipes
1919,2026-05-11,Butter
1919,2026-05-11,Cereal
1919,2026-05-11,Diapers
1919,2026-05-11,Onions
1919,2026-05-11,Reusable Bag
1920,2026-02-24,Cucumber
1920,2026-02-24,Dish Soap
1920,2026-02-24,Lettuce
1920,2026-02-24,Reusable Bag
1920,2026-02-24,Tomatoes
1921,2026-10-13,Coffee
1921,2026-10-13,Croissants
1921,2026-10-13,Frozen Pizza
1921,2026-10-13,Orange Juice
1921,2026-10-13,Reusable Bag
1921,2026-10-13,Whole Milk
1922,2026-04-07,Onions
1922,2026-04-07,Red Wine
1922,2026-04-07,Reusable Bag
1923,2026-07-24,Bread
1923,2026-07-24,Dish Soap
1923,2026-07-24,Reusable Bag
1924,2026-12-14,Pasta
1924,2026-12-14,Reusable Bag
1924,2026-12-14,Sparkling Water
1924,2026-12-14,Tomato Sauce
1925,2026-09-15,2% Milk
1925,2026-09-15,Bread
1925,2026-09-15,Cereal
1925,2026-09-15,Coffee
1925,2026-09-15,Croissants
1925,2026-09-15,Frozen Pizza
1925,2026-09-15,Orange Juice
1925,2026-09-15,Potato Chips
1925,2026-09-15,Reusable Bag
1925,2026-09-15,Whole Milk
1926,2026-06-22,Bread
1926,2026-06-22,Chicken Breast
1926,2026-06-22,Chocolate
1926,2026-06-22,Frozen Pizza
1926,2026-06-22,Olive Oil
1926,2026-06-22,Reusable Bag
1927,2026-04-05,Apples
1927,2026-04-05,Burger Buns
1927,2026-04-05,Coffee
1927,2026-04-05,Cucumber
1927,2026-04-05,Frozen Pizza
1927,2026-04-05,Lettuce
1927,2026-04-05,Reusable Bag
1927,2026-04-05,Sparkling Water
1927,2026-04-05,Tomato Sauce
1927,2026-04-05,Tomatoes
1927,2026-04-05,Yogurt
1928,2026-10-07,Bread
1928,2026-10-07,Burger Buns
1928,2026-10-07,Butter
1928,2026-10-07,Eggs
1928,2026-10-07,Lettuce
1928,2026-10-07,Reusable Bag
1928,2026-10-07,Tomatoes
1929,2026-06-16,Butter
1929,2026-06-16,Carrots
1929,2026-06-16,Chicken Breast
1929,2026-06-16,Dish Soap
1929,2026-06-16,Garlic
1929,2026-06-16,Parmesan
1929,2026-06-16,Pasta
1929,2026-06-16,Tomato Sauce
1930,2026-09-20,2% Milk
1930,2026-09-20,Apples
1930,2026-09-20,Bread
1930,2026-09-20,Cheddar
1930,2026-09-20,Cucumber
1930,2026-09-20,Frozen Pizza
1930,2026-09-20,Lettuce
1930,2026-09-20,Reusable Bag
1930,2026-09-20,Tomatoes
1931,2026-08-11,Beer
1931,2026-08-11,Cereal
1931,2026-08-11,Charcoal
1931,2026-08-11,Chocolate
1931,2026-08-11,Ketchup
1931,2026-08-11,Reusable Bag
1931,2026-08-11,Steak
1932,2026-08-08,Bananas
1932,2026-08-08,Bread
1932,2026-08-08,Diapers
1932,2026-08-08,Dish Soap
1932,2026-08-08,Eggs
1932,2026-08-08,Reusable Bag
1932,2026-08-08,Yogurt
1933,2026-12-02,Bananas
1933,2026-12-02,Beer
1933,2026-12-02,Burger Buns
1933,2026-12-02,Charcoal
1933,2026-12-02,Red Wine
1933,2026-12-02,Reusable Bag
1933,2026-12-02,Steak
1934,2026-03-15,2% Milk
1934,2026-03-15,Beer
1934,2026-03-15,Bread
1934,2026-03-15,Burger Buns
1934,2026-03-15,Charcoal
1934,2026-03-15,Cheddar
1934,2026-03-15,Dish Soap
1934,2026-03-15,Reusable Bag
1934,2026-03-15,Steak
1935,2026-10-29,2% Milk
1935,2026-10-29,Baby Food
1935,2026-10-29,Beer
1935,2026-10-29,Burger Buns
1935,2026-10-29,Butter
1935,2026-10-29,Carrots
1935,2026-10-29,Charcoal
1935,2026-10-29,Frozen Pizza
1935,2026-10-29,Ketchup
1935,2026-10-29,Potato Chips
1935,2026-10-29,Reusable Bag
1935,2026-10-29,Steak
1936,2026-03-15,Chocolate
1936,2026-03-15,Coffee
1936,2026-03-15,Croissants
1936,2026-03-15,Olive Oil
1936,2026-03-15,Reusable Bag
1936,2026-03-15,Whole Milk
1936,2026-03-15,Yogurt
1937,2026-02-14,2% Milk
1937,2026-02-14,Beer
1937,2026-02-14,Bread
1937,2026-02-14,Burger Buns
1937,2026-02-14,Carrots
1937,2026-02-14,Charcoal
1937,2026-02-14,Ketchup
1937,2026-02-14,Onions
1937,2026-02-14,Reusable Bag
1937,2026-02-14,Steak
1938,2026-11-14,Baby Wipes
1938,2026-11-14,Butter
1938,2026-11-14,Chicken Breast
1938,2026-11-14,Coffee
1938,2026-11-14,Croissants
1938,2026-11-14,Eggs
1938,2026-11-14,Parmesan
1938,2026-11-14,Reusable Bag
1939,2026-07-29,Chicken Breast
1939,2026-07-29,Coffee
1939,2026-07-29,Croissants
1940,2026-11-01,Baby Food
1940,2026-11-01,Baby Wipes
1940,2026-11-01,Bananas
1940,2026-11-01,Cereal
1940,2026-11-01,Chicken Breast
1940,2026-11-01,Diapers
1940,2026-11-01,Eggs
1940,2026-11-01,Garlic
1940,2026-11-01,Ketchup
1940,2026-11-01,Reusable Bag
1941,2026-04-23,Baby Wipes
1941,2026-04-23,Burger Buns
1941,2026-04-23,Butter
1941,2026-04-23,Charcoal
1941,2026-04-23,Eggs
1941,2026-04-23,Ketchup
1941,2026-04-23,Orange Juice
1941,2026-04-23,Potato Chips
1941,2026-04-23,Reusable Bag
1941,2026-04-23,Steak
1941,2026-04-23,Yogurt
1942,2026-03-06,2% Milk
1942,2026-03-06,Apples
1942,2026-03-06,Frozen Pizza
1942,2026-03-06,Potato Chips
1942,2026-03-06,Reusable Bag
1942,2026-03-06,Rice
1943,2026-07-27,2% Milk
1943,2026-07-27,Coffee
1943,2026-07-27,Croissants
1943,2026-07-27,Eggs
1943,2026-07-27,Orange Juice
1943,2026-07-27,Reusable Bag
1943,2026-07-27,Steak
1943,2026-07-27,Tomatoes
1944,2026-10-14,Baby Wipes
1944,2026-10-14,Beer
1944,2026-10-14,Chicken Breast
1944,2026-10-14,Diapers
1944,2026-10-14,Dish Soap
1944,2026-10-14,Frozen Pizza
1944,2026-10-14,Reusable Bag
1945,2026-08-04,Apples
1945,2026-08-04,Coffee
1945,2026-08-04,Frozen Pizza
1945,2026-08-04,Orange Juice
1945,2026-08-04,Paper Towels
1945,2026-08-04,Reusable Bag
1945,2026-08-04,Saffron
1945,2026-08-04,Whole Milk
1945,2026-08-04,Yogurt
1946,2026-11-14,Bananas
1946,2026-11-14,Chicken Breast
1946,2026-11-14,Coffee
1946,2026-11-14,Croissants
1946,2026-11-14,Orange Juice
1946,2026-11-14,Potato Chips
1946,2026-11-14,Reusable Bag
1946,2026-11-14,Sparkling Water
1946,2026-11-14,Tomato Sauce
1946,2026-11-14,Whole Milk
1946,2026-11-14,Yogurt
1947,2026-06-15,Butter
1947,2026-06-15,Parmesan
1947,2026-06-15,Pasta
1947,2026-06-15,Reusable Bag
1947,2026-06-15,Rice
1947,2026-06-15,Tea
1947,2026-06-15,Tomato Sauce
1948,2026-02-26,Beer
1948,2026-02-26,Bread
1948,2026-02-26,Burger Buns
1948,2026-02-26,Butter
1948,2026-02-26,Charcoal
1948,2026-02-26,Onions
1948,2026-02-26,Reusable Bag
1948,2026-02-26,Steak
1949,2026-04-14,Butter
1949,2026-04-14,Carrots
1949,2026-04-14,Cheddar
1949,2026-04-14,Frozen Pizza
1949,2026-04-14,Reusable Bag
1950,2026-01-26,Bananas
1950,2026-01-26,Burger Buns
1950,2026-01-26,Carrots
1950,2026-01-26,Charcoal
1950,2026-01-26,Cucumber
1950,2026-01-26,Dish Soap
1950,2026-01-26,Ketchup
1950,2026-01-26,Onions
1950,2026-01-26,Parmesan
1950,2026-01-26,Reusable Bag
1950,2026-01-26,Steak
1951,2026-06-07,Burger Buns
1951,2026-06-07,Charcoal
1951,2026-06-07,Ketchup
1951,2026-06-07,Onions
1951,2026-06-07,Reusable Bag
1951,2026-06-07,Steak
1952,2026-10-28,Baby Wipes
1952,2026-10-28,Bread
1952,2026-10-28,Butter
1952,2026-10-28,Cheddar
1952,2026-10-28,Chicken Breast
1952,2026-10-28,Diapers
1952,2026-10-28,Onions
1952,2026-10-28,Reusable Bag
1953,2026-07-30,2% Milk
1953,2026-07-30,Apples
1953,2026-07-30,Cheddar
1953,2026-07-30,Eggs
1953,2026-07-30,Lettuce
1953,2026-07-30,Olive Oil
1953,2026-07-30,Reusable Bag
1953,2026-07-30,Tomatoes
1954,2026-02-07,Cucumber
1954,2026-02-07,Eggs
1954,2026-02-07,Lettuce
1954,2026-02-07,Reusable Bag
1954,2026-02-07,Rice
1954,2026-02-07,Sparkling Water
1954,2026-02-07,Tomatoes
1955,2026-08-01,Baby Food
1955,2026-08-01,Bread
1955,2026-08-01,Chicken Breast
1955,2026-08-01,Coffee
1955,2026-08-01,Croissants
1955,2026-08-01,Orange Juice
1955,2026-08-01,Reusable Bag
1955,2026-08-01,Tea
1955,2026-08-01,Whole Milk
1956,2026-02-06,Baby Wipes
1956,2026-02-06,Beer
1956,2026-02-06,Diapers
1956,2026-02-06,Onions
1956,2026-02-06,Paper Towels
1956,2026-02-06,Reusable Bag
1957,2026-01-25,Chocolate
1957,2026-01-25,Lettuce
1957,2026-01-25,Olive Oil
1957,2026-01-25,Onions
1957,2026-01-25,Potato Chips
1957,2026-01-25,Reusable Bag
1957,2026-01-25,Rice
1957,2026-01-25,Tomato Sauce
1957,2026-01-25,Tomatoes
1957,2026-01-25,Yogurt
1958,2026-04-07,Apples
1958,2026-04-07,Butter
1958,2026-04-07,Garlic
1958,2026-04-07,Pasta
1958,2026-04-07,Red Wine
1958,2026-04-07,Reusable Bag
1958,2026-04-07,Tomato Sauce
1958,2026-04-07,Yogurt
1959,2026-02-26,Bread
1959,2026-02-26,Frozen Pizza
1959,2026-02-26,Garlic
1959,2026-02-26,Parmesan
1959,2026-02-26,Pasta
1959,2026-02-26,Rice
1959,2026-02-26,Sparkling Water
1960,2026-06-18,Bread
1960,2026-06-18,Carrots
1960,2026-06-18,Garlic
1960,2026-06-18,Pasta
1960,2026-06-18,Potato Chips
1961,2026-04-24,Beer
1961,2026-04-24,Burger Buns
1961,2026-04-24,Charcoal
1961,2026-04-24,Reusable Bag
1961,2026-04-24,Sparkling Water
1962,2026-10-07,Apples
1962,2026-10-07,Lettuce
1962,2026-10-07,Reusable Bag
1962,2026-10-07,Steak
1963,2026-07-04,Bread
1963,2026-07-04,Chicken Breast
1963,2026-07-04,Cucumber
1963,2026-07-04,Diapers
1963,2026-07-04,Eggs
1963,2026-07-04,Frozen Pizza
1963,2026-07-04,Garlic
1963,2026-07-04,Ketchup
1963,2026-07-04,Parmesan
1963,2026-07-04,Pasta
1963,2026-07-04,Red Wine
1963,2026-07-04,Reusable Bag
1963,2026-07-04,Tomato Sauce
1964,2026-08-19,Apples
1964,2026-08-19,Baby Wipes
1964,2026-08-19,Bananas
1964,2026-08-19,Beer
1964,2026-08-19,Burger Buns
1964,2026-08-19,Cereal
1964,2026-08-19,Charcoal
1964,2026-08-19,Ketchup
1964,2026-08-19,Reusable Bag
1965,2026-05-18,Chicken Breast
1965,2026-05-18,Coffee
1965,2026-05-18,Orange Juice
1965,2026-05-18,Potato Chips
1965,2026-05-18,Reusable Bag
1965,2026-05-18,Rice
1965,2026-05-18,Whole Milk
1966,2026-07-30,2% Milk
1966,2026-07-30,Apples
1966,2026-07-30,Baby Wipes
1966,2026-07-30,Bananas
1966,2026-07-30,Diapers
1966,2026-07-30,Reusable Bag
1967,2026-08-19,2% Milk
1967,2026-08-19,Apples
1967,2026-08-19,Butter
1967,2026-08-19,Coffee
1967,2026-08-19,Croissants
1967,2026-08-19,Eggs
1967,2026-08-19,Orange Juice
1967,2026-08-19,Reusable Bag
1968,2026-02-14,Beer
1968,2026-02-14,Bread
1968,2026-02-14,Burger Buns
1968,2026-02-14,Charcoal
1968,2026-02-14,Cucumber
1968,2026-02-14,Diapers
1968,2026-02-14,Onions
1968,2026-02-14,Paper Towels
1968,2026-02-14,Reusable Bag
1968,2026-02-14,Steak
1968,2026-02-14,Tea
1969,2026-07-24,Bananas
1969,2026-07-24,Bread
1969,2026-07-24,Eggs
1969,2026-07-24,Frozen Pizza
1969,2026-07-24,Garlic
1969,2026-07-24,Parmesan
1969,2026-07-24,Pasta
1969,2026-07-24,Red Wine
1969,2026-07-24,Reusable Bag
1969,2026-07-24,Steak
1969,2026-07-24,Tea
1969,2026-07-24,Tomatoes
1970,2026-11-13,Eggs
1970,2026-11-13,Lettuce
1970,2026-11-13,Reusable Bag
1971,2026-12-25,Cucumber
1971,2026-12-25,Frozen Pizza
1971,2026-12-25,Lettuce
1971,2026-12-25,Reusable Bag
1971,2026-12-25,Tea
1971,2026-12-25,Tomatoes
1972,2026-06-09,Apples
1972,2026-06-09,Bananas
1972,2026-06-09,Beer
1972,2026-06-09,Bread
1972,2026-06-09,Burger Buns
1972,2026-06-09,Cereal
1972,2026-06-09,Charcoal
1972,2026-06-09,Diapers
1972,2026-06-09,Ketchup
1972,2026-06-09,Olive Oil
1972,2026-06-09,Parmesan
1972,2026-06-09,Steak
1973,2026-01-24,Chocolate
1973,2026-01-24,Coffee
1973,2026-01-24,Croissants
1973,2026-01-24,Paper Towels
1973,2026-01-24,Reusable Bag
1973,2026-01-24,Yogurt
1974,2026-01-24,Baby Food
1974,2026-01-24,Burger Buns
1974,2026-01-24,Coffee
1974,2026-01-24,Diapers
1974,2026-01-24,Olive Oil
1974,2026-01-24,Potato Chips
1975,2026-06-28,Apples
1975,2026-06-28,Baby Wipes
1975,2026-06-28,Beer
1975,2026-06-28,Chicken Breast
1975,2026-06-28,Diapers
1975,2026-06-28,Dish Soap
1975,2026-06-28,Reusable Bag
1975,2026-06-28,Sparkling Water
1975,2026-06-28,Tea
1976,2026-10-19,Carrots
1976,2026-10-19,Pasta
1976,2026-10-19,Red Wine
1976,2026-10-19,Reusable Bag
1976,2026-10-19,Tomato Sauce
1977,2026-05-08,Baby Food
1977,2026-05-08,Burger Buns
1977,2026-05-08,Charcoal
1977,2026-05-08,Chicken Breast
1977,2026-05-08,Dish Soap
1977,2026-05-08,Ketchup
1977,2026-05-08,Onions
1977,2026-05-08,Reusable Bag
1977,2026-05-08,Steak
1977,2026-05-08,Whole Milk
1978,2026-03-20,Bananas
1978,2026-03-20,Beer
1978,2026-03-20,Burger Buns
1978,2026-03-20,Butter
1978,2026-03-20,Charcoal
1978,2026-03-20,Onions
1978,2026-03-20,Reusable Bag
1978,2026-03-20,Sparkling Water
1979,2026-11-26,Beer
1979,2026-11-26,Coffee
1979,2026-11-26,Croissants
1979,2026-11-26,Eggs
1979,2026-11-26,Orange Juice
1979,2026-11-26,Red Wine
1979,2026-11-26,Reusable Bag
1980,2026-05-29,Baby Wipes
1980,2026-05-29,Carrots
1980,2026-05-29,Chicken Breast
1980,2026-05-29,Cucumber
1980,2026-05-29,Lettuce
1980,2026-05-29,Olive Oil
1980,2026-05-29,Orange Juice
1980,2026-05-29,Tomatoes
1980,2026-05-29,Whole Milk
1980,2026-05-29,Yogurt
1981,2026-12-22,Beer
1981,2026-12-22,Bread
1981,2026-12-22,Butter
1981,2026-12-22,Carrots
1981,2026-12-22,Charcoal
1981,2026-12-22,Cucumber
1981,2026-12-22,Reusable Bag
1981,2026-12-22,Sparkling Water
1981,2026-12-22,Tea
1982,2026-05-26,Beer
1982,2026-05-26,Burger Buns
1982,2026-05-26,Charcoal
1982,2026-05-26,Ketchup
1982,2026-05-26,Orange Juice
1982,2026-05-26,Red Wine
1982,2026-05-26,Reusable Bag
1982,2026-05-26,Rice
1982,2026-05-26,Steak
1983,2026-12-06,2% Milk
1983,2026-12-06,Burger Buns
1983,2026-12-06,Carrots
1983,2026-12-06,Cereal
1983,2026-12-06,Charcoal
1983,2026-12-06,Cheddar
1983,2026-12-06,Ketchup
1983,2026-12-06,Potato Chips
1984,2026-04-13,Beer
1984,2026-04-13,Burger Buns
1984,2026-04-13,Charcoal
1984,2026-04-13,Dish Soap
1984,2026-04-13,Ketchup
1984,2026-04-13,Pasta
1984,2026-04-13,Potato Chips
1984,2026-04-13,Steak
1984,2026-04-13,Tomatoes
1985,2026-04-20,Cheddar
1985,2026-04-20,Coffee
1985,2026-04-20,Croissants
1985,2026-04-20,Dish Soap
1985,2026-04-20,Onions
1985,2026-04-20,Reusable Bag
1985,2026-04-20,Rice
1986,2026-09-24,2% Milk
1986,2026-09-24,Bread
1986,2026-09-24,Charcoal
1986,2026-09-24,Cheddar
1986,2026-09-24,Chicken Breast
1986,2026-09-24,Reusable Bag
1987,2026-01-15,2% Milk
1987,2026-01-15,Chocolate
1987,2026-01-15,Onions
1987,2026-01-15,Pasta
1987,2026-01-15,Red Wine
1987,2026-01-15,Reusable Bag
1987,2026-01-15,Tomato Sauce
1988,2026-08-27,Bananas
1988,2026-08-27,Beer
1988,2026-08-27,Frozen Pizza
1988,2026-08-27,Paper Towels
1988,2026-08-27,Parmesan
1988,2026-08-27,Potato Chips
1988,2026-08-27,Reusable Bag
1988,2026-08-27,Sparkling Water
1989,2026-10-23,Chocolate
1989,2026-10-23,Eggs
1989,2026-10-23,Onions
1989,2026-10-23,Orange Juice
1989,2026-10-23,Pasta
1989,2026-10-23,Reusable Bag
1989,2026-10-23,Rice
1989,2026-10-23,Tomato Sauce
1990,2026-02-01,Baby Wipes
1990,2026-02-01,Cereal
1990,2026-02-01,Chicken Breast
1990,2026-02-01,Diapers
1990,2026-02-01,Reusable Bag
1990,2026-02-01,Tomatoes
1991,2026-11-15,Apples
1991,2026-11-15,Bananas
1991,2026-11-15,Beer
1991,2026-11-15,Cheddar
1991,2026-11-15,Diapers
1991,2026-11-15,Red Wine
1991,2026-11-15,Reusable Bag
1991,2026-11-15,Steak
1992,2026-01-21,2% Milk
1992,2026-01-21,Carrots
1992,2026-01-21,Coffee
1992,2026-01-21,Croissants
1992,2026-01-21,Orange Juice
1992,2026-01-21,Reusable Bag
1992,2026-01-21,Sparkling Water
1993,2026-09-20,Bread
1993,2026-09-20,Carrots
1993,2026-09-20,Dish Soap
1993,2026-09-20,Eggs
1993,2026-09-20,Garlic
1993,2026-09-20,Paper Towels
1993,2026-09-20,Pasta
1993,2026-09-20,Red Wine
1993,2026-09-20,Reusable Bag
1993,2026-09-20,Tomato Sauce
1994,2026-03-05,Baby Wipes
1994,2026-03-05,Bananas
1994,2026-03-05,Chocolate
1994,2026-03-05,Coffee
1994,2026-03-05,Diapers
1994,2026-03-05,Reusable Bag
1994,2026-03-05,Sparkling Water
1995,2026-08-23,Bananas
1995,2026-08-23,Cucumber
1995,2026-08-23,Lettuce
1995,2026-08-23,Olive Oil
1995,2026-08-23,Tomatoes
1996,2026-09-09,Bananas
1996,2026-09-09,Bread
1996,2026-09-09,Reusable Bag
1997,2026-03-01,Apples
1997,2026-03-01,Coffee
1997,2026-03-01,Croissants
1997,2026-03-01,Onions
1997,2026-03-01,Paper Towels
1997,2026-03-01,Potato Chips
1997,2026-03-01,Reusable Bag
1997,2026-03-01,Rice
1997,2026-03-01,Whole Milk
1998,2026-12-02,2% Milk
1998,2026-12-02,Charcoal
1998,2026-12-02,Chicken Breast
1998,2026-12-02,Ketchup
1998,2026-12-02,Onions
1998,2026-12-02,Reusable Bag
1998,2026-12-02,Sparkling Water
1999,2026-08-06,Bananas
1999,2026-08-06,Cheddar
1999,2026-08-06,Chocolate
1999,2026-08-06,Coffee
1999,2026-08-06,Cucumber
1999,2026-08-06,Diapers
1999,2026-08-06,Lettuce
1999,2026-08-06,Olive Oil
1999,2026-08-06,Reusable Bag
1999,2026-08-06,Rice
1999,2026-08-06,Tomatoes
2000,2026-04-10,Lettuce
2000,2026-04-10,Olive Oil
2000,2026-04-10,Onions
2000,2026-04-10,Reusable Bag
2000,2026-04-10,Sparkling Water
2000,2026-04-10,Tomatoes
2001,2026-01-17,2% Milk
2001,2026-01-17,Baby Wipes
2001,2026-01-17,Beer
2001,2026-01-17,Burger Buns
2001,2026-01-17,Butter
2001,2026-01-17,Charcoal
2001,2026-01-17,Ketchup
2001,2026-01-17,Parmesan
2001,2026-01-17,Reusable Bag
2001,2026-01-17,Whole Milk
2002,2026-06-25,Butter
2002,2026-06-25,Garlic
2002,2026-06-25,Parmesan
2002,2026-06-25,Pasta
2002,2026-06-25,Reusable Bag
2002,2026-06-25,Tomato Sauce
2003,2026-10-17,Apples
2003,2026-10-17,Beer
2003,2026-10-17,Burger Buns
2003,2026-10-17,Charcoal
2003,2026-10-17,Chocolate
2003,2026-10-17,Frozen Pizza
2003,2026-10-17,Reusable Bag
2003,2026-10-17,Tea
2004,2026-10-24,Apples
2004,2026-10-24,Baby Food
2004,2026-10-24,Butter
2004,2026-10-24,Coffee
2004,2026-10-24,Dish Soap
2004,2026-10-24,Reusable Bag
2005,2026-01-07,Paper Towels
2005,2026-01-07,Reusable Bag
2006,2026-09-27,Apples
2006,2026-09-27,Burger Buns
2006,2026-09-27,Charcoal
2006,2026-09-27,Garlic
2006,2026-09-27,Reusable Bag
2006,2026-09-27,Steak
2007,2026-10-16,Baby Food
2007,2026-10-16,Beer
2007,2026-10-16,Bread
2007,2026-10-16,Charcoal
2007,2026-10-16,Chicken Breast
2007,2026-10-16,Potato Chips
2007,2026-10-16,Reusable Bag
2007,2026-10-16,Steak
2007,2026-10-16,Tomato Sauce
2008,2026-06-19,Apples
2008,2026-06-19,Beer
2008,2026-06-19,Burger Buns
2008,2026-06-19,Charcoal
2008,2026-06-19,Ketchup
2008,2026-06-19,Lettuce
2008,2026-06-19,Reusable Bag
2008,2026-06-19,Steak
2009,2026-07-19,Cheddar
2009,2026-07-19,Coffee
2009,2026-07-19,Orange Juice
2009,2026-07-19,Reusable Bag
2009,2026-07-19,Whole Milk
2010,2026-12-22,Baby Wipes
2010,2026-12-22,Bread
2010,2026-12-22,Cereal
2010,2026-12-22,Charcoal
2010,2026-12-22,Coffee
2010,2026-12-22,Ketchup
2010,2026-12-22,Reusable Bag
2010,2026-12-22,Steak
2011,2026-05-12,Lettuce
2011,2026-05-12,Olive Oil
2011,2026-05-12,Potato Chips
2011,2026-05-12,Reusable Bag
2011,2026-05-12,Rice
2012,2026-11-07,Apples
2012,2026-11-07,Bananas
2012,2026-11-07,Beer
2012,2026-11-07,Burger Buns
2012,2026-11-07,Charcoal
2012,2026-11-07,Ketchup
2012,2026-11-07,Reusable Bag
2012,2026-11-07,Steak
2012,2026-11-07,Yogurt
2013,2026-09-16,Apples
2013,2026-09-16,Bananas
2013,2026-09-16,Burger Buns
2013,2026-09-16,Carrots
2013,2026-09-16,Charcoal
2013,2026-09-16,Eggs
2013,2026-09-16,Ketchup
2013,2026-09-16,Reusable Bag
2013,2026-09-16,Whole Milk
2013,2026-09-16,Yogurt
2014,2026-08-16,2% Milk
2014,2026-08-16,Butter
2014,2026-08-16,Cereal
2014,2026-08-16,Chocolate
2014,2026-08-16,Garlic
2014,2026-08-16,Onions
2014,2026-08-16,Parmesan
2014,2026-08-16,Pasta
2014,2026-08-16,Reusable Bag
2014,2026-08-16,Tomato Sauce
2015,2026-04-02,Apples
2015,2026-04-02,Bread
2015,2026-04-02,Garlic
2015,2026-04-02,Parmesan
2015,2026-04-02,Pasta
2015,2026-04-02,Red Wine
2015,2026-04-02,Tomato Sauce
2016,2026-05-15,2% Milk
2016,2026-05-15,Beer
2016,2026-05-15,Cucumber
2016,2026-05-15,Frozen Pizza
2016,2026-05-15,Lettuce
2016,2026-05-15,Tomatoes
2017,2026-06-03,Beer
2017,2026-06-03,Burger Buns
2017,2026-06-03,Charcoal
2017,2026-06-03,Ketchup
2017,2026-06-03,Onions
2017,2026-06-03,Reusable Bag
2017,2026-06-03,Steak
2018,2026-09-16,2% Milk
2018,2026-09-16,Baby Food
2018,2026-09-16,Baby Wipes
2018,2026-09-16,Bananas
2018,2026-09-16,Diapers
2018,2026-09-16,Eggs
2019,2026-02-08,Parmesan
2019,2026-02-08,Pasta
2019,2026-02-08,Reusable Bag
2019,2026-02-08,Rice
2019,2026-02-08,Tomato Sauce
2020,2026-05-18,Baby Food
2020,2026-05-18,Baby Wipes
2020,2026-05-18,Bread
2020,2026-05-18,Diapers
2020,2026-05-18,Potato Chips
2020,2026-05-18,Reusable Bag
2021,2026-05-31,Baby Wipes
2021,2026-05-31,Burger Buns
2021,2026-05-31,Carrots
2021,2026-05-31,Cereal
2021,2026-05-31,Charcoal
2021,2026-05-31,Coffee
2021,2026-05-31,Diapers
2021,2026-05-31,Reusable Bag
2021,2026-05-31,Rice
2021,2026-05-31,Steak
2022,2026-06-02,Bread
2022,2026-06-02,Butter
2022,2026-06-02,Carrots
2022,2026-06-02,Frozen Pizza
2022,2026-06-02,Reusable Bag
2023,2026-06-20,Carrots
2023,2026-06-20,Garlic
2023,2026-06-20,Lettuce
2023,2026-06-20,Parmesan
2023,2026-06-20,Pasta
2023,2026-06-20,Red Wine
2023,2026-06-20,Reusable Bag
2023,2026-06-20,Tomato Sauce
2024,2026-05-22,Baby Food
2024,2026-05-22,Baby Wipes
2024,2026-05-22,Bananas
2024,2026-05-22,Chicken Breast
2024,2026-05-22,Diapers
2024,2026-05-22,Onions
2024,2026-05-22,Reusable Bag
2024,2026-05-22,Sparkling Water
2025,2026-03-02,Burger Buns
2025,2026-03-02,Charcoal
2025,2026-03-02,Onions
2025,2026-03-02,Paper Towels
2025,2026-03-02,Reusable Bag
2025,2026-03-02,Steak
2026,2026-04-09,Baby Food
2026,2026-04-09,Baby Wipes
2026,2026-04-09,Croissants
2026,2026-04-09,Diapers
2026,2026-04-09,Reusable Bag
2026,2026-04-09,Tea
2027,2026-03-05,Apples
2027,2026-03-05,Eggs
2027,2026-03-05,Garlic
2027,2026-03-05,Onions
2027,2026-03-05,Pasta
2027,2026-03-05,Reusable Bag
2028,2026-03-22,Chicken Breast
2028,2026-03-22,Coffee
2028,2026-03-22,Eggs
2028,2026-03-22,Paper Towels
2028,2026-03-22,Pasta
2028,2026-03-22,Reusable Bag
2028,2026-03-22,Rice
2029,2026-08-14,Bread
2029,2026-08-14,Coffee
2029,2026-08-14,Croissants
2029,2026-08-14,Onions
2029,2026-08-14,Orange Juice
2029,2026-08-14,Reusable Bag
2029,2026-08-14,Sparkling Water
2029,2026-08-14,Whole Milk
2030,2026-09-10,2% Milk
2030,2026-09-10,Butter
2030,2026-09-10,Charcoal
2030,2026-09-10,Parmesan
2030,2026-09-10,Potato Chips
2030,2026-09-10,Red Wine
2030,2026-09-10,Reusable Bag
2031,2026-02-10,2% Milk
2031,2026-02-10,Apples
2031,2026-02-10,Butter
2031,2026-02-10,Frozen Pizza
2031,2026-02-10,Garlic
2031,2026-02-10,Pasta
2031,2026-02-10,Red Wine
2031,2026-02-10,Reusable Bag
2031,2026-02-10,Rice
2031,2026-02-10,Tomato Sauce
2032,2026-10-09,Chicken Breast
2032,2026-10-09,Croissants
2032,2026-10-09,Parmesan
2032,2026-10-09,Pasta
2032,2026-10-09,Red Wine
2032,2026-10-09,Reusable Bag
2033,2026-01-25,Beer
2033,2026-01-25,Bread
2033,2026-01-25,Charcoal
2033,2026-01-25,Reusable Bag
2033,2026-01-25,Steak
2034,2026-01-28,Bread
2034,2026-01-28,Chicken Breast
2034,2026-01-28,Lettuce
2034,2026-01-28,Reusable Bag
2035,2026-01-14,Apples
2035,2026-01-14,Butter
2035,2026-01-14,Dish Soap
2035,2026-01-14,Eggs
2035,2026-01-14,Lettuce
2035,2026-01-14,Olive Oil
2035,2026-01-14,Reusable Bag
2035,2026-01-14,Tomato Sauce
2035,2026-01-14,Tomatoes
2036,2026-11-22,Baby Wipes
2036,2026-11-22,Bananas
2036,2026-11-22,Bread
2036,2026-11-22,Chicken Breast
2036,2026-11-22,Coffee
2036,2026-11-22,Croissants
2036,2026-11-22,Garlic
2036,2026-11-22,Lettuce
2036,2026-11-22,Onions
2036,2026-11-22,Orange Juice
2036,2026-11-22,Whole Milk
2037,2026-10-24,Baby Food
2037,2026-10-24,Baby Wipes
2037,2026-10-24,Bread
2037,2026-10-24,Diapers
2037,2026-10-24,Pasta
2037,2026-10-24,Reusable Bag
2038,2026-12-24,Apples
2038,2026-12-24,Carrots
2038,2026-12-24,Sparkling Water
2038,2026-12-24,Yogurt
2039,2026-06-07,Apples
2039,2026-06-07,Red Wine
2039,2026-06-07,Reusable Bag
2039,2026-06-07,Tomato Sauce
2040,2026-09-10,Bread
2040,2026-09-10,Carrots
2040,2026-09-10,Frozen Pizza
2040,2026-09-10,Paper Towels
2040,2026-09-10,Reusable Bag
2041,2026-01-31,Bread
2041,2026-01-31,Eggs
2041,2026-01-31,Onions
2041,2026-01-31,Reusable Bag
2041,2026-01-31,Sparkling Water
2042,2026-12-29,Coffee
2042,2026-12-29,Croissants
2042,2026-12-29,Red Wine
2042,2026-12-29,Reusable Bag
2042,2026-12-29,Rice
2042,2026-12-29,Whole Milk
2043,2026-06-08,Bananas
2043,2026-06-08,Chicken Breast
2043,2026-06-08,Reusable Bag
2043,2026-06-08,Rice
2044,2026-09-15,Baby Food
2044,2026-09-15,Chicken Breast
2044,2026-09-15,Lettuce
2044,2026-09-15,Onions
2044,2026-09-15,Paper Towels
2044,2026-09-15,Pasta
2044,2026-09-15,Red Wine
2044,2026-09-15,Reusable Bag
2044,2026-09-15,Tea
2044,2026-09-15,Tomato Sauce
2045,2026-05-19,2% Milk
2045,2026-05-19,Bananas
2045,2026-05-19,Cucumber
2045,2026-05-19,Lettuce
2045,2026-05-19,Olive Oil
2045,2026-05-19,Pasta
2045,2026-05-19,Potato Chips
2045,2026-05-19,Tea
2045,2026-05-19,Tomatoes
2046,2026-06-13,Baby Food
2046,2026-06-13,Baby Wipes
2046,2026-06-13,Beer
2046,2026-06-13,Butter
2046,2026-06-13,Chocolate
2046,2026-06-13,Diapers
2046,2026-06-13,Onions
2047,2026-07-14,Bananas
2047,2026-07-14,Cheddar
2047,2026-07-14,Coffee
2047,2026-07-14,Croissants
2047,2026-07-14,Reusable Bag
2047,2026-07-14,Tea
2048,2026-07-03,Beer
2048,2026-07-03,Burger Buns
2048,2026-07-03,Charcoal
2048,2026-07-03,Cucumber
2048,2026-07-03,Diapers
2048,2026-07-03,Orange Juice
2048,2026-07-03,Reusable Bag
2048,2026-07-03,Yogurt
2049,2026-06-30,Bread
2049,2026-06-30,Burger Buns
2049,2026-06-30,Charcoal
2049,2026-06-30,Chocolate
2049,2026-06-30,Dish Soap
2049,2026-06-30,Eggs
2049,2026-06-30,Ketchup
2049,2026-06-30,Reusable Bag
2049,2026-06-30,Sparkling Water
2049,2026-06-30,Steak
2050,2026-03-15,Bread
2050,2026-03-15,Eggs
2050,2026-03-15,Garlic
2050,2026-03-15,Paper Towels
2050,2026-03-15,Parmesan
2050,2026-03-15,Pasta
2050,2026-03-15,Reusable Bag
2050,2026-03-15,Tomato Sauce
2051,2026-12-11,Apples
2051,2026-12-11,Baby Food
2051,2026-12-11,Bananas
2051,2026-12-11,Beer
2051,2026-12-11,Butter
2051,2026-12-11,Carrots
2051,2026-12-11,Cheddar
2051,2026-12-11,Cucumber
2051,2026-12-11,Lettuce
2051,2026-12-11,Olive Oil
2051,2026-12-11,Reusable Bag
2051,2026-12-11,Tomatoes
2052,2026-05-06,Apples
2052,2026-05-06,Butter
2052,2026-05-06,Eggs
2052,2026-05-06,Garlic
2052,2026-05-06,Paper Towels
2052,2026-05-06,Pasta
2052,2026-05-06,Red Wine
2052,2026-05-06,Reusable Bag
2052,2026-05-06,Tomato Sauce
2053,2026-11-06,Butter
2053,2026-11-06,Cucumber
2053,2026-11-06,Frozen Pizza
2053,2026-11-06,Lettuce
2053,2026-11-06,Olive Oil
2053,2026-11-06,Onions
2053,2026-11-06,Orange Juice
2053,2026-11-06,Potato Chips
2053,2026-11-06,Reusable Bag
2053,2026-11-06,Tomatoes
2053,2026-11-06,Yogurt
2054,2026-07-13,Bananas
2054,2026-07-13,Butter
2054,2026-07-13,Chicken Breast
2054,2026-07-13,Eggs
2054,2026-07-13,Frozen Pizza
2054,2026-07-13,Garlic
2054,2026-07-13,Lettuce
2054,2026-07-13,Reusable Bag
2054,2026-07-13,Tomatoes
2055,2026-05-12,Bananas
2055,2026-05-12,Cereal
2055,2026-05-12,Cheddar
2055,2026-05-12,Frozen Pizza
2055,2026-05-12,Lettuce
2055,2026-05-12,Reusable Bag
2055,2026-05-12,Tea
2055,2026-05-12,Tomatoes
2056,2026-12-28,Bananas
2056,2026-12-28,Chicken Breast
2056,2026-12-28,Onions
2056,2026-12-28,Parmesan
2056,2026-12-28,Pasta
2056,2026-12-28,Potato Chips
2056,2026-12-28,Red Wine
2056,2026-12-28,Reusable Bag
2056,2026-12-28,Rice
2056,2026-12-28,Tomato Sauce
2057,2026-01-07,Cucumber
2057,2026-01-07,Dish Soap
2057,2026-01-07,Frozen Pizza
2057,2026-01-07,Lettuce
2057,2026-01-07,Reusable Bag
2057,2026-01-07,Sparkling Water
2057,2026-01-07,Tomatoes
2058,2026-01-16,Beer
2058,2026-01-16,Cereal
2058,2026-01-16,Charcoal
2058,2026-01-16,Eggs
2058,2026-01-16,Ketchup
2058,2026-01-16,Reusable Bag
2058,2026-01-16,Steak
2059,2026-04-29,Bananas
2059,2026-04-29,Beer
2059,2026-04-29,Burger Buns
2059,2026-04-29,Charcoal
2059,2026-04-29,Chocolate
2059,2026-04-29,Eggs
2059,2026-04-29,Ketchup
2059,2026-04-29,Reusable Bag
2060,2026-12-02,Bananas
2060,2026-12-02,Beer
2060,2026-12-02,Burger Buns
2060,2026-12-02,Butter
2060,2026-12-02,Charcoal
2060,2026-12-02,Coffee
2060,2026-12-02,Sparkling Water
2060,2026-12-02,Steak
2060,2026-12-02,Yogurt
2061,2026-01-29,Butter
2061,2026-01-29,Chocolate
2061,2026-01-29,Lettuce
2061,2026-01-29,Reusable Bag
2061,2026-01-29,Tea
2061,2026-01-29,Tomatoes
2061,2026-01-29,Yogurt
2062,2026-01-19,Baby Food
2062,2026-01-19,Baby Wipes
2062,2026-01-19,Bananas
2062,2026-01-19,Beer
2062,2026-01-19,Diapers
2062,2026-01-19,Reusable Bag
2062,2026-01-19,Tea
2063,2026-09-22,2% Milk
2063,2026-09-22,Bread
2063,2026-09-22,Burger Buns
2063,2026-09-22,Carrots
2063,2026-09-22,Charcoal
2063,2026-09-22,Ketchup
2063,2026-09-22,Lettuce
2063,2026-09-22,Reusable Bag
2063,2026-09-22,Sparkling Water
2063,2026-09-22,Steak
2064,2026-05-12,Bread
2064,2026-05-12,Eggs
2064,2026-05-12,Paper Towels
2064,2026-05-12,Parmesan
2064,2026-05-12,Pasta
2064,2026-05-12,Potato Chips
2064,2026-05-12,Red Wine
2064,2026-05-12,Reusable Bag
2064,2026-05-12,Tomato Sauce
2065,2026-04-07,Cucumber
2065,2026-04-07,Lettuce
2065,2026-04-07,Olive Oil
2065,2026-04-07,Reusable Bag
2065,2026-04-07,Tea
2065,2026-04-07,Tomatoes
2066,2026-06-02,Coffee
2066,2026-06-02,Dish Soap
2066,2026-06-02,Frozen Pizza
2066,2026-06-02,Onions
2066,2026-06-02,Orange Juice
2066,2026-06-02,Potato Chips
2066,2026-06-02,Reusable Bag
2066,2026-06-02,Whole Milk
2066,2026-06-02,Yogurt
2067,2026-04-05,Baby Food
2067,2026-04-05,Coffee
2067,2026-04-05,Dish Soap
2067,2026-04-05,Orange Juice
2067,2026-04-05,Reusable Bag
2067,2026-04-05,Tomatoes
2068,2026-12-22,2% Milk
2068,2026-12-22,Coffee
2068,2026-12-22,Croissants
2068,2026-12-22,Cucumber
2068,2026-12-22,Orange Juice
2068,2026-12-22,Whole Milk
2069,2026-10-30,Baby Food
2069,2026-10-30,Baby Wipes
2069,2026-10-30,Bananas
2069,2026-10-30,Beer
2069,2026-10-30,Carrots
2069,2026-10-30,Cereal
2069,2026-10-30,Diapers
2069,2026-10-30,Onions
2069,2026-10-30,Reusable Bag
2070,2026-06-14,Beer
2070,2026-06-14,Coffee
2070,2026-06-14,Croissants
2070,2026-06-14,Garlic
2070,2026-06-14,Paper Towels
2070,2026-06-14,Parmesan
2070,2026-06-14,Pasta
2070,2026-06-14,Red Wine
2070,2026-06-14,Reusable Bag
2070,2026-06-14,Tomato Sauce
2071,2026-09-09,Garlic
2071,2026-09-09,Paper Towels
2071,2026-09-09,Pasta
2071,2026-09-09,Red Wine
2071,2026-09-09,Reusable Bag
2071,2026-09-09,Tomato Sauce
2072,2026-05-15,Apples
2072,2026-05-15,Beer
2072,2026-05-15,Charcoal
2072,2026-05-15,Chocolate
2072,2026-05-15,Ketchup
2072,2026-05-15,Steak
2073,2026-03-31,Apples
2073,2026-03-31,Beer
2073,2026-03-31,Burger Buns
2073,2026-03-31,Charcoal
2073,2026-03-31,Dish Soap
2073,2026-03-31,Eggs
2073,2026-03-31,Parmesan
2073,2026-03-31,Reusable Bag
2073,2026-03-31,Steak
2074,2026-09-12,2% Milk
2074,2026-09-12,Apples
2074,2026-09-12,Baby Wipes
2074,2026-09-12,Bananas
2074,2026-09-12,Beer
2074,2026-09-12,Burger Buns
2074,2026-09-12,Charcoal
2074,2026-09-12,Coffee
2074,2026-09-12,Dish Soap
2074,2026-09-12,Reusable Bag
2074,2026-09-12,Steak
2075,2026-11-30,Bread
2075,2026-11-30,Cereal
2075,2026-11-30,Cheddar
2075,2026-11-30,Paper Towels
2075,2026-11-30,Reusable Bag
2076,2026-12-27,Apples
2076,2026-12-27,Bananas
2076,2026-12-27,Paper Towels
2076,2026-12-27,Parmesan
2076,2026-12-27,Pasta
2076,2026-12-27,Potato Chips
2076,2026-12-27,Red Wine
2076,2026-12-27,Reusable Bag
2076,2026-12-27,Rice
2076,2026-12-27,Tomato Sauce
2077,2026-07-02,Diapers
2077,2026-07-02,Parmesan
2077,2026-07-02,Pasta
2077,2026-07-02,Potato Chips
2077,2026-07-02,Red Wine
2077,2026-07-02,Reusable Bag
2078,2026-10-22,Baby Wipes
2078,2026-10-22,Beer
2078,2026-10-22,Cereal
2078,2026-10-22,Diapers
2078,2026-10-22,Dish Soap
2078,2026-10-22,Eggs
2078,2026-10-22,Frozen Pizza
2078,2026-10-22,Reusable Bag
2079,2026-10-08,Apples
2079,2026-10-08,Bread
2079,2026-10-08,Butter
2079,2026-10-08,Cereal
2079,2026-10-08,Chicken Breast
2079,2026-10-08,Cucumber
2079,2026-10-08,Parmesan
2079,2026-10-08,Red Wine
2080,2026-12-29,Apples
2080,2026-12-29,Chocolate
2080,2026-12-29,Onions
2080,2026-12-29,Reusable Bag
2080,2026-12-29,Sparkling Water
2081,2026-06-24,Bananas
2081,2026-06-24,Onions
2081,2026-06-24,Reusable Bag
2082,2026-08-26,2% Milk
2082,2026-08-26,Bread
2082,2026-08-26,Carrots
2082,2026-08-26,Parmesan
2082,2026-08-26,Pasta
2082,2026-08-26,Potato Chips
2082,2026-08-26,Reusable Bag
2082,2026-08-26,Rice
2082,2026-08-26,Tomato Sauce
2083,2026-05-13,Bread
2083,2026-05-13,Carrots
2083,2026-05-13,Cheddar
2083,2026-05-13,Chocolate
2083,2026-05-13,Diapers
2083,2026-05-13,Eggs
2083,2026-05-13,Garlic
2083,2026-05-13,Pasta
2083,2026-05-13,Red Wine
2083,2026-05-13,Reusable Bag
2083,2026-05-13,Tomato Sauce
2083,2026-05-13,Tomatoes
2084,2026-11-15,2% Milk
2084,2026-11-15,Bananas
2084,2026-11-15,Bread
2084,2026-11-15,Cucumber
2084,2026-11-15,Diapers
2084,2026-11-15,Olive Oil
2084,2026-11-15,Reusable Bag
2084,2026-11-15,Yogurt
2085,2026-06-15,Baby Food
2085,2026-06-15,Burger Buns
2085,2026-06-15,Chicken Breast
2085,2026-06-15,Coffee
2085,2026-06-15,Croissants
2085,2026-06-15,Sparkling Water
2085,2026-06-15,Tea
2085,2026-06-15,Yogurt
2086,2026-11-23,Apples
2086,2026-11-23,Burger Buns
2086,2026-11-23,Charcoal
2086,2026-11-23,Chicken Breast
2086,2026-11-23,Steak
2087,2026-11-24,Burger Buns
2087,2026-11-24,Charcoal
2087,2026-11-24,Cheddar
2087,2026-11-24,Reusable Bag
2087,2026-11-24,Steak
2088,2026-12-04,Cereal
2088,2026-12-04,Chicken Breast
2088,2026-12-04,Garlic
2088,2026-12-04,Parmesan
2088,2026-12-04,Pasta
2088,2026-12-04,Reusable Bag
2088,2026-12-04,Tomato Sauce
2089,2026-12-16,Bananas
2089,2026-12-16,Charcoal
2089,2026-12-16,Coffee
2089,2026-12-16,Orange Juice
2089,2026-12-16,Reusable Bag
2089,2026-12-16,Whole Milk
2090,2026-10-23,Apples
2090,2026-10-23,Beer
2090,2026-10-23,Burger Buns
2090,2026-10-23,Charcoal
2090,2026-10-23,Dish Soap
2090,2026-10-23,Ketchup
2090,2026-10-23,Potato Chips
2090,2026-10-23,Steak
2090,2026-10-23,Tea
2090,2026-10-23,Yogurt
2091,2026-09-07,2% Milk
2091,2026-09-07,Charcoal
2091,2026-09-07,Reusable Bag
2092,2026-02-24,Carrots
2092,2026-02-24,Garlic
2092,2026-02-24,Paper Towels
2092,2026-02-24,Parmesan
2092,2026-02-24,Pasta
2092,2026-02-24,Tomato Sauce
2093,2026-06-19,Eggs
2093,2026-06-19,Reusable Bag
2093,2026-06-19,Tea
2094,2026-04-14,Apples
2094,2026-04-14,Bananas
2094,2026-04-14,Burger Buns
2094,2026-04-14,Charcoal
2094,2026-04-14,Reusable Bag
2094,2026-04-14,Tea
2095,2026-08-26,Bananas
2095,2026-08-26,Bread
2095,2026-08-26,Burger Buns
2095,2026-08-26,Cereal
2095,2026-08-26,Cheddar
2095,2026-08-26,Coffee
2095,2026-08-26,Croissants
2095,2026-08-26,Eggs
2095,2026-08-26,Reusable Bag
2095,2026-08-26,Whole Milk
2096,2026-01-03,Apples
2096,2026-01-03,Baby Wipes
2096,2026-01-03,Bread
2096,2026-01-03,Reusable Bag
2096,2026-01-03,Sparkling Water
2096,2026-01-03,Tea
2097,2026-02-13,Baby Food
2097,2026-02-13,Bananas
2097,2026-02-13,Chicken Breast
2097,2026-02-13,Garlic
2097,2026-02-13,Onions
2097,2026-02-13,Pasta
2097,2026-02-13,Red Wine
2097,2026-02-13,Reusable Bag
2097,2026-02-13,Rice
2097,2026-02-13,Steak
2098,2026-09-15,2% Milk
2098,2026-09-15,Cucumber
2098,2026-09-15,Ketchup
2098,2026-09-15,Onions
2098,2026-09-15,Red Wine
2098,2026-09-15,Reusable Bag
2099,2026-02-24,2% Milk
2099,2026-02-24,Beer
2099,2026-02-24,Burger Buns
2099,2026-02-24,Charcoal
2099,2026-02-24,Eggs
2099,2026-02-24,Ketchup
2099,2026-02-24,Onions
2099,2026-02-24,Reusable Bag
2099,2026-02-24,Steak
2099,2026-02-24,Tea
2100,2026-12-20,Beer
2100,2026-12-20,Burger Buns
2100,2026-12-20,Charcoal
2100,2026-12-20,Diapers
2100,2026-12-20,Ketchup
2100,2026-12-20,Reusable Bag
2100,2026-12-20,Steak
2100,2026-12-20,Tea
2101,2026-07-17,Butter
2101,2026-07-17,Chocolate
2101,2026-07-17,Lettuce
2101,2026-07-17,Onions
2101,2026-07-17,Potato Chips
2101,2026-07-17,Reusable Bag
2101,2026-07-17,Tea
2101,2026-07-17,Tomatoes
2102,2026-09-04,2% Milk
2102,2026-09-04,Apples
2102,2026-09-04,Baby Wipes
2102,2026-09-04,Bread
2102,2026-09-04,Reusable Bag
2102,2026-09-04,Rice
2102,2026-09-04,Yogurt
2103,2026-01-17,Apples
2103,2026-01-17,Bread
2103,2026-01-17,Chocolate
2103,2026-01-17,Coffee
2103,2026-01-17,Croissants
2103,2026-01-17,Onions
2103,2026-01-17,Reusable Bag
2103,2026-01-17,Yogurt
2104,2026-06-14,Bananas
2104,2026-06-14,Diapers
2104,2026-06-14,Onions
2104,2026-06-14,Reusable Bag
2104,2026-06-14,Yogurt
2105,2026-09-07,2% Milk
2105,2026-09-07,Apples
2105,2026-09-07,Chicken Breast
2105,2026-09-07,Croissants
2105,2026-09-07,Paper Towels
2105,2026-09-07,Reusable Bag
2105,2026-09-07,Steak
2106,2026-11-12,Apples
2106,2026-11-12,Carrots
2106,2026-11-12,Chicken Breast
2106,2026-11-12,Coffee
2106,2026-11-12,Lettuce
2106,2026-11-12,Orange Juice
2106,2026-11-12,Reusable Bag
2106,2026-11-12,Rice
2106,2026-11-12,Whole Milk
2107,2026-12-19,2% Milk
2107,2026-12-19,Chicken Breast
2107,2026-12-19,Cucumber
2107,2026-12-19,Dish Soap
2107,2026-12-19,Olive Oil
2107,2026-12-19,Reusable Bag
2107,2026-12-19,Sparkling Water
2107,2026-12-19,Tomato Sauce
2108,2026-04-24,Bread
2108,2026-04-24,Chicken Breast
2108,2026-04-24,Coffee
2108,2026-04-24,Diapers
2108,2026-04-24,Olive Oil
2108,2026-04-24,Orange Juice
2108,2026-04-24,Tomatoes
2109,2026-10-20,Butter
2109,2026-10-20,Cheddar
2109,2026-10-20,Coffee
2109,2026-10-20,Croissants
2109,2026-10-20,Orange Juice
2109,2026-10-20,Reusable Bag
2109,2026-10-20,Whole Milk
2110,2026-05-19,Cucumber
2110,2026-05-19,Frozen Pizza
2110,2026-05-19,Lettuce
2110,2026-05-19,Potato Chips
2110,2026-05-19,Reusable Bag
2110,2026-05-19,Sparkling Water
2110,2026-05-19,Tomatoes
2111,2026-01-31,Apples
2111,2026-01-31,Coffee
2111,2026-01-31,Orange Juice
2111,2026-01-31,Reusable Bag
2112,2026-01-05,Frozen Pizza
2112,2026-01-05,Onions
2112,2026-01-05,Reusable Bag
2113,2026-10-07,Bananas
2113,2026-10-07,Beer
2113,2026-10-07,Burger Buns
2113,2026-10-07,Carrots
2113,2026-10-07,Charcoal
2113,2026-10-07,Cucumber
2113,2026-10-07,Potato Chips
2113,2026-10-07,Reusable Bag
2113,2026-10-07,Sparkling Water
2113,2026-10-07,Whole Milk
2113,2026-10-07,Yogurt
2114,2026-05-03,Carrots
2114,2026-05-03,Chicken Breast
2114,2026-05-03,Cucumber
2114,2026-05-03,Eggs
2114,2026-05-03,Ketchup
2114,2026-05-03,Reusable Bag
2114,2026-05-03,Rice
2114,2026-05-03,Steak
2114,2026-05-03,Tea
2115,2026-02-09,2% Milk
2115,2026-02-09,Chocolate
2115,2026-02-09,Reusable Bag
2116,2026-06-11,Bread
2116,2026-06-11,Chicken Breast
2116,2026-06-11,Dish Soap
2116,2026-06-11,Eggs
2116,2026-06-11,Reusable Bag
2116,2026-06-11,Rice
2117,2026-01-27,Butter
2117,2026-01-27,Chocolate
2117,2026-01-27,Onions
2117,2026-01-27,Parmesan
2117,2026-01-27,Pasta
2117,2026-01-27,Red Wine
2117,2026-01-27,Reusable Bag
2117,2026-01-27,Tea
2117,2026-01-27,Yogurt
2118,2026-07-01,Apples
2118,2026-07-01,Charcoal
2118,2026-07-01,Diapers
2118,2026-07-01,Ketchup
2118,2026-07-01,Reusable Bag
2119,2026-07-18,Baby Wipes
2119,2026-07-18,Carrots
2119,2026-07-18,Diapers
2119,2026-07-18,Lettuce
2119,2026-07-18,Orange Juice
2119,2026-07-18,Reusable Bag
2120,2026-12-08,Baby Wipes
2120,2026-12-08,Diapers
2120,2026-12-08,Frozen Pizza
2120,2026-12-08,Reusable Bag
2120,2026-12-08,Tomatoes
2121,2026-12-01,Carrots
2121,2026-12-01,Chicken Breast
2121,2026-12-01,Potato Chips
2121,2026-12-01,Reusable Bag
2122,2026-01-21,Bananas
2122,2026-01-21,Beer
2122,2026-01-21,Burger Buns
2122,2026-01-21,Charcoal
2122,2026-01-21,Cheddar
2122,2026-01-21,Chicken Breast
2122,2026-01-21,Frozen Pizza
2122,2026-01-21,Ketchup
2122,2026-01-21,Onions
2122,2026-01-21,Reusable Bag
2123,2026-09-29,Apples
2123,2026-09-29,Chicken Breast
2123,2026-09-29,Potato Chips
2123,2026-09-29,Reusable Bag
2123,2026-09-29,Tea
2124,2026-06-02,Apples
2124,2026-06-02,Beer
2124,2026-06-02,Bread
2124,2026-06-02,Burger Buns
2124,2026-06-02,Carrots
2124,2026-06-02,Charcoal
2124,2026-06-02,Ketchup
2124,2026-06-02,Steak
2124,2026-06-02,Yogurt
2125,2026-05-04,Baby Wipes
2125,2026-05-04,Chocolate
2125,2026-05-04,Diapers
2125,2026-05-04,Paper Towels
2125,2026-05-04,Parmesan
2125,2026-05-04,Potato Chips
2125,2026-05-04,Sparkling Water
2126,2026-04-13,2% Milk
2126,2026-04-13,Bread
2126,2026-04-13,Coffee
2126,2026-04-13,Croissants
2126,2026-04-13,Frozen Pizza
2126,2026-04-13,Onions
2126,2026-04-13,Orange Juice
2126,2026-04-13,Paper Towels
2126,2026-04-13,Reusable Bag
2126,2026-04-13,Whole Milk
2127,2026-02-06,2% Milk
2127,2026-02-06,Baby Food
2127,2026-02-06,Bananas
2127,2026-02-06,Cereal
2127,2026-02-06,Diapers
2127,2026-02-06,Eggs
2127,2026-02-06,Frozen Pizza
2127,2026-02-06,Reusable Bag
2128,2026-05-24,Baby Wipes
2128,2026-05-24,Bananas
2128,2026-05-24,Butter
2128,2026-05-24,Chocolate
2128,2026-05-24,Diapers
2128,2026-05-24,Eggs
2128,2026-05-24,Garlic
2128,2026-05-24,Reusable Bag
2128,2026-05-24,Yogurt
2129,2026-10-12,Burger Buns
2129,2026-10-12,Charcoal
2129,2026-10-12,Cheddar
2129,2026-10-12,Chicken Breast
2129,2026-10-12,Diapers
2129,2026-10-12,Potato Chips
2129,2026-10-12,Reusable Bag
2129,2026-10-12,Steak
2129,2026-10-12,Tomato Sauce
2130,2026-03-27,Burger Buns
2130,2026-03-27,Butter
2130,2026-03-27,Lettuce
2130,2026-03-27,Olive Oil
2130,2026-03-27,Reusable Bag
2130,2026-03-27,Steak
2130,2026-03-27,Tomatoes
2131,2026-05-05,Apples
2131,2026-05-05,Bananas
2131,2026-05-05,Carrots
2131,2026-05-05,Cheddar
2131,2026-05-05,Coffee
2131,2026-05-05,Croissants
2131,2026-05-05,Potato Chips
2131,2026-05-05,Reusable Bag
2131,2026-05-05,Whole Milk
2132,2026-12-07,2% Milk
2132,2026-12-07,Garlic
2132,2026-12-07,Olive Oil
2132,2026-12-07,Orange Juice
2132,2026-12-07,Paper Towels
2132,2026-12-07,Parmesan
2132,2026-12-07,Pasta
2132,2026-12-07,Reusable Bag
2132,2026-12-07,Tea
2132,2026-12-07,Tomato Sauce
2133,2026-11-01,Apples
2133,2026-11-01,Bananas
2133,2026-11-01,Bread
2133,2026-11-01,Carrots
2133,2026-11-01,Coffee
2133,2026-11-01,Croissants
2133,2026-11-01,Orange Juice
2133,2026-11-01,Reusable Bag
2133,2026-11-01,Rice
2134,2026-12-15,Bread
2134,2026-12-15,Burger Buns
2134,2026-12-15,Charcoal
2134,2026-12-15,Cheddar
2134,2026-12-15,Chicken Breast
2134,2026-12-15,Paper Towels
2134,2026-12-15,Steak
2134,2026-12-15,Yogurt
2135,2026-06-06,Coffee
2135,2026-06-06,Croissants
2135,2026-06-06,Red Wine
2135,2026-06-06,Reusable Bag
2135,2026-06-06,Sparkling Water
2136,2026-01-08,Burger Buns
2136,2026-01-08,Coffee
2136,2026-01-08,Onions
2136,2026-01-08,Orange Juice
2136,2026-01-08,Potato Chips
2136,2026-01-08,Reusable Bag
2136,2026-01-08,Whole Milk
2137,2026-02-24,Bananas
2137,2026-02-24,Bread
2137,2026-02-24,Chicken Breast
2137,2026-02-24,Coffee
2137,2026-02-24,Eggs
2137,2026-02-24,Lettuce
2137,2026-02-24,Parmesan
2137,2026-02-24,Pasta
2137,2026-02-24,Reusable Bag
2137,2026-02-24,Tomato Sauce
2138,2026-01-30,Bananas
2138,2026-01-30,Bread
2138,2026-01-30,Reusable Bag
2139,2026-05-17,Paper Towels
2139,2026-05-17,Reusable Bag
2139,2026-05-17,Tea
2139,2026-05-17,Yogurt
2140,2026-08-02,Bread
2140,2026-08-02,Carrots
2140,2026-08-02,Eggs
2140,2026-08-02,Tea
2140,2026-08-02,Yogurt
2141,2026-05-23,Cereal
2141,2026-05-23,Coffee
2141,2026-05-23,Croissants
2141,2026-05-23,Orange Juice
2141,2026-05-23,Reusable Bag
2142,2026-11-29,Baby Wipes
2142,2026-11-29,Beer
2142,2026-11-29,Butter
2142,2026-11-29,Carrots
2142,2026-11-29,Chocolate
2142,2026-11-29,Coffee
2142,2026-11-29,Diapers
2142,2026-11-29,Eggs
2142,2026-11-29,Red Wine
2142,2026-11-29,Reusable Bag
2143,2026-11-27,2% Milk
2143,2026-11-27,Cheddar
2143,2026-11-27,Cucumber
2143,2026-11-27,Lettuce
2143,2026-11-27,Reusable Bag
2143,2026-11-27,Tomatoes
2144,2026-12-02,Burger Buns
2144,2026-12-02,Charcoal
2144,2026-12-02,Chicken Breast
2144,2026-12-02,Chocolate
2144,2026-12-02,Coffee
2144,2026-12-02,Ketchup
2144,2026-12-02,Reusable Bag
2144,2026-12-02,Steak
2145,2026-04-22,2% Milk
2146,2026-03-06,Bananas
2146,2026-03-06,Bread
2146,2026-03-06,Croissants
2146,2026-03-06,Eggs
2146,2026-03-06,Potato Chips
2146,2026-03-06,Reusable Bag
2147,2026-02-07,Bread
2147,2026-02-07,Cheddar
2147,2026-02-07,Chicken Breast
2147,2026-02-07,Parmesan
2147,2026-02-07,Pasta
2147,2026-02-07,Reusable Bag
2147,2026-02-07,Tomato Sauce
2148,2026-06-28,Baby Wipes
2148,2026-06-28,Bananas
2148,2026-06-28,Bread
2148,2026-06-28,Carrots
2148,2026-06-28,Cucumber
2148,2026-06-28,Lettuce
2148,2026-06-28,Reusable Bag
2148,2026-06-28,Sparkling Water
2148,2026-06-28,Tea
2149,2026-12-01,Eggs
2149,2026-12-01,Reusable Bag
2150,2026-09-09,Reusable Bag
2150,2026-09-09,Sparkling Water
2151,2026-11-05,Bananas
2151,2026-11-05,Eggs
2151,2026-11-05,Parmesan
2151,2026-11-05,Pasta
2151,2026-11-05,Potato Chips
2151,2026-11-05,Reusable Bag
2151,2026-11-05,Sparkling Water
2151,2026-11-05,Tomato Sauce
2151,2026-11-05,Yogurt
2152,2026-08-19,2% Milk
2152,2026-08-19,Apples
2152,2026-08-19,Beer
2152,2026-08-19,Burger Buns
2152,2026-08-19,Charcoal
2152,2026-08-19,Olive Oil
2152,2026-08-19,Onions
2152,2026-08-19,Potato Chips
2152,2026-08-19,Reusable Bag
2152,2026-08-19,Rice
2152,2026-08-19,Steak
2152,2026-08-19,Tomatoes
2153,2026-01-24,2% Milk
2153,2026-01-24,Baby Food
2153,2026-01-24,Burger Buns
2153,2026-01-24,Charcoal
2153,2026-01-24,Cheddar
2153,2026-01-24,Ketchup
2153,2026-01-24,Reusable Bag
2153,2026-01-24,Steak
2154,2026-06-20,Butter
2154,2026-06-20,Charcoal
2154,2026-06-20,Reusable Bag
2154,2026-06-20,Tea
2154,2026-06-20,Yogurt
2155,2026-06-16,Beer
2155,2026-06-16,Burger Buns
2155,2026-06-16,Carrots
2155,2026-06-16,Charcoal
2155,2026-06-16,Reusable Bag
2155,2026-06-16,Steak
2156,2026-05-01,Bread
2156,2026-05-01,Burger Buns
2156,2026-05-01,Cucumber
2156,2026-05-01,Frozen Pizza
2156,2026-05-01,Ketchup
2156,2026-05-01,Lettuce
2156,2026-05-01,Tomatoes
2157,2026-11-24,Baby Food
2157,2026-11-24,Beer
2157,2026-11-24,Bread
2157,2026-11-24,Lettuce
2157,2026-11-24,Reusable Bag
2157,2026-11-24,Yogurt
2158,2026-07-02,Charcoal
2158,2026-07-02,Chicken Breast
2158,2026-07-02,Frozen Pizza
2158,2026-07-02,Ketchup
2158,2026-07-02,Onions
2158,2026-07-02,Orange Juice
2158,2026-07-02,Potato Chips
2158,2026-07-02,Reusable Bag
2158,2026-07-02,Steak
2159,2026-02-27,Baby Wipes
2159,2026-02-27,Beer
2159,2026-02-27,Cheddar
2159,2026-02-27,Chocolate
2159,2026-02-27,Croissants
2159,2026-02-27,Diapers
2159,2026-02-27,Dish Soap
2159,2026-02-27,Garlic
2159,2026-02-27,Reusable Bag
2159,2026-02-27,Rice
2160,2026-06-09,Baby Wipes
2160,2026-06-09,Beer
2160,2026-06-09,Cereal
2160,2026-06-09,Diapers
2160,2026-06-09,Eggs
2160,2026-06-09,Garlic
2160,2026-06-09,Reusable Bag
2160,2026-06-09,Rice
2161,2026-08-18,Apples
2161,2026-08-18,Bread
2161,2026-08-18,Coffee
2161,2026-08-18,Frozen Pizza
2161,2026-08-18,Paper Towels
2161,2026-08-18,Pasta
2161,2026-08-18,Reusable Bag
2161,2026-08-18,Tomatoes
2161,2026-08-18,Whole Milk
2161,2026-08-18,Yogurt
2162,2026-09-02,Dish Soap
2162,2026-09-02,Reusable Bag
2162,2026-09-02,Sparkling Water
2163,2026-06-11,Bananas
2163,2026-06-11,Cereal
2163,2026-06-11,Chicken Breast
2163,2026-06-11,Eggs
2163,2026-06-11,Yogurt
2164,2026-12-06,2% Milk
2164,2026-12-06,Bread
2164,2026-12-06,Cereal
2164,2026-12-06,Cheddar
2164,2026-12-06,Pasta
2164,2026-12-06,Potato Chips
2164,2026-12-06,Red Wine
2164,2026-12-06,Tomato Sauce
2165,2026-04-30,Apples
2165,2026-04-30,Chicken Breast
2165,2026-04-30,Paper Towels
2165,2026-04-30,Parmesan
2165,2026-04-30,Pasta
2165,2026-04-30,Red Wine
2165,2026-04-30,Reusable Bag
2165,2026-04-30,Tomato Sauce
2166,2026-03-08,Apples
2166,2026-03-08,Burger Buns
2166,2026-03-08,Charcoal
2166,2026-03-08,Ketchup
2166,2026-03-08,Reusable Bag
2166,2026-03-08,Steak
2167,2026-10-15,Beer
2167,2026-10-15,Burger Buns
2167,2026-10-15,Charcoal
2167,2026-10-15,Chocolate
2167,2026-10-15,Cucumber
2167,2026-10-15,Ketchup
2167,2026-10-15,Reusable Bag
2167,2026-10-15,Steak
2167,2026-10-15,Tomato Sauce
2168,2026-05-14,Coffee
2168,2026-05-14,Orange Juice
2168,2026-05-14,Potato Chips
2168,2026-05-14,Reusable Bag
2168,2026-05-14,Whole Milk
2169,2026-04-13,Butter
2169,2026-04-13,Lettuce
2169,2026-04-13,Olive Oil
2169,2026-04-13,Reusable Bag
2169,2026-04-13,Tomatoes
2169,2026-04-13,Yogurt
2170,2026-08-23,Carrots
2170,2026-08-23,Dish Soap
2170,2026-08-23,Garlic
2170,2026-08-23,Parmesan
2170,2026-08-23,Pasta
2170,2026-08-23,Red Wine
2170,2026-08-23,Reusable Bag
2170,2026-08-23,Tomato Sauce
2171,2026-06-28,Apples
2171,2026-06-28,Bread
2171,2026-06-28,Cereal
2171,2026-06-28,Croissants
2171,2026-06-28,Pasta
2171,2026-06-28,Reusable Bag
2171,2026-06-28,Whole Milk
2171,2026-06-28,Yogurt
2172,2026-06-12,Bananas
2172,2026-06-12,Eggs
2172,2026-06-12,Garlic
2172,2026-06-12,Paper Towels
2172,2026-06-12,Parmesan
2172,2026-06-12,Pasta
2172,2026-06-12,Red Wine
2172,2026-06-12,Reusable Bag
2172,2026-06-12,Sparkling Water
2173,2026-06-29,Apples
2173,2026-06-29,Beer
2173,2026-06-29,Burger Buns
2173,2026-06-29,Carrots
2173,2026-06-29,Charcoal
2173,2026-06-29,Red Wine
2173,2026-06-29,Reusable Bag
2173,2026-06-29,Steak
2173,2026-06-29,Tomato Sauce
2174,2026-09-09,Apples
2174,2026-09-09,Pasta
2174,2026-09-09,Red Wine
2174,2026-09-09,Reusable Bag
2174,2026-09-09,Rice
2174,2026-09-09,Tomato Sauce
2175,2026-06-02,Burger Buns
2175,2026-06-02,Carrots
2175,2026-06-02,Charcoal
2175,2026-06-02,Chicken Breast
2175,2026-06-02,Chocolate
2175,2026-06-02,Coffee
2175,2026-06-02,Eggs
2175,2026-06-02,Garlic
2175,2026-06-02,Ketchup
2175,2026-06-02,Onions
2175,2026-06-02,Parmesan
2175,2026-06-02,Reusable Bag
2175,2026-06-02,Steak
2176,2026-11-26,Apples
2176,2026-11-26,Beer
2176,2026-11-26,Chicken Breast
2176,2026-11-26,Chocolate
2176,2026-11-26,Parmesan
2176,2026-11-26,Pasta
2176,2026-11-26,Potato Chips
2176,2026-11-26,Red Wine
2176,2026-11-26,Reusable Bag
2176,2026-11-26,Tomato Sauce
2176,2026-11-26,Yogurt
2177,2026-03-25,Carrots
2177,2026-03-25,Coffee
2177,2026-03-25,Paper Towels
2177,2026-03-25,Reusable Bag
2177,2026-03-25,Whole Milk
2178,2026-07-11,Baby Food
2178,2026-07-11,Bread
2178,2026-07-11,Parmesan
2178,2026-07-11,Pasta
2178,2026-07-11,Reusable Bag
2178,2026-07-11,Tomato Sauce
2179,2026-03-03,Beer
2179,2026-03-03,Charcoal
2179,2026-03-03,Reusable Bag
2179,2026-03-03,Rice
2179,2026-03-03,Steak
2180,2026-08-10,Bananas
2180,2026-08-10,Garlic
2180,2026-08-10,Parmesan
2180,2026-08-10,Pasta
2180,2026-08-10,Potato Chips
2180,2026-08-10,Red Wine
2180,2026-08-10,Reusable Bag
2180,2026-08-10,Tomato Sauce
2181,2026-02-25,Chicken Breast
2181,2026-02-25,Parmesan
2181,2026-02-25,Pasta
2181,2026-02-25,Reusable Bag
2182,2026-06-10,Burger Buns
2182,2026-06-10,Charcoal
2182,2026-06-10,Chicken Breast
2182,2026-06-10,Ketchup
2182,2026-06-10,Reusable Bag
2182,2026-06-10,Steak
2183,2026-05-15,Frozen Pizza
2184,2026-11-02,Baby Food
2184,2026-11-02,Baby Wipes
2184,2026-11-02,Beer
2184,2026-11-02,Carrots
2184,2026-11-02,Diapers
2184,2026-11-02,Lettuce
2184,2026-11-02,Reusable Bag
2185,2026-08-28,Bread
2185,2026-08-28,Coffee
2185,2026-08-28,Croissants
2185,2026-08-28,Eggs
2185,2026-08-28,Reusable Bag
2185,2026-08-28,Whole Milk
2186,2026-08-22,Bread
2186,2026-08-22,Chicken Breast
2187,2026-03-05,Bananas
2187,2026-03-05,Chocolate
2187,2026-03-05,Eggs
2187,2026-03-05,Reusable Bag
2187,2026-03-05,Tea
2188,2026-09-04,Frozen Pizza
2188,2026-09-04,Ketchup
2188,2026-09-04,Orange Juice
2188,2026-09-04,Whole Milk
2189,2026-04-25,Coffee
2189,2026-04-25,Reusable Bag
2189,2026-04-25,Rice
2190,2026-03-18,Burger Buns
2190,2026-03-18,Carrots
2190,2026-03-18,Charcoal
2190,2026-03-18,Frozen Pizza
2190,2026-03-18,Ketchup
2190,2026-03-18,Reusable Bag
2190,2026-03-18,Rice
2190,2026-03-18,Steak
2191,2026-10-28,2% Milk
2191,2026-10-28,Baby Wipes
2191,2026-10-28,Dish Soap
2191,2026-10-28,Garlic
2191,2026-10-28,Pasta
2191,2026-10-28,Red Wine
2191,2026-10-28,Reusable Bag
2191,2026-10-28,Tomato Sauce
2191,2026-10-28,Tomatoes
2192,2026-04-13,Bananas
2192,2026-04-13,Chocolate
2192,2026-04-13,Eggs
2192,2026-04-13,Reusable Bag
2192,2026-04-13,Sparkling Water
2192,2026-04-13,Tea
2193,2026-04-18,Coffee
2193,2026-04-18,Croissants
2193,2026-04-18,Onions
2193,2026-04-18,Reusable Bag
2193,2026-04-18,Whole Milk
2194,2026-06-14,Coffee
2194,2026-06-14,Croissants
2194,2026-06-14,Onions
2194,2026-06-14,Orange Juice
2194,2026-06-14,Paper Towels
2194,2026-06-14,Tea
2194,2026-06-14,Whole Milk
2195,2026-12-21,2% Milk
2195,2026-12-21,Apples
2195,2026-12-21,Baby Food
2195,2026-12-21,Baby Wipes
2195,2026-12-21,Beer
2195,2026-12-21,Bread
2195,2026-12-21,Diapers
2195,2026-12-21,Reusable Bag
2196,2026-05-27,Bananas
2196,2026-05-27,Cheddar
2196,2026-05-27,Coffee
2196,2026-05-27,Croissants
2196,2026-05-27,Dish Soap
2196,2026-05-27,Eggs
2196,2026-05-27,Potato Chips
2196,2026-05-27,Reusable Bag
2197,2026-03-11,Burger Buns
2197,2026-03-11,Butter
2197,2026-03-11,Cereal
2197,2026-03-11,Charcoal
2197,2026-03-11,Chicken Breast
2197,2026-03-11,Ketchup
2197,2026-03-11,Reusable Bag
2197,2026-03-11,Steak
2198,2026-02-17,Baby Food
2198,2026-02-17,Baby Wipes
2198,2026-02-17,Bananas
2198,2026-02-17,Beer
2198,2026-02-17,Diapers
2198,2026-02-17,Reusable Bag
2198,2026-02-17,Tea
2199,2026-02-24,2% Milk
2199,2026-02-24,Carrots
2199,2026-02-24,Cereal
2199,2026-02-24,Cheddar
2199,2026-02-24,Lettuce
2199,2026-02-24,Reusable Bag
2199,2026-02-24,Tomatoes
2200,2026-03-23,Apples
2200,2026-03-23,Baby Food
2200,2026-03-23,Baby Wipes
2200,2026-03-23,Cereal
2200,2026-03-23,Chocolate
2200,2026-03-23,Diapers
2200,2026-03-23,Reusable Bag
2201,2026-05-31,Burger Buns
2201,2026-05-31,Cereal
2201,2026-05-31,Charcoal
2201,2026-05-31,Garlic
2201,2026-05-31,Ketchup
2201,2026-05-31,Reusable Bag
2201,2026-05-31,Rice
2201,2026-05-31,Steak
2201,2026-05-31,Tomatoes
2202,2026-06-19,Charcoal
2202,2026-06-19,Dish Soap
2202,2026-06-19,Lettuce
2202,2026-06-19,Reusable Bag
2203,2026-02-06,Cheddar
2203,2026-02-06,Chicken Breast
2203,2026-02-06,Pasta
2203,2026-02-06,Red Wine
2203,2026-02-06,Reusable Bag
2203,2026-02-06,Tomato Sauce
2204,2026-09-04,Pasta
2204,2026-09-04,Red Wine
2204,2026-09-04,Reusable Bag
2204,2026-09-04,Sparkling Water
2204,2026-09-04,Tomato Sauce
2204,2026-09-04,Tomatoes
2205,2026-03-31,Carrots
2205,2026-03-31,Cheddar
2205,2026-03-31,Chocolate
2205,2026-03-31,Parmesan
2205,2026-03-31,Pasta
2205,2026-03-31,Red Wine
2206,2026-02-06,Apples
2206,2026-02-06,Chicken Breast
2206,2026-02-06,Dish Soap
2206,2026-02-06,Lettuce
2206,2026-02-06,Olive Oil
2206,2026-02-06,Reusable Bag
2206,2026-02-06,Sparkling Water
2206,2026-02-06,Tomatoes
2207,2026-04-06,Baby Wipes
2207,2026-04-06,Onions
2207,2026-04-06,Reusable Bag
2208,2026-05-28,2% Milk
2208,2026-05-28,Bread
2208,2026-05-28,Carrots
2208,2026-05-28,Reusable Bag
2208,2026-05-28,Rice
2209,2026-04-29,Bread
2209,2026-04-29,Cereal
2209,2026-04-29,Chicken Breast
2209,2026-04-29,Cucumber
2209,2026-04-29,Lettuce
2209,2026-04-29,Olive Oil
2209,2026-04-29,Reusable Bag
2209,2026-04-29,Sparkling Water
2209,2026-04-29,Steak
2209,2026-04-29,Tomatoes
2210,2026-12-09,Carrots
2210,2026-12-09,Cereal
2210,2026-12-09,Coffee
2210,2026-12-09,Eggs
2210,2026-12-09,Onions
2210,2026-12-09,Orange Juice
2210,2026-12-09,Reusable Bag
2211,2026-03-24,Apples
2211,2026-03-24,Cheddar
2211,2026-03-24,Dish Soap
2211,2026-03-24,Eggs
2211,2026-03-24,Frozen Pizza
2211,2026-03-24,Lettuce
2211,2026-03-24,Olive Oil
2211,2026-03-24,Reusable Bag
2212,2026-06-24,Bananas
2212,2026-06-24,Paper Towels
2212,2026-06-24,Reusable Bag
2213,2026-11-14,Apples
2213,2026-11-14,Bananas
2213,2026-11-14,Bread
2213,2026-11-14,Cucumber
2213,2026-11-14,Lettuce
2213,2026-11-14,Reusable Bag
2214,2026-05-20,Apples
2214,2026-05-20,Garlic
2214,2026-05-20,Pasta
2214,2026-05-20,Red Wine
2214,2026-05-20,Reusable Bag
2214,2026-05-20,Tomato Sauce
2215,2026-06-21,Bananas
2215,2026-06-21,Bread
2215,2026-06-21,Carrots
2215,2026-06-21,Chocolate
2215,2026-06-21,Garlic
2215,2026-06-21,Lettuce
2215,2026-06-21,Parmesan
2215,2026-06-21,Reusable Bag
2215,2026-06-21,Tomatoes
2216,2026-03-15,Baby Food
2216,2026-03-15,Baby Wipes
2216,2026-03-15,Bananas
2216,2026-03-15,Bread
2216,2026-03-15,Cereal
2216,2026-03-15,Diapers
2216,2026-03-15,Reusable Bag
2216,2026-03-15,Saffron
2216,2026-03-15,Yogurt
2217,2026-12-23,Apples
2217,2026-12-23,Bread
2217,2026-12-23,Chocolate
2217,2026-12-23,Coffee
2217,2026-12-23,Croissants
2217,2026-12-23,Eggs
2217,2026-12-23,Reusable Bag
2217,2026-12-23,Tea
2218,2026-07-14,Dish Soap
2218,2026-07-14,Reusable Bag
2218,2026-07-14,Yogurt
2219,2026-12-19,2% Milk
2219,2026-12-19,Bananas
2219,2026-12-19,Bread
2219,2026-12-19,Butter
2219,2026-12-19,Dish Soap
2219,2026-12-19,Garlic
2219,2026-12-19,Parmesan
2219,2026-12-19,Pasta
2219,2026-12-19,Red Wine
2219,2026-12-19,Tomato Sauce
2220,2026-06-11,Bananas
2220,2026-06-11,Garlic
2220,2026-06-11,Pasta
2220,2026-06-11,Red Wine
2220,2026-06-11,Tomato Sauce
2221,2026-09-30,Bread
2221,2026-09-30,Burger Buns
2221,2026-09-30,Chicken Breast
2221,2026-09-30,Chocolate
2221,2026-09-30,Croissants
2221,2026-09-30,Dish Soap
2221,2026-09-30,Frozen Pizza
2221,2026-09-30,Ketchup
2221,2026-09-30,Reusable Bag
2222,2026-03-22,2% Milk
2222,2026-03-22,Bananas
2222,2026-03-22,Coffee
2222,2026-03-22,Croissants
2222,2026-03-22,Reusable Bag
2223,2026-09-27,2% Milk
2223,2026-09-27,Bread
2223,2026-09-27,Carrots
2223,2026-09-27,Cheddar
2223,2026-09-27,Cucumber
2223,2026-09-27,Ketchup
2223,2026-09-27,Lettuce
2223,2026-09-27,Orange Juice
2223,2026-09-27,Reusable Bag
2223,2026-09-27,Rice
2223,2026-09-27,Tomato Sauce
2223,2026-09-27,Tomatoes
2224,2026-01-21,Coffee
2224,2026-01-21,Croissants
2224,2026-01-21,Dish Soap
2224,2026-01-21,Eggs
2224,2026-01-21,Ketchup
2224,2026-01-21,Orange Juice
2224,2026-01-21,Reusable Bag
2224,2026-01-21,Tomato Sauce
2225,2026-03-05,Bread
2225,2026-03-05,Carrots
2225,2026-03-05,Coffee
2225,2026-03-05,Croissants
2225,2026-03-05,Parmesan
2225,2026-03-05,Pasta
2225,2026-03-05,Potato Chips
2225,2026-03-05,Red Wine
2225,2026-03-05,Reusable Bag
2225,2026-03-05,Steak
2225,2026-03-05,Tomato Sauce
2225,2026-03-05,Yogurt
2226,2026-07-24,Bananas
2226,2026-07-24,Beer
2226,2026-07-24,Burger Buns
2226,2026-07-24,Charcoal
2226,2026-07-24,Cheddar
2226,2026-07-24,Chicken Breast
2226,2026-07-24,Cucumber
2226,2026-07-24,Ketchup
2226,2026-07-24,Reusable Bag
2226,2026-07-24,Sparkling Water
2226,2026-07-24,Steak
2227,2026-03-07,Chicken Breast
2228,2026-07-07,Beer
2228,2026-07-07,Burger Buns
2228,2026-07-07,Carrots
2228,2026-07-07,Charcoal
2228,2026-07-07,Steak
2228,2026-07-07,Yogurt
2229,2026-07-06,2% Milk
2229,2026-07-06,Baby Wipes
2229,2026-07-06,Cheddar
2229,2026-07-06,Diapers
2229,2026-07-06,Dish Soap
2229,2026-07-06,Onions
2229,2026-07-06,Reusable Bag
2229,2026-07-06,Yogurt
2230,2026-03-20,Apples
2230,2026-03-20,Chicken Breast
2230,2026-03-20,Eggs
2230,2026-03-20,Ketchup
2230,2026-03-20,Reusable Bag
2231,2026-10-19,Chicken Breast
2231,2026-10-19,Reusable Bag
2231,2026-10-19,Sparkling Water
2232,2026-07-10,Baby Wipes
2232,2026-07-10,Chicken Breast
2232,2026-07-10,Chocolate
2232,2026-07-10,Paper Towels
2232,2026-07-10,Reusable Bag
2233,2026-05-09,Beer
2233,2026-05-09,Burger Buns
2233,2026-05-09,Charcoal
2233,2026-05-09,Eggs
2233,2026-05-09,Ketchup
2233,2026-05-09,Reusable Bag
2233,2026-05-09,Steak
2234,2026-05-19,Apples
2234,2026-05-19,Baby Wipes
2234,2026-05-19,Beer
2234,2026-05-19,Cheddar
2234,2026-05-19,Diapers
2234,2026-05-19,Ketchup
2234,2026-05-19,Reusable Bag
2234,2026-05-19,Tea
2235,2026-03-08,2% Milk
2235,2026-03-08,Bread
2235,2026-03-08,Cereal
2235,2026-03-08,Reusable Bag
2235,2026-03-08,Steak
2235,2026-03-08,Whole Milk
2236,2026-05-17,Burger Buns
2236,2026-05-17,Cereal
2236,2026-05-17,Charcoal
2236,2026-05-17,Chicken Breast
2236,2026-05-17,Chocolate
2236,2026-05-17,Ketchup
2236,2026-05-17,Reusable Bag
2236,2026-05-17,Sparkling Water
2237,2026-05-07,Apples
2237,2026-05-07,Butter
2237,2026-05-07,Cereal
2237,2026-05-07,Chocolate
2237,2026-05-07,Parmesan
2237,2026-05-07,Pasta
2237,2026-05-07,Sparkling Water
2237,2026-05-07,Tomato Sauce
2238,2026-02-26,Apples
2238,2026-02-26,Baby Wipes
2238,2026-02-26,Beer
2238,2026-02-26,Bread
2238,2026-02-26,Butter
2238,2026-02-26,Charcoal
2238,2026-02-26,Diapers
2238,2026-02-26,Paper Towels
2238,2026-02-26,Reusable Bag
2238,2026-02-26,Rice
2238,2026-02-26,Steak
2239,2026-09-17,Apples
2239,2026-09-17,Baby Wipes
2239,2026-09-17,Bread
2239,2026-09-17,Chocolate
2239,2026-09-17,Dish Soap
2239,2026-09-17,Lettuce
2239,2026-09-17,Olive Oil
2239,2026-09-17,Orange Juice
2239,2026-09-17,Potato Chips
2239,2026-09-17,Reusable Bag
2240,2026-08-10,Apples
2240,2026-08-10,Cheddar
2240,2026-08-10,Dish Soap
2240,2026-08-10,Eggs
2241,2026-07-18,Baby Wipes
2241,2026-07-18,Bananas
2241,2026-07-18,Beer
2241,2026-07-18,Garlic
2241,2026-07-18,Onions
2241,2026-07-18,Parmesan
2241,2026-07-18,Pasta
2241,2026-07-18,Red Wine
2241,2026-07-18,Reusable Bag
2241,2026-07-18,Tomato Sauce
2242,2026-07-11,Baby Wipes
2242,2026-07-11,Bananas
2242,2026-07-11,Beer
2242,2026-07-11,Burger Buns
2242,2026-07-11,Charcoal
2242,2026-07-11,Olive Oil
2242,2026-07-11,Parmesan
2242,2026-07-11,Reusable Bag
2242,2026-07-11,Steak
2242,2026-07-11,Tea
2243,2026-03-20,2% Milk
2243,2026-03-20,Apples
2243,2026-03-20,Bananas
2243,2026-03-20,Beer
2243,2026-03-20,Burger Buns
2243,2026-03-20,Charcoal
2243,2026-03-20,Chicken Breast
2243,2026-03-20,Ketchup
2243,2026-03-20,Onions
2243,2026-03-20,Reusable Bag
2243,2026-03-20,Steak
2244,2026-10-29,2% Milk
2244,2026-10-29,Baby Wipes
2244,2026-10-29,Bread
2244,2026-10-29,Burger Buns
2244,2026-10-29,Butter
2244,2026-10-29,Paper Towels
2244,2026-10-29,Reusable Bag
2244,2026-10-29,Rice
2245,2026-12-17,Bananas
2245,2026-12-17,Carrots
2245,2026-12-17,Cereal
2245,2026-12-17,Garlic
2245,2026-12-17,Parmesan
2245,2026-12-17,Pasta
2245,2026-12-17,Red Wine
2245,2026-12-17,Reusable Bag
2245,2026-12-17,Rice
2245,2026-12-17,Tomato Sauce
2245,2026-12-17,Yogurt
2246,2026-02-03,Bananas
2246,2026-02-03,Bread
2246,2026-02-03,Cheddar
2246,2026-02-03,Garlic
2246,2026-02-03,Potato Chips
2246,2026-02-03,Reusable Bag
2246,2026-02-03,Sparkling Water
2247,2026-08-26,2% Milk
2247,2026-08-26,Bananas
2247,2026-08-26,Chicken Breast
2247,2026-08-26,Lettuce
2247,2026-08-26,Olive Oil
2247,2026-08-26,Reusable Bag
2247,2026-08-26,Tomatoes
2248,2026-02-24,Baby Wipes
2248,2026-02-24,Cheddar
2248,2026-02-24,Cucumber
2248,2026-02-24,Dish Soap
2248,2026-02-24,Lettuce
2248,2026-02-24,Olive Oil
2248,2026-02-24,Paper Towels
2248,2026-02-24,Pasta
2248,2026-02-24,Reusable Bag
2248,2026-02-24,Rice
2248,2026-02-24,Sparkling Water
2248,2026-02-24,Tomatoes
2249,2026-10-30,Baby Wipes
2249,2026-10-30,Burger Buns
2249,2026-10-30,Cereal
2249,2026-10-30,Chicken Breast
2249,2026-10-30,Diapers
2249,2026-10-30,Potato Chips
2249,2026-10-30,Reusable Bag
2249,2026-10-30,Steak
2250,2026-06-25,Bread
2250,2026-06-25,Chocolate
2250,2026-06-25,Lettuce
2250,2026-06-25,Reusable Bag
2250,2026-06-25,Rice
2250,2026-06-25,Tea
2250,2026-06-25,Tomatoes
2251,2026-01-22,2% Milk
2251,2026-01-22,Bananas
2251,2026-01-22,Paper Towels
2251,2026-01-22,Pasta
2251,2026-01-22,Reusable Bag
2251,2026-01-22,Rice
2251,2026-01-22,Tomato Sauce
2252,2026-03-20,Baby Food
2252,2026-03-20,Bread
2252,2026-03-20,Coffee
2252,2026-03-20,Orange Juice
2252,2026-03-20,Parmesan
2253,2026-01-18,2% Milk
2253,2026-01-18,Cereal
2253,2026-01-18,Cheddar
2253,2026-01-18,Chicken Breast
2253,2026-01-18,Chocolate
2253,2026-01-18,Coffee
2253,2026-01-18,Orange Juice
2253,2026-01-18,Reusable Bag
2253,2026-01-18,Whole Milk
2254,2026-10-21,Butter
2254,2026-10-21,Chicken Breast
2254,2026-10-21,Lettuce
2254,2026-10-21,Reusable Bag
2254,2026-10-21,Tomatoes
2255,2026-07-12,Bread
2255,2026-07-12,Cheddar
2255,2026-07-12,Chicken Breast
2255,2026-07-12,Coffee
2255,2026-07-12,Orange Juice
2255,2026-07-12,Potato Chips
2255,2026-07-12,Reusable Bag
2255,2026-07-12,Whole Milk
2256,2026-02-24,Apples
2256,2026-02-24,Baby Food
2256,2026-02-24,Baby Wipes
2256,2026-02-24,Beer
2256,2026-02-24,Butter
2256,2026-02-24,Diapers
2256,2026-02-24,Onions
2256,2026-02-24,Reusable Bag
2256,2026-02-24,Sparkling Water
2256,2026-02-24,Tea
2257,2026-12-03,Bread
2257,2026-12-03,Lettuce
2257,2026-12-03,Reusable Bag
2257,2026-12-03,Tomatoes
2258,2026-09-24,Bananas
2258,2026-09-24,Chicken Breast
2258,2026-09-24,Lettuce
2258,2026-09-24,Pasta
2258,2026-09-24,Red Wine
2258,2026-09-24,Reusable Bag
2258,2026-09-24,Sparkling Water
2258,2026-09-24,Tomato Sauce
2259,2026-06-11,Beer
2259,2026-06-11,Burger Buns
2259,2026-06-11,Butter
2259,2026-06-11,Charcoal
2259,2026-06-11,Chocolate
2259,2026-06-11,Olive Oil
2259,2026-06-11,Reusable Bag
2259,2026-06-11,Rice
2259,2026-06-11,Steak
2260,2026-05-28,2% Milk
2260,2026-05-28,Chicken Breast
2260,2026-05-28,Coffee
2260,2026-05-28,Croissants
2260,2026-05-28,Orange Juice
2260,2026-05-28,Paper Towels
2260,2026-05-28,Reusable Bag
2260,2026-05-28,Whole Milk
2261,2026-12-25,Garlic
2261,2026-12-25,Pasta
2261,2026-12-25,Reusable Bag
2261,2026-12-25,Tea
2262,2026-11-19,Apples
2262,2026-11-19,Bread
2262,2026-11-19,Garlic
2262,2026-11-19,Parmesan
2262,2026-11-19,Pasta
2262,2026-11-19,Reusable Bag
2262,2026-11-19,Rice
2263,2026-02-28,Apples
2263,2026-02-28,Cheddar
2263,2026-02-28,Coffee
2263,2026-02-28,Croissants
2263,2026-02-28,Onions
2263,2026-02-28,Reusable Bag
2263,2026-02-28,Whole Milk
2263,2026-02-28,Yogurt
2264,2026-02-13,Apples
2264,2026-02-13,Butter
2264,2026-02-13,Croissants
2264,2026-02-13,Garlic
2264,2026-02-13,Onions
2264,2026-02-13,Parmesan
2264,2026-02-13,Pasta
2264,2026-02-13,Potato Chips
2264,2026-02-13,Tomato Sauce
2265,2026-11-03,Cereal
2265,2026-11-03,Cucumber
2265,2026-11-03,Diapers
2265,2026-11-03,Ketchup
2265,2026-11-03,Lettuce
2265,2026-11-03,Reusable Bag
2265,2026-11-03,Rice
2265,2026-11-03,Sparkling Water
2265,2026-11-03,Tomatoes
2266,2026-08-28,Bread
2266,2026-08-28,Coffee
2266,2026-08-28,Croissants
2266,2026-08-28,Eggs
2266,2026-08-28,Orange Juice
2266,2026-08-28,Reusable Bag
2267,2026-04-23,Bread
2267,2026-04-23,Eggs
2267,2026-04-23,Parmesan
2267,2026-04-23,Reusable Bag
2267,2026-04-23,Tomato Sauce
2268,2026-07-03,Cereal
2268,2026-07-03,Parmesan
2268,2026-07-03,Pasta
2268,2026-07-03,Tomato Sauce
2269,2026-10-14,Diapers
2269,2026-10-14,Dish Soap
2269,2026-10-14,Frozen Pizza
2269,2026-10-14,Paper Towels
2269,2026-10-14,Reusable Bag
2270,2026-09-05,Baby Food
2270,2026-09-05,Chicken Breast
2270,2026-09-05,Croissants
2270,2026-09-05,Lettuce
2270,2026-09-05,Olive Oil
2270,2026-09-05,Reusable Bag
2270,2026-09-05,Sparkling Water
2270,2026-09-05,Tomatoes
2271,2026-03-03,Burger Buns
2271,2026-03-03,Charcoal
2271,2026-03-03,Steak
2271,2026-03-03,Yogurt
2272,2026-09-25,Reusable Bag
2272,2026-09-25,Tea
2273,2026-01-17,2% Milk
2273,2026-01-17,Baby Wipes
2273,2026-01-17,Carrots
2273,2026-01-17,Coffee
2273,2026-01-17,Croissants
2273,2026-01-17,Orange Juice
2273,2026-01-17,Reusable Bag
2274,2026-07-11,Bread
2274,2026-07-11,Charcoal
2274,2026-07-11,Chicken Breast
2274,2026-07-11,Chocolate
2274,2026-07-11,Cucumber
2274,2026-07-11,Eggs
2274,2026-07-11,Lettuce
2274,2026-07-11,Olive Oil
2274,2026-07-11,Reusable Bag
2274,2026-07-11,Rice
2274,2026-07-11,Tomato Sauce
2275,2026-10-25,Cucumber
2275,2026-10-25,Dish Soap
2275,2026-10-25,Eggs
2275,2026-10-25,Lettuce
2275,2026-10-25,Olive Oil
2275,2026-10-25,Reusable Bag
2276,2026-04-17,Butter
2276,2026-04-17,Cereal
2276,2026-04-17,Chicken Breast
2276,2026-04-17,Cucumber
2276,2026-04-17,Dish Soap
2276,2026-04-17,Lettuce
2276,2026-04-17,Olive Oil
2276,2026-04-17,Reusable Bag
2276,2026-04-17,Tomatoes
2277,2026-08-29,2% Milk
2277,2026-08-29,Baby Food
2277,2026-08-29,Baby Wipes
2277,2026-08-29,Beer
2277,2026-08-29,Bread
2277,2026-08-29,Diapers
2277,2026-08-29,Reusable Bag
2277,2026-08-29,Rice
2277,2026-08-29,Sparkling Water
2278,2026-08-30,Charcoal
2278,2026-08-30,Chicken Breast
2278,2026-08-30,Ketchup
2278,2026-08-30,Orange Juice
2278,2026-08-30,Reusable Bag
2278,2026-08-30,Steak
2278,2026-08-30,Tea
2279,2026-09-25,Coffee
2279,2026-09-25,Reusable Bag
2279,2026-09-25,Sparkling Water
2280,2026-06-20,Apples
2280,2026-06-20,Beer
2280,2026-06-20,Burger Buns
2280,2026-06-20,Carrots
2280,2026-06-20,Cereal
2280,2026-06-20,Charcoal
2280,2026-06-20,Lettuce
2280,2026-06-20,Reusable Bag
2280,2026-06-20,Steak
2281,2026-12-23,Frozen Pizza
2281,2026-12-23,Lettuce
2281,2026-12-23,Reusable Bag
2281,2026-12-23,Tomatoes
2282,2026-08-31,Carrots
2282,2026-08-31,Charcoal
2282,2026-08-31,Frozen Pizza
2282,2026-08-31,Onions
2282,2026-08-31,Tea
2282,2026-08-31,Tomato Sauce
2283,2026-10-18,Apples
2283,2026-10-18,Bread
2283,2026-10-18,Coffee
2283,2026-10-18,Eggs
2283,2026-10-18,Reusable Bag
2284,2026-04-02,2% Milk
2284,2026-04-02,Bread
2284,2026-04-02,Eggs
2284,2026-04-02,Paper Towels
2284,2026-04-02,Reusable Bag
2285,2026-01-30,Bananas
2285,2026-01-30,Bread
2285,2026-01-30,Eggs
2285,2026-01-30,Frozen Pizza
2285,2026-01-30,Rice
2286,2026-05-22,Onions
2286,2026-05-22,Pasta
2286,2026-05-22,Red Wine
2286,2026-05-22,Reusable Bag
2286,2026-05-22,Tomato Sauce
2287,2026-11-24,Eggs
2287,2026-11-24,Onions
2287,2026-11-24,Reusable Bag
2287,2026-11-24,Tea
2287,2026-11-24,Whole Milk
2288,2026-09-14,Baby Food
2288,2026-09-14,Baby Wipes
2288,2026-09-14,Bread
2288,2026-09-14,Carrots
2288,2026-09-14,Diapers
2288,2026-09-14,Paper Towels
2288,2026-09-14,Reusable Bag
2288,2026-09-14,Yogurt
2289,2026-02-07,Bananas
2289,2026-02-07,Bread
2289,2026-02-07,Butter
2289,2026-02-07,Coffee
2289,2026-02-07,Croissants
2289,2026-02-07,Eggs
2289,2026-02-07,Reusable Bag
2289,2026-02-07,Sparkling Water
2290,2026-02-21,Baby Food
2290,2026-02-21,Baby Wipes
2290,2026-02-21,Cheddar
2290,2026-02-21,Chicken Breast
2290,2026-02-21,Diapers
2290,2026-02-21,Frozen Pizza
2290,2026-02-21,Potato Chips
2290,2026-02-21,Reusable Bag
2291,2026-05-10,Butter
2291,2026-05-10,Reusable Bag
2292,2026-03-09,2% Milk
2292,2026-03-09,Bananas
2292,2026-03-09,Cereal
2292,2026-03-09,Eggs
2292,2026-03-09,Olive Oil
2292,2026-03-09,Orange Juice
2292,2026-03-09,Pasta
2292,2026-03-09,Reusable Bag
2292,2026-03-09,Tea
2292,2026-03-09,Tomato Sauce
2293,2026-02-12,2% Milk
2293,2026-02-12,Baby Food
2293,2026-02-12,Baby Wipes
2293,2026-02-12,Bread
2293,2026-02-12,Diapers
2293,2026-02-12,Reusable Bag
2293,2026-02-12,Rice
2293,2026-02-12,Tea
2294,2026-07-08,Bread
2294,2026-07-08,Lettuce
2294,2026-07-08,Olive Oil
2294,2026-07-08,Reusable Bag
2294,2026-07-08,Sparkling Water
2294,2026-07-08,Tomatoes
2295,2026-06-15,Bananas
2295,2026-06-15,Carrots
2295,2026-06-15,Cheddar
2295,2026-06-15,Coffee
2295,2026-06-15,Frozen Pizza
2295,2026-06-15,Reusable Bag
2296,2026-09-19,2% Milk
2296,2026-09-19,Bread
2296,2026-09-19,Cheddar
2296,2026-09-19,Reusable Bag
2297,2026-09-05,Garlic
2297,2026-09-05,Paper Towels
2297,2026-09-05,Parmesan
2297,2026-09-05,Pasta
2297,2026-09-05,Tomato Sauce
2298,2026-04-16,Carrots
2298,2026-04-16,Cheddar
2298,2026-04-16,Garlic
2298,2026-04-16,Parmesan
2298,2026-04-16,Pasta
2298,2026-04-16,Reusable Bag
2298,2026-04-16,Rice
2298,2026-04-16,Tomato Sauce
2299,2026-12-10,Carrots
2299,2026-12-10,Cucumber
2299,2026-12-10,Garlic
2299,2026-12-10,Lettuce
2299,2026-12-10,Olive Oil
2299,2026-12-10,Onions
2299,2026-12-10,Potato Chips
2299,2026-12-10,Reusable Bag
2299,2026-12-10,Sparkling Water
2299,2026-12-10,Tomatoes
2299,2026-12-10,Yogurt
2300,2026-08-09,Baby Wipes
2300,2026-08-09,Beer
2300,2026-08-09,Bread
2300,2026-08-09,Burger Buns
2300,2026-08-09,Charcoal
2300,2026-08-09,Ketchup
2300,2026-08-09,Reusable Bag
2300,2026-08-09,Steak
2301,2026-08-20,Bread
2301,2026-08-20,Chicken Breast
2301,2026-08-20,Chocolate
2301,2026-08-20,Coffee
2301,2026-08-20,Croissants
2301,2026-08-20,Olive Oil
2301,2026-08-20,Pasta
2301,2026-08-20,Reusable Bag
2301,2026-08-20,Rice
2301,2026-08-20,Steak
2301,2026-08-20,Whole Milk
2302,2026-07-14,Chocolate
2302,2026-07-14,Reusable Bag
2303,2026-03-06,Cheddar
2303,2026-03-06,Chocolate
2303,2026-03-06,Cucumber
2303,2026-03-06,Lettuce
2303,2026-03-06,Onions
2303,2026-03-06,Potato Chips
2303,2026-03-06,Reusable Bag
2303,2026-03-06,Tomatoes
2304,2026-10-10,Frozen Pizza
2304,2026-10-10,Olive Oil
2304,2026-10-10,Onions
2304,2026-10-10,Parmesan
2304,2026-10-10,Pasta
2304,2026-10-10,Potato Chips
2304,2026-10-10,Steak
2304,2026-10-10,Tomato Sauce
2305,2026-09-01,Butter
2305,2026-09-01,Cheddar
2305,2026-09-01,Diapers
2305,2026-09-01,Dish Soap
2305,2026-09-01,Garlic
2305,2026-09-01,Parmesan
2305,2026-09-01,Pasta
2305,2026-09-01,Reusable Bag
2305,2026-09-01,Yogurt
2306,2026-01-28,Bananas
2306,2026-01-28,Bread
2306,2026-01-28,Burger Buns
2306,2026-01-28,Charcoal
2306,2026-01-28,Chicken Breast
2306,2026-01-28,Red Wine
2306,2026-01-28,Steak
2306,2026-01-28,Tea
2306,2026-01-28,Yogurt
2307,2026-08-08,Butter
2307,2026-08-08,Carrots
2307,2026-08-08,Cereal
2307,2026-08-08,Coffee
2307,2026-08-08,Orange Juice
2307,2026-08-08,Reusable Bag
2307,2026-08-08,Yogurt
2308,2026-03-07,Baby Food
2308,2026-03-07,Baby Wipes
2308,2026-03-07,Cereal
2308,2026-03-07,Diapers
2308,2026-03-07,Reusable Bag
2309,2026-07-27,Baby Wipes
2309,2026-07-27,Diapers
2309,2026-07-27,Reusable Bag
2309,2026-07-27,Sparkling Water
2309,2026-07-27,Yogurt
2310,2026-03-18,Baby Food
2310,2026-03-18,Baby Wipes
2310,2026-03-18,Bread
2310,2026-03-18,Diapers
2310,2026-03-18,Reusable Bag
2311,2026-08-21,Cereal
2311,2026-08-21,Garlic
2311,2026-08-21,Parmesan
2311,2026-08-21,Pasta
2311,2026-08-21,Potato Chips
2311,2026-08-21,Tomato Sauce
2311,2026-08-21,Yogurt
2312,2026-05-27,Apples
2312,2026-05-27,Reusable Bag
2313,2026-10-13,2% Milk
2313,2026-10-13,Butter
2313,2026-10-13,Chocolate
2313,2026-10-13,Cucumber
2313,2026-10-13,Lettuce
2313,2026-10-13,Olive Oil
2313,2026-10-13,Pasta
2313,2026-10-13,Reusable Bag
2314,2026-02-12,Diapers
2314,2026-02-12,Eggs
2314,2026-02-12,Reusable Bag
2314,2026-02-12,Yogurt
2315,2026-02-03,Apples
2315,2026-02-03,Beer
2315,2026-02-03,Charcoal
2315,2026-02-03,Cheddar
2315,2026-02-03,Eggs
2315,2026-02-03,Ketchup
2315,2026-02-03,Reusable Bag
2316,2026-06-18,Bread
2316,2026-06-18,Carrots
2316,2026-06-18,Cereal
2316,2026-06-18,Coffee
2316,2026-06-18,Croissants
2316,2026-06-18,Frozen Pizza
2316,2026-06-18,Orange Juice
2316,2026-06-18,Reusable Bag
2317,2026-11-17,Beer
2317,2026-11-17,Charcoal
2317,2026-11-17,Ketchup
2317,2026-11-17,Orange Juice
2317,2026-11-17,Parmesan
2317,2026-11-17,Reusable Bag
2317,2026-11-17,Steak
2317,2026-11-17,Yogurt
2318,2026-12-03,Baby Food
2318,2026-12-03,Baby Wipes
2318,2026-12-03,Butter
2318,2026-12-03,Carrots
2318,2026-12-03,Chocolate
2318,2026-12-03,Diapers
2318,2026-12-03,Reusable Bag
2318,2026-12-03,Steak
2319,2026-10-17,Bananas
2319,2026-10-17,Cereal
2319,2026-10-17,Cheddar
2320,2026-09-10,Beer
2320,2026-09-10,Butter
2320,2026-09-10,Charcoal
2320,2026-09-10,Chicken Breast
2320,2026-09-10,Parmesan
2320,2026-09-10,Potato Chips
2320,2026-09-10,Reusable Bag
2320,2026-09-10,Sparkling Water
2320,2026-09-10,Steak
2320,2026-09-10,Tomato Sauce
2320,2026-09-10,Yogurt
2321,2026-01-25,Baby Food
2321,2026-01-25,Baby Wipes
2321,2026-01-25,Bananas
2321,2026-01-25,Beer
2321,2026-01-25,Chicken Breast
2321,2026-01-25,Diapers
2321,2026-01-25,Dish Soap
2321,2026-01-25,Onions
2321,2026-01-25,Reusable Bag
2321,2026-01-25,Steak
2321,2026-01-25,Tea
2321,2026-01-25,Whole Milk
2322,2026-03-22,2% Milk
2322,2026-03-22,Apples
2322,2026-03-22,Bread
2322,2026-03-22,Eggs
2322,2026-03-22,Garlic
2322,2026-03-22,Parmesan
2322,2026-03-22,Pasta
2322,2026-03-22,Potato Chips
2322,2026-03-22,Red Wine
2322,2026-03-22,Reusable Bag
2322,2026-03-22,Tomato Sauce
2323,2026-03-08,Bananas
2323,2026-03-08,Bread
2323,2026-03-08,Coffee
2323,2026-03-08,Croissants
2323,2026-03-08,Frozen Pizza
2323,2026-03-08,Reusable Bag
2324,2026-06-09,Carrots
2324,2026-06-09,Onions
2324,2026-06-09,Reusable Bag
2324,2026-06-09,Rice
2325,2026-05-17,Carrots
2325,2026-05-17,Cereal
2325,2026-05-17,Reusable Bag
2325,2026-05-17,Rice
2326,2026-05-11,Apples
2326,2026-05-11,Chicken Breast
2326,2026-05-11,Frozen Pizza
2326,2026-05-11,Reusable Bag
2327,2026-06-19,Beer
2327,2026-06-19,Burger Buns
2327,2026-06-19,Cereal
2327,2026-06-19,Charcoal
2327,2026-06-19,Eggs
2327,2026-06-19,Reusable Bag
2327,2026-06-19,Steak
2328,2026-10-19,Bread
2328,2026-10-19,Lettuce
2328,2026-10-19,Olive Oil
2328,2026-10-19,Reusable Bag
2328,2026-10-19,Tomatoes
2329,2026-12-13,Beer
2329,2026-12-13,Carrots
2329,2026-12-13,Garlic
2329,2026-12-13,Olive Oil
2329,2026-12-13,Onions
2329,2026-12-13,Pasta
2329,2026-12-13,Tomato Sauce
2330,2026-04-17,Beer
2330,2026-04-17,Bread
2330,2026-04-17,Coffee
2330,2026-04-17,Cucumber
2330,2026-04-17,Garlic
2330,2026-04-17,Rice
2331,2026-06-12,Apples
2331,2026-06-12,Bananas
2331,2026-06-12,Bread
2331,2026-06-12,Coffee
2331,2026-06-12,Orange Juice
2331,2026-06-12,Potato Chips
2331,2026-06-12,Reusable Bag
2331,2026-06-12,Rice
2332,2026-03-13,Bread
2332,2026-03-13,Cheddar
2332,2026-03-13,Coffee
2332,2026-03-13,Dish Soap
2332,2026-03-13,Orange Juice
2332,2026-03-13,Reusable Bag
2332,2026-03-13,Whole Milk
2333,2026-05-05,Baby Wipes
2333,2026-05-05,Diapers
2333,2026-05-05,Dish Soap
2333,2026-05-05,Ketchup
2333,2026-05-05,Reusable Bag
2334,2026-10-12,2% Milk
2334,2026-10-12,Eggs
2334,2026-10-12,Potato Chips
2334,2026-10-12,Reusable Bag
2335,2026-06-21,Bananas
2335,2026-06-21,Burger Buns
2335,2026-06-21,Butter
2335,2026-06-21,Garlic
2335,2026-06-21,Parmesan
2335,2026-06-21,Pasta
2335,2026-06-21,Red Wine
2335,2026-06-21,Reusable Bag
2335,2026-06-21,Sparkling Water
2336,2026-09-02,Beer
2336,2026-09-02,Cucumber
2336,2026-09-02,Lettuce
2336,2026-09-02,Whole Milk
2336,2026-09-02,Yogurt
2337,2026-02-16,Beer
2337,2026-02-16,Burger Buns
2337,2026-02-16,Charcoal
2337,2026-02-16,Dish Soap
2337,2026-02-16,Reusable Bag
2337,2026-02-16,Steak
2338,2026-01-12,2% Milk
2338,2026-01-12,Cereal
2338,2026-01-12,Eggs
2338,2026-01-12,Frozen Pizza
2338,2026-01-12,Reusable Bag
2338,2026-01-12,Tea
2339,2026-04-27,Baby Food
2339,2026-04-27,Baby Wipes
2339,2026-04-27,Butter
2339,2026-04-27,Chicken Breast
2339,2026-04-27,Diapers
2339,2026-04-27,Eggs
2339,2026-04-27,Reusable Bag
2340,2026-03-06,Garlic
2340,2026-03-06,Onions
2340,2026-03-06,Parmesan
2340,2026-03-06,Pasta
2340,2026-03-06,Potato Chips
2340,2026-03-06,Red Wine
2340,2026-03-06,Reusable Bag
2340,2026-03-06,Sparkling Water
2340,2026-03-06,Tomato Sauce
2340,2026-03-06,Yogurt
2341,2026-12-16,Chocolate
2341,2026-12-16,Eggs
2341,2026-12-16,Orange Juice
2341,2026-12-16,Paper Towels
2341,2026-12-16,Parmesan
2341,2026-12-16,Pasta
2341,2026-12-16,Red Wine
2341,2026-12-16,Reusable Bag
2341,2026-12-16,Sparkling Water
2341,2026-12-16,Tomato Sauce
2341,2026-12-16,Whole Milk
2341,2026-12-16,Yogurt
2342,2026-12-28,2% Milk
2342,2026-12-28,Charcoal
2342,2026-12-28,Coffee
2342,2026-12-28,Ketchup
2342,2026-12-28,Onions
2342,2026-12-28,Red Wine
2342,2026-12-28,Rice
2342,2026-12-28,Steak
2342,2026-12-28,Whole Milk
2343,2026-07-30,Beer
2343,2026-07-30,Burger Buns
2343,2026-07-30,Carrots
2343,2026-07-30,Charcoal
2343,2026-07-30,Diapers
2343,2026-07-30,Ketchup
2343,2026-07-30,Reusable Bag
2343,2026-07-30,Steak
2344,2026-12-28,Beer
2344,2026-12-28,Bread
2344,2026-12-28,Pasta
2344,2026-12-28,Reusable Bag
2344,2026-12-28,Tea
2344,2026-12-28,Tomato Sauce
2345,2026-03-26,Burger Buns
2345,2026-03-26,Coffee
2345,2026-03-26,Croissants
2345,2026-03-26,Ketchup
2345,2026-03-26,Onions
2345,2026-03-26,Reusable Bag
2346,2026-12-20,Chicken Breast
2346,2026-12-20,Coffee
2346,2026-12-20,Orange Juice
2346,2026-12-20,Paper Towels
2346,2026-12-20,Sparkling Water
2346,2026-12-20,Whole Milk
2347,2026-03-04,Burger Buns
2347,2026-03-04,Parmesan
2347,2026-03-04,Reusable Bag
2347,2026-03-04,Steak
2347,2026-03-04,Yogurt
2348,2026-02-13,Croissants
2348,2026-02-13,Lettuce
2348,2026-02-13,Potato Chips
2348,2026-02-13,Reusable Bag
2349,2026-03-31,Bananas
2349,2026-03-31,Garlic
2349,2026-03-31,Onions
2349,2026-03-31,Parmesan
2349,2026-03-31,Pasta
2349,2026-03-31,Reusable Bag
2349,2026-03-31,Sparkling Water
2349,2026-03-31,Tomato Sauce
2349,2026-03-31,Tomatoes
2350,2026-11-26,2% Milk
2350,2026-11-26,Baby Food
2350,2026-11-26,Baby Wipes
2350,2026-11-26,Croissants
2350,2026-11-26,Diapers
2350,2026-11-26,Paper Towels
2350,2026-11-26,Reusable Bag
2351,2026-07-20,Apples
2351,2026-07-20,Baby Food
2351,2026-07-20,Baby Wipes
2351,2026-07-20,Butter
2351,2026-07-20,Cereal
2351,2026-07-20,Chocolate
2351,2026-07-20,Diapers
2351,2026-07-20,Garlic
2351,2026-07-20,Onions
2351,2026-07-20,Pasta
2351,2026-07-20,Reusable Bag
2351,2026-07-20,Tomato Sauce
2352,2026-11-25,Bread
2352,2026-11-25,Chicken Breast
2352,2026-11-25,Dish Soap
2352,2026-11-25,Eggs
2352,2026-11-25,Garlic
2352,2026-11-25,Parmesan
2352,2026-11-25,Pasta
2352,2026-11-25,Reusable Bag
2352,2026-11-25,Sparkling Water
2352,2026-11-25,Tomato Sauce
2353,2026-02-07,Apples
2353,2026-02-07,Beer
2353,2026-02-07,Burger Buns
2353,2026-02-07,Charcoal
2353,2026-02-07,Ketchup
2353,2026-02-07,Reusable Bag
2353,2026-02-07,Truffle Oil
2354,2026-10-28,Apples
2354,2026-10-28,Baby Wipes
2354,2026-10-28,Cereal
2354,2026-10-28,Croissants
2354,2026-10-28,Diapers
2354,2026-10-28,Orange Juice
2354,2026-10-28,Reusable Bag
2354,2026-10-28,Rice
2354,2026-10-28,Sparkling Water
2354,2026-10-28,Tomato Sauce
2355,2026-01-14,Apples
2355,2026-01-14,Bread
2355,2026-01-14,Burger Buns
2355,2026-01-14,Carrots
2355,2026-01-14,Charcoal
2355,2026-01-14,Croissants
2355,2026-01-14,Potato Chips
2355,2026-01-14,Reusable Bag
2355,2026-01-14,Steak
2356,2026-12-07,Beer
2356,2026-12-07,Bread
2356,2026-12-07,Burger Buns
2356,2026-12-07,Carrots
2356,2026-12-07,Charcoal
2356,2026-12-07,Frozen Pizza
2356,2026-12-07,Ketchup
2356,2026-12-07,Parmesan
2356,2026-12-07,Reusable Bag
2356,2026-12-07,Steak
2357,2026-10-23,2% Milk
2357,2026-10-23,Beer
2357,2026-10-23,Butter
2357,2026-10-23,Charcoal
2357,2026-10-23,Eggs
2357,2026-10-23,Ketchup
2357,2026-10-23,Paper Towels
2357,2026-10-23,Reusable Bag
2357,2026-10-23,Steak
2357,2026-10-23,Yogurt
2358,2026-01-14,Baby Food
2358,2026-01-14,Baby Wipes
2358,2026-01-14,Beer
2358,2026-01-14,Cereal
2358,2026-01-14,Cheddar
2358,2026-01-14,Chicken Breast
2358,2026-01-14,Diapers
2358,2026-01-14,Eggs
2358,2026-01-14,Ketchup
2358,2026-01-14,Lettuce
2358,2026-01-14,Reusable Bag
2358,2026-01-14,Sparkling Water
2359,2026-02-18,Bread
2359,2026-02-18,Croissants
2359,2026-02-18,Lettuce
2359,2026-02-18,Parmesan
2359,2026-02-18,Reusable Bag
2359,2026-02-18,Sparkling Water
2360,2026-11-24,Eggs
2360,2026-11-24,Paper Towels
2360,2026-11-24,Reusable Bag
2360,2026-11-24,Tea
2361,2026-08-22,Bread
2361,2026-08-22,Frozen Pizza
2361,2026-08-22,Onions
2361,2026-08-22,Reusable Bag
2362,2026-02-24,Frozen Pizza
2362,2026-02-24,Garlic
2362,2026-02-24,Parmesan
2362,2026-02-24,Pasta
2362,2026-02-24,Red Wine
2362,2026-02-24,Reusable Bag
2362,2026-02-24,Tea
2362,2026-02-24,Tomato Sauce
2363,2026-03-26,2% Milk
2363,2026-03-26,Apples
2363,2026-03-26,Baby Food
2363,2026-03-26,Baby Wipes
2363,2026-03-26,Cheddar
2363,2026-03-26,Diapers
2363,2026-03-26,Onions
2363,2026-03-26,Reusable Bag
2363,2026-03-26,Yogurt
2364,2026-11-10,Baby Food
2364,2026-11-10,Baby Wipes
2364,2026-11-10,Cucumber
2364,2026-11-10,Diapers
2364,2026-11-10,Orange Juice
2364,2026-11-10,Reusable Bag
2364,2026-11-10,Yogurt
2365,2026-06-03,Butter
2365,2026-06-03,Coffee
2365,2026-06-03,Croissants
2365,2026-06-03,Garlic
2365,2026-06-03,Pasta
2365,2026-06-03,Red Wine
2365,2026-06-03,Tomato Sauce
2365,2026-06-03,Yogurt
2366,2026-02-28,2% Milk
2366,2026-02-28,Baby Food
2366,2026-02-28,Baby Wipes
2366,2026-02-28,Beer
2366,2026-02-28,Cereal
2366,2026-02-28,Cucumber
2366,2026-02-28,Diapers
2366,2026-02-28,Eggs
2366,2026-02-28,Onions
2366,2026-02-28,Pasta
2366,2026-02-28,Sparkling Water
2367,2026-04-13,Beer
2367,2026-04-13,Burger Buns
2367,2026-04-13,Charcoal
2367,2026-04-13,Frozen Pizza
2367,2026-04-13,Reusable Bag
2367,2026-04-13,Steak
2368,2026-09-25,Apples
2368,2026-09-25,Chicken Breast
2368,2026-09-25,Diapers
2368,2026-09-25,Dish Soap
2368,2026-09-25,Eggs
2368,2026-09-25,Garlic
2368,2026-09-25,Pasta
2368,2026-09-25,Red Wine
2368,2026-09-25,Reusable Bag
2368,2026-09-25,Tomato Sauce
2369,2026-06-11,Bananas
2369,2026-06-11,Carrots
2369,2026-06-11,Charcoal
2369,2026-06-11,Chicken Breast
2369,2026-06-11,Ketchup
2369,2026-06-11,Reusable Bag
2369,2026-06-11,Steak
2369,2026-06-11,Yogurt
2370,2026-02-04,Baby Wipes
2370,2026-02-04,Croissants
2370,2026-02-04,Potato Chips
2370,2026-02-04,Reusable Bag
2371,2026-10-19,Apples
2371,2026-10-19,Baby Food
2371,2026-10-19,Beer
2371,2026-10-19,Diapers
2371,2026-10-19,Dish Soap
2371,2026-10-19,Paper Towels
2371,2026-10-19,Potato Chips
2371,2026-10-19,Reusable Bag
2371,2026-10-19,Yogurt
2372,2026-06-11,Bananas
2372,2026-06-11,Carrots
2372,2026-06-11,Cereal
2372,2026-06-11,Garlic
2372,2026-06-11,Parmesan
2372,2026-06-11,Pasta
2372,2026-06-11,Yogurt
2373,2026-05-13,Burger Buns
2373,2026-05-13,Paper Towels
2373,2026-05-13,Potato Chips
2373,2026-05-13,Reusable Bag
2373,2026-05-13,Whole Milk
2373,2026-05-13,Yogurt
2374,2026-06-09,Apples
2374,2026-06-09,Ketchup
2374,2026-06-09,Olive Oil
2374,2026-06-09,Reusable Bag
2375,2026-05-07,Bananas
2375,2026-05-07,Burger Buns
2375,2026-05-07,Charcoal
2375,2026-05-07,Chicken Breast
2375,2026-05-07,Cucumber
2375,2026-05-07,Ketchup
2375,2026-05-07,Reusable Bag
2375,2026-05-07,Rice
2375,2026-05-07,Sparkling Water
2375,2026-05-07,Steak
2376,2026-01-04,Burger Buns
2376,2026-01-04,Chocolate
2376,2026-01-04,Cucumber
2376,2026-01-04,Dish Soap
2376,2026-01-04,Lettuce
2376,2026-01-04,Onions
2376,2026-01-04,Reusable Bag
2376,2026-01-04,Rice
2376,2026-01-04,Tomatoes
2376,2026-01-04,Yogurt
2377,2026-02-18,Cheddar
2377,2026-02-18,Chicken Breast
2377,2026-02-18,Paper Towels
2377,2026-02-18,Reusable Bag
2378,2026-02-24,Carrots
2378,2026-02-24,Cheddar
2378,2026-02-24,Chicken Breast
2378,2026-02-24,Croissants
2378,2026-02-24,Dish Soap
2378,2026-02-24,Lettuce
2378,2026-02-24,Reusable Bag
2378,2026-02-24,Sparkling Water
2379,2026-04-02,Burger Buns
2379,2026-04-02,Charcoal
2379,2026-04-02,Chocolate
2379,2026-04-02,Ketchup
2379,2026-04-02,Reusable Bag
2379,2026-04-02,Steak
2379,2026-04-02,Tomatoes
2379,2026-04-02,Whole Milk
2380,2026-10-30,2% Milk
2380,2026-10-30,Apples
2380,2026-10-30,Baby Food
2380,2026-10-30,Baby Wipes
2380,2026-10-30,Beer
2380,2026-10-30,Carrots
2380,2026-10-30,Diapers
2380,2026-10-30,Reusable Bag
2380,2026-10-30,Yogurt
2381,2026-04-30,Coffee
2381,2026-04-30,Croissants
2381,2026-04-30,Frozen Pizza
2381,2026-04-30,Garlic
2381,2026-04-30,Orange Juice
2381,2026-04-30,Reusable Bag
2381,2026-04-30,Whole Milk
2382,2026-07-20,Garlic
2382,2026-07-20,Onions
2382,2026-07-20,Pasta
2382,2026-07-20,Reusable Bag
2383,2026-01-31,2% Milk
2383,2026-01-31,Apples
2383,2026-01-31,Bread
2383,2026-01-31,Cucumber
2383,2026-01-31,Frozen Pizza
2383,2026-01-31,Lettuce
2383,2026-01-31,Olive Oil
2383,2026-01-31,Reusable Bag
2383,2026-01-31,Tea
2383,2026-01-31,Tomatoes
2384,2026-01-04,Apples
2384,2026-01-04,Cucumber
2384,2026-01-04,Lettuce
2384,2026-01-04,Olive Oil
2384,2026-01-04,Reusable Bag
2384,2026-01-04,Tomatoes
2385,2026-07-21,Bananas
2385,2026-07-21,Beer
2385,2026-07-21,Burger Buns
2385,2026-07-21,Charcoal
2385,2026-07-21,Cheddar
2385,2026-07-21,Ketchup
2385,2026-07-21,Paper Towels
2385,2026-07-21,Reusable Bag
2385,2026-07-21,Steak
2385,2026-07-21,Tomato Sauce
2386,2026-07-07,Coffee
2386,2026-07-07,Cucumber
2386,2026-07-07,Garlic
2386,2026-07-07,Lettuce
2386,2026-07-07,Olive Oil
2386,2026-07-07,Onions
2386,2026-07-07,Paper Towels
2386,2026-07-07,Reusable Bag
2386,2026-07-07,Tomatoes
2387,2026-05-10,Apples
2387,2026-05-10,Beer
2387,2026-05-10,Chocolate
2387,2026-05-10,Coffee
2387,2026-05-10,Cucumber
2387,2026-05-10,Potato Chips
2387,2026-05-10,Reusable Bag
2388,2026-08-25,Bananas
2388,2026-08-25,Beer
2388,2026-08-25,Carrots
2388,2026-08-25,Charcoal
2388,2026-08-25,Eggs
2388,2026-08-25,Ketchup
2388,2026-08-25,Lettuce
2388,2026-08-25,Pasta
2388,2026-08-25,Reusable Bag
2389,2026-01-02,Chicken Breast
2389,2026-01-02,Chocolate
2389,2026-01-02,Croissants
2389,2026-01-02,Eggs
2389,2026-01-02,Lettuce
2389,2026-01-02,Onions
2389,2026-01-02,Potato Chips
2389,2026-01-02,Reusable Bag
2389,2026-01-02,Tomatoes
2389,2026-01-02,Whole Milk
2390,2026-08-22,Cereal
2390,2026-08-22,Cucumber
2390,2026-08-22,Lettuce
2390,2026-08-22,Olive Oil
2391,2026-03-19,Baby Wipes
2391,2026-03-19,Chicken Breast
2391,2026-03-19,Diapers
2391,2026-03-19,Potato Chips
2391,2026-03-19,Reusable Bag
2391,2026-03-19,Sparkling Water
2391,2026-03-19,Tea
2392,2026-09-08,2% Milk
2392,2026-09-08,Bananas
2392,2026-09-08,Cheddar
2392,2026-09-08,Reusable Bag
2393,2026-08-28,Apples
2393,2026-08-28,Bread
2393,2026-08-28,Charcoal
2393,2026-08-28,Chicken Breast
2393,2026-08-28,Eggs
2393,2026-08-28,Frozen Pizza
2393,2026-08-28,Reusable Bag
2394,2026-10-21,Beer
2394,2026-10-21,Burger Buns
2394,2026-10-21,Butter
2394,2026-10-21,Charcoal
2394,2026-10-21,Chocolate
2394,2026-10-21,Lettuce
2394,2026-10-21,Onions
2394,2026-10-21,Reusable Bag
2394,2026-10-21,Tea
2394,2026-10-21,Tomato Sauce
2395,2026-08-06,Bread
2395,2026-08-06,Burger Buns
2395,2026-08-06,Charcoal
2395,2026-08-06,Ketchup
2395,2026-08-06,Onions
2395,2026-08-06,Red Wine
2395,2026-08-06,Steak
2396,2026-12-22,Beer
2396,2026-12-22,Charcoal
2396,2026-12-22,Chicken Breast
2396,2026-12-22,Eggs
2396,2026-12-22,Olive Oil
2397,2026-12-27,Bananas
2397,2026-12-27,Carrots
2397,2026-12-27,Chocolate
2397,2026-12-27,Frozen Pizza
2397,2026-12-27,Lettuce
2397,2026-12-27,Red Wine
2397,2026-12-27,Reusable Bag
2397,2026-12-27,Tomatoes
2397,2026-12-27,Yogurt
2398,2026-09-06,2% Milk
2398,2026-09-06,Bananas
2398,2026-09-06,Chocolate
2398,2026-09-06,Garlic
2398,2026-09-06,Parmesan
2398,2026-09-06,Pasta
2398,2026-09-06,Red Wine
2398,2026-09-06,Reusable Bag
2398,2026-09-06,Rice
2398,2026-09-06,Tomato Sauce
2399,2026-07-14,Bananas
2399,2026-07-14,Cucumber
2399,2026-07-14,Lettuce
2399,2026-07-14,Reusable Bag
2399,2026-07-14,Tea
2399,2026-07-14,Tomatoes
2400,2026-10-20,Chicken Breast
2400,2026-10-20,Ketchup
2400,2026-10-20,Orange Juice
2400,2026-10-20,Parmesan
2400,2026-10-20,Pasta
2400,2026-10-20,Tomato Sauce
2401,2026-06-10,Apples
2401,2026-06-10,Bananas
2401,2026-06-10,Bread
2401,2026-06-10,Butter
2401,2026-06-10,Coffee
2401,2026-06-10,Garlic
2401,2026-06-10,Parmesan
2401,2026-06-10,Pasta
2401,2026-06-10,Red Wine
2401,2026-06-10,Steak
2402,2026-09-14,Butter
2402,2026-09-14,Lettuce
2402,2026-09-14,Olive Oil
2402,2026-09-14,Reusable Bag
2402,2026-09-14,Tomatoes
2403,2026-12-21,Apples
2403,2026-12-21,Dish Soap
2403,2026-12-21,Garlic
2403,2026-12-21,Onions
2403,2026-12-21,Parmesan
2403,2026-12-21,Pasta
2403,2026-12-21,Red Wine
2403,2026-12-21,Reusable Bag
2403,2026-12-21,Rice
2403,2026-12-21,Tomato Sauce
2403,2026-12-21,Yogurt
2404,2026-01-18,2% Milk
2404,2026-01-18,Baby Food
2404,2026-01-18,Baby Wipes
2404,2026-01-18,Bread
2404,2026-01-18,Diapers
2404,2026-01-18,Reusable Bag
2405,2026-03-15,Apples
2405,2026-03-15,Reusable Bag
2406,2026-07-27,2% Milk
2406,2026-07-27,Baby Food
2406,2026-07-27,Baby Wipes
2406,2026-07-27,Diapers
2406,2026-07-27,Garlic
2406,2026-07-27,Reusable Bag
2407,2026-12-06,Beer
2407,2026-12-06,Burger Buns
2407,2026-12-06,Butter
2407,2026-12-06,Carrots
2407,2026-12-06,Charcoal
2407,2026-12-06,Croissants
2407,2026-12-06,Dish Soap
2407,2026-12-06,Onions
2407,2026-12-06,Parmesan
2407,2026-12-06,Reusable Bag
2407,2026-12-06,Rice
2407,2026-12-06,Steak
2408,2026-03-14,Chocolate
2408,2026-03-14,Diapers
2408,2026-03-14,Eggs
2408,2026-03-14,Garlic
2408,2026-03-14,Lettuce
2408,2026-03-14,Orange Juice
2408,2026-03-14,Pasta
2408,2026-03-14,Potato Chips
2408,2026-03-14,Red Wine
2408,2026-03-14,Reusable Bag
2408,2026-03-14,Rice
2408,2026-03-14,Sparkling Water
2408,2026-03-14,Tomato Sauce
2409,2026-09-28,Burger Buns
2409,2026-09-28,Cheddar
2409,2026-09-28,Garlic
2409,2026-09-28,Pasta
2409,2026-09-28,Red Wine
2409,2026-09-28,Reusable Bag
2409,2026-09-28,Tomato Sauce
2410,2026-05-26,Carrots
2410,2026-05-26,Garlic
2410,2026-05-26,Parmesan
2410,2026-05-26,Pasta
2410,2026-05-26,Red Wine
2410,2026-05-26,Reusable Bag
2410,2026-05-26,Tomato Sauce
2411,2026-11-03,Apples
2411,2026-11-03,Beer
2411,2026-11-03,Bread
2411,2026-11-03,Charcoal
2411,2026-11-03,Coffee
2411,2026-11-03,Eggs
2411,2026-11-03,Ketchup
2411,2026-11-03,Sparkling Water
2411,2026-11-03,Steak
2412,2026-07-24,Bread
2412,2026-07-24,Cheddar
2412,2026-07-24,Chicken Breast
2412,2026-07-24,Eggs
2412,2026-07-24,Frozen Pizza
2412,2026-07-24,Ketchup
2412,2026-07-24,Parmesan
2412,2026-07-24,Pasta
2412,2026-07-24,Red Wine
2412,2026-07-24,Reusable Bag
2412,2026-07-24,Tomato Sauce
2413,2026-08-29,Baby Food
2413,2026-08-29,Bananas
2413,2026-08-29,Cheddar
2413,2026-08-29,Chocolate
2413,2026-08-29,Cucumber
2413,2026-08-29,Lettuce
2413,2026-08-29,Onions
2413,2026-08-29,Reusable Bag
2413,2026-08-29,Tomatoes
2414,2026-08-30,Beer
2414,2026-08-30,Bread
2414,2026-08-30,Carrots
2414,2026-08-30,Eggs
2414,2026-08-30,Garlic
2414,2026-08-30,Onions
2414,2026-08-30,Parmesan
2414,2026-08-30,Pasta
2414,2026-08-30,Red Wine
2414,2026-08-30,Rice
2414,2026-08-30,Tomato Sauce
2415,2026-04-29,Beer
2415,2026-04-29,Bread
2415,2026-04-29,Burger Buns
2415,2026-04-29,Charcoal
2415,2026-04-29,Chocolate
2415,2026-04-29,Dish Soap
2415,2026-04-29,Reusable Bag
2415,2026-04-29,Sparkling Water
2415,2026-04-29,Steak
2415,2026-04-29,Tea
2416,2026-09-05,Bananas
2416,2026-09-05,Cucumber
2416,2026-09-05,Diapers
2416,2026-09-05,Lettuce
2416,2026-09-05,Olive Oil
2416,2026-09-05,Potato Chips
2416,2026-09-05,Reusable Bag
2416,2026-09-05,Rice
2416,2026-09-05,Sparkling Water
2416,2026-09-05,Steak
2416,2026-09-05,Tomatoes
2417,2026-03-10,Bananas
2417,2026-03-10,Burger Buns
2417,2026-03-10,Coffee
2417,2026-03-10,Orange Juice
2417,2026-03-10,Reusable Bag
2417,2026-03-10,Steak
2417,2026-03-10,Whole Milk
2417,2026-03-10,Yogurt
2418,2026-10-01,Baby Wipes
2418,2026-10-01,Beer
2418,2026-10-01,Bread
2418,2026-10-01,Butter
2418,2026-10-01,Chocolate
2418,2026-10-01,Coffee
2418,2026-10-01,Diapers
2418,2026-10-01,Reusable Bag
2418,2026-10-01,Rice
2419,2026-03-18,Chocolate
2419,2026-03-18,Coffee
2419,2026-03-18,Croissants
2419,2026-03-18,Reusable Bag
2420,2026-03-22,Apples
2420,2026-03-22,Baby Food
2420,2026-03-22,Baby Wipes
2420,2026-03-22,Bananas
2420,2026-03-22,Beer
2420,2026-03-22,Bread
2420,2026-03-22,Diapers
2420,2026-03-22,Eggs
2420,2026-03-22,Lettuce
2420,2026-03-22,Rice
2421,2026-03-09,Baby Food
2421,2026-03-09,Baby Wipes
2421,2026-03-09,Bananas
2421,2026-03-09,Butter
2421,2026-03-09,Carrots
2421,2026-03-09,Diapers
2421,2026-03-09,Onions
2421,2026-03-09,Yogurt
2422,2026-03-20,Baby Wipes
2422,2026-03-20,Beer
2422,2026-03-20,Diapers
2422,2026-03-20,Yogurt
2423,2026-06-30,Chocolate
2423,2026-06-30,Paper Towels
2423,2026-06-30,Reusable Bag
2424,2026-02-01,Bread
2424,2026-02-01,Frozen Pizza
2424,2026-02-01,Potato Chips
2424,2026-02-01,Reusable Bag
2425,2026-04-05,Garlic
2425,2026-04-05,Onions
2425,2026-04-05,Parmesan
2425,2026-04-05,Pasta
2425,2026-04-05,Reusable Bag
2426,2026-03-01,Garlic
2426,2026-03-01,Lettuce
2426,2026-03-01,Olive Oil
2426,2026-03-01,Paper Towels
2426,2026-03-01,Reusable Bag
2426,2026-03-01,Tomatoes
2427,2026-03-29,2% Milk
2427,2026-03-29,Bananas
2427,2026-03-29,Charcoal
2427,2026-03-29,Chocolate
2427,2026-03-29,Eggs
2427,2026-03-29,Paper Towels
2427,2026-03-29,Pasta
2427,2026-03-29,Reusable Bag
2428,2026-05-31,Apples
2428,2026-05-31,Baby Food
2428,2026-05-31,Beer
2428,2026-05-31,Coffee
2428,2026-05-31,Croissants
2428,2026-05-31,Ketchup
2428,2026-05-31,Reusable Bag
2428,2026-05-31,Rice
2428,2026-05-31,Whole Milk
2429,2026-02-23,Carrots
2429,2026-02-23,Eggs
2429,2026-02-23,Reusable Bag
2429,2026-02-23,Tea
2430,2026-03-09,Cereal
2430,2026-03-09,Cheddar
2430,2026-03-09,Chocolate
2430,2026-03-09,Eggs
2430,2026-03-09,Lettuce
2430,2026-03-09,Reusable Bag
2430,2026-03-09,Tomatoes
2431,2026-07-05,2% Milk
2431,2026-07-05,Bananas
2431,2026-07-05,Butter
2431,2026-07-05,Carrots
2431,2026-07-05,Dish Soap
2431,2026-07-05,Garlic
2431,2026-07-05,Pasta
2431,2026-07-05,Red Wine
2431,2026-07-05,Tomato Sauce
2432,2026-01-19,2% Milk
2432,2026-01-19,Baby Food
2432,2026-01-19,Baby Wipes
2432,2026-01-19,Beer
2432,2026-01-19,Cereal
2432,2026-01-19,Chicken Breast
2432,2026-01-19,Chocolate
2432,2026-01-19,Diapers
2432,2026-01-19,Reusable Bag
2432,2026-01-19,Steak
2432,2026-01-19,Tea
2433,2026-02-28,Chicken Breast
2433,2026-02-28,Dish Soap
2433,2026-02-28,Garlic
2433,2026-02-28,Parmesan
2433,2026-02-28,Pasta
2433,2026-02-28,Reusable Bag
2434,2026-02-04,Bread
2434,2026-02-04,Cheddar
2434,2026-02-04,Chicken Breast
2434,2026-02-04,Eggs
2434,2026-02-04,Lettuce
2434,2026-02-04,Reusable Bag
2434,2026-02-04,Tea
2435,2026-08-07,Apples
2435,2026-08-07,Beer
2435,2026-08-07,Coffee
2435,2026-08-07,Orange Juice
2435,2026-08-07,Parmesan
2435,2026-08-07,Reusable Bag
2435,2026-08-07,Tomato Sauce
2436,2026-08-06,Apples
2436,2026-08-06,Chocolate
2436,2026-08-06,Garlic
2436,2026-08-06,Parmesan
2436,2026-08-06,Pasta
2436,2026-08-06,Red Wine
2436,2026-08-06,Reusable Bag
2437,2026-02-23,Butter
2437,2026-02-23,Lettuce
2437,2026-02-23,Olive Oil
2437,2026-02-23,Onions
2437,2026-02-23,Reusable Bag
2437,2026-02-23,Whole Milk
2438,2026-07-18,2% Milk
2438,2026-07-18,Bananas
2438,2026-07-18,Bread
2438,2026-07-18,Butter
2438,2026-07-18,Chocolate
2438,2026-07-18,Garlic
2438,2026-07-18,Parmesan
2438,2026-07-18,Pasta
2438,2026-07-18,Red Wine
2438,2026-07-18,Reusable Bag
2439,2026-04-12,Eggs
2439,2026-04-12,Garlic
2439,2026-04-12,Paper Towels
2439,2026-04-12,Parmesan
2439,2026-04-12,Pasta
2439,2026-04-12,Tomato Sauce
2440,2026-03-01,Baby Wipes
2440,2026-03-01,Bananas
2440,2026-03-01,Butter
2440,2026-03-01,Diapers
2440,2026-03-01,Onions
2440,2026-03-01,Paper Towels
2440,2026-03-01,Reusable Bag
2441,2026-03-01,Eggs
2441,2026-03-01,Pasta
2441,2026-03-01,Reusable Bag
2442,2026-10-26,Bananas
2442,2026-10-26,Cereal
2442,2026-10-26,Eggs
2442,2026-10-26,Garlic
2442,2026-10-26,Ketchup
2442,2026-10-26,Olive Oil
2442,2026-10-26,Pasta
2442,2026-10-26,Potato Chips
2442,2026-10-26,Reusable Bag
2442,2026-10-26,Rice
2442,2026-10-26,Tomato Sauce
2442,2026-10-26,Whole Milk
2443,2026-09-19,Bread
2443,2026-09-19,Chocolate
2443,2026-09-19,Eggs
2443,2026-09-19,Paper Towels
2443,2026-09-19,Reusable Bag
2444,2026-10-11,Reusable Bag
2444,2026-10-11,Rice
2445,2026-10-15,Cereal
2445,2026-10-15,Chicken Breast
2445,2026-10-15,Onions
2445,2026-10-15,Reusable Bag
2445,2026-10-15,Sparkling Water
2446,2026-09-27,Beer
2446,2026-09-27,Bread
2446,2026-09-27,Burger Buns
2446,2026-09-27,Charcoal
2446,2026-09-27,Ketchup
2446,2026-09-27,Reusable Bag
2446,2026-09-27,Steak
2446,2026-09-27,Tea
2446,2026-09-27,Yogurt
2447,2026-10-16,Baby Food
2447,2026-10-16,Baby Wipes
2447,2026-10-16,Beer
2447,2026-10-16,Burger Buns
2447,2026-10-16,Carrots
2447,2026-10-16,Charcoal
2447,2026-10-16,Sparkling Water
2447,2026-10-16,Steak
2448,2026-04-08,Carrots
2448,2026-04-08,Coffee
2448,2026-04-08,Croissants
2448,2026-04-08,Dish Soap
2448,2026-04-08,Onions
2448,2026-04-08,Reusable Bag
2448,2026-04-08,Yogurt
2449,2026-06-13,Bananas
2449,2026-06-13,Butter
2449,2026-06-13,Chocolate
2449,2026-06-13,Garlic
2449,2026-06-13,Parmesan
2449,2026-06-13,Pasta
2450,2026-07-22,2% Milk
2450,2026-07-22,Baby Wipes
2450,2026-07-22,Diapers
2450,2026-07-22,Eggs
2450,2026-07-22,Reusable Bag
2451,2026-01-07,Bananas
2451,2026-01-07,Cheddar
2451,2026-01-07,Chocolate
2451,2026-01-07,Coffee
2451,2026-01-07,Reusable Bag
2451,2026-01-07,Sparkling Water
2451,2026-01-07,Whole Milk
2452,2026-12-18,Cucumber
2452,2026-12-18,Dish Soap
2452,2026-12-18,Lettuce
2452,2026-12-18,Reusable Bag
2452,2026-12-18,Tomatoes
2453,2026-08-25,2% Milk
2453,2026-08-25,Beer
2453,2026-08-25,Bread
2453,2026-08-25,Diapers
2453,2026-08-25,Onions
2453,2026-08-25,Pasta
2453,2026-08-25,Potato Chips
2453,2026-08-25,Reusable Bag
2454,2026-04-08,Reusable Bag
2454,2026-04-08,Tea
2455,2026-04-10,Chicken Breast
2455,2026-04-10,Paper Towels
2455,2026-04-10,Reusable Bag
2455,2026-04-10,Yogurt
2456,2026-12-26,Carrots
2456,2026-12-26,Cereal
2456,2026-12-26,Cheddar
2456,2026-12-26,Chicken Breast
2456,2026-12-26,Pasta
2456,2026-12-26,Red Wine
2456,2026-12-26,Reusable Bag
2456,2026-12-26,Tomato Sauce
2457,2026-07-31,Bananas
2457,2026-07-31,Potato Chips
2457,2026-07-31,Reusable Bag
2458,2026-04-01,Eggs
2458,2026-04-01,Lettuce
2458,2026-04-01,Olive Oil
2458,2026-04-01,Reusable Bag
2458,2026-04-01,Tomatoes
2459,2026-10-31,Baby Food
2459,2026-10-31,Baby Wipes
2459,2026-10-31,Diapers
2459,2026-10-31,Onions
2459,2026-10-31,Reusable Bag
2460,2026-08-12,Bread
2460,2026-08-12,Cereal
2460,2026-08-12,Coffee
2460,2026-08-12,Croissants
2460,2026-08-12,Onions
2460,2026-08-12,Reusable Bag
2460,2026-08-12,Whole Milk
2461,2026-08-07,Apples
2461,2026-08-07,Reusable Bag
2462,2026-05-27,Bread
2462,2026-05-27,Cereal
2462,2026-05-27,Chicken Breast
2462,2026-05-27,Frozen Pizza
2462,2026-05-27,Paper Towels
2462,2026-05-27,Reusable Bag
2463,2026-05-11,Chicken Breast
2463,2026-05-11,Paper Towels
2463,2026-05-11,Reusable Bag
2464,2026-11-22,Apples
2464,2026-11-22,Bread
2464,2026-11-22,Butter
2464,2026-11-22,Cheddar
2464,2026-11-22,Coffee
2464,2026-11-22,Reusable Bag
2464,2026-11-22,Whole Milk
2464,2026-11-22,Yogurt
2465,2026-08-08,Beer
2465,2026-08-08,Burger Buns
2465,2026-08-08,Carrots
2465,2026-08-08,Charcoal
2465,2026-08-08,Chicken Breast
2465,2026-08-08,Eggs
2465,2026-08-08,Ketchup
2465,2026-08-08,Olive Oil
2465,2026-08-08,Orange Juice
2465,2026-08-08,Parmesan
2465,2026-08-08,Reusable Bag
2465,2026-08-08,Rice
2465,2026-08-08,Steak
2466,2026-04-25,Carrots
2466,2026-04-25,Charcoal
2466,2026-04-25,Chocolate
2466,2026-04-25,Onions
2466,2026-04-25,Orange Juice
2466,2026-04-25,Potato Chips
2466,2026-04-25,Reusable Bag
2466,2026-04-25,Tomato Sauce
2467,2026-02-27,Apples
2467,2026-02-27,Burger Buns
2467,2026-02-27,Charcoal
2467,2026-02-27,Dish Soap
2467,2026-02-27,Eggs
2467,2026-02-27,Ketchup
2467,2026-02-27,Reusable Bag
2467,2026-02-27,Rice
2467,2026-02-27,Steak
2468,2026-02-26,Baby Food
2468,2026-02-26,Bread
2468,2026-02-26,Burger Buns
2468,2026-02-26,Butter
2468,2026-02-26,Charcoal
2468,2026-02-26,Eggs
2468,2026-02-26,Ketchup
2468,2026-02-26,Steak
2469,2026-06-16,Bread
2469,2026-06-16,Burger Buns
2469,2026-06-16,Carrots
2469,2026-06-16,Charcoal
2469,2026-06-16,Chocolate
2469,2026-06-16,Dish Soap
2469,2026-06-16,Garlic
2469,2026-06-16,Pasta
2469,2026-06-16,Red Wine
2469,2026-06-16,Reusable Bag
2469,2026-06-16,Tomato Sauce
2469,2026-06-16,Whole Milk
2470,2026-09-19,Bread
2470,2026-09-19,Carrots
2470,2026-09-19,Charcoal
2470,2026-09-19,Eggs
2470,2026-09-19,Ketchup
2470,2026-09-19,Reusable Bag
2470,2026-09-19,Steak
2471,2026-03-06,Chicken Breast
2471,2026-03-06,Chocolate
2471,2026-03-06,Coffee
2471,2026-03-06,Croissants
2471,2026-03-06,Lettuce
2471,2026-03-06,Onions
2471,2026-03-06,Parmesan
2471,2026-03-06,Pasta
2471,2026-03-06,Reusable Bag
2472,2026-02-18,Lettuce
2472,2026-02-18,Pasta
2472,2026-02-18,Reusable Bag
2472,2026-02-18,Sparkling Water
2472,2026-02-18,Tomato Sauce
2472,2026-02-18,Tomatoes
2473,2026-06-25,Beer
2473,2026-06-25,Butter
2473,2026-06-25,Charcoal
2473,2026-06-25,Dish Soap
2473,2026-06-25,Ketchup
2473,2026-06-25,Reusable Bag
2473,2026-06-25,Sparkling Water
2474,2026-11-25,Baby Food
2474,2026-11-25,Baby Wipes
2474,2026-11-25,Beer
2474,2026-11-25,Carrots
2474,2026-11-25,Diapers
2474,2026-11-25,Frozen Pizza
2474,2026-11-25,Reusable Bag
2474,2026-11-25,Tomatoes
2475,2026-07-12,Bananas
2475,2026-07-12,Bread
2475,2026-07-12,Reusable Bag
2476,2026-07-21,Bread
2476,2026-07-21,Cucumber
2476,2026-07-21,Lettuce
2476,2026-07-21,Potato Chips
2476,2026-07-21,Tomatoes
2477,2026-07-27,Paper Towels
2477,2026-07-27,Red Wine
2477,2026-07-27,Reusable Bag
2478,2026-02-04,Coffee
2478,2026-02-04,Croissants
2478,2026-02-04,Orange Juice
2478,2026-02-04,Reusable Bag
2478,2026-02-04,Tea
2478,2026-02-04,Whole Milk
2479,2026-11-27,Apples
2479,2026-11-27,Baby Wipes
2479,2026-11-27,Diapers
2479,2026-11-27,Frozen Pizza
2479,2026-11-27,Potato Chips
2479,2026-11-27,Reusable Bag
2479,2026-11-27,Yogurt
2480,2026-12-19,Baby Wipes
2480,2026-12-19,Butter
2480,2026-12-19,Coffee
2480,2026-12-19,Cucumber
2480,2026-12-19,Reusable Bag
2480,2026-12-19,Tea
2480,2026-12-19,Tomatoes
2480,2026-12-19,Whole Milk
2481,2026-02-11,Baby Food
2481,2026-02-11,Baby Wipes
2481,2026-02-11,Bread
2481,2026-02-11,Cheddar
2481,2026-02-11,Diapers
2481,2026-02-11,Eggs
2481,2026-02-11,Ketchup
2481,2026-02-11,Olive Oil
2481,2026-02-11,Potato Chips
2481,2026-02-11,Rice
2481,2026-02-11,Tomatoes
2482,2026-07-15,2% Milk
2482,2026-07-15,Carrots
2482,2026-07-15,Frozen Pizza
2482,2026-07-15,Garlic
2482,2026-07-15,Parmesan
2482,2026-07-15,Pasta
2482,2026-07-15,Potato Chips
2482,2026-07-15,Reusable Bag
2482,2026-07-15,Tomato Sauce
2483,2026-07-15,Charcoal
2483,2026-07-15,Reusable Bag
2483,2026-07-15,Steak
2483,2026-07-15,Yogurt
2484,2026-06-10,Apples
2484,2026-06-10,Bananas
2484,2026-06-10,Bread
2484,2026-06-10,Coffee
2484,2026-06-10,Eggs
2484,2026-06-10,Pasta
2484,2026-06-10,Reusable Bag
2484,2026-06-10,Whole Milk
2485,2026-11-26,Bananas
2485,2026-11-26,Butter
2485,2026-11-26,Eggs
2485,2026-11-26,Reusable Bag
2485,2026-11-26,Sparkling Water
2486,2026-12-07,Apples
2486,2026-12-07,Baby Food
2486,2026-12-07,Bread
2486,2026-12-07,Cereal
2486,2026-12-07,Cucumber
2486,2026-12-07,Eggs
2486,2026-12-07,Ketchup
2486,2026-12-07,Lettuce
2486,2026-12-07,Pasta
2486,2026-12-07,Potato Chips
2486,2026-12-07,Reusable Bag
2486,2026-12-07,Tomatoes
2487,2026-09-04,Beer
2487,2026-09-04,Bread
2487,2026-09-04,Charcoal
2487,2026-09-04,Chicken Breast
2487,2026-09-04,Ketchup
2487,2026-09-04,Potato Chips
2487,2026-09-04,Reusable Bag
2487,2026-09-04,Steak
2488,2026-11-22,Bread
2488,2026-11-22,Cereal
2488,2026-11-22,Lettuce
2488,2026-11-22,Olive Oil
2489,2026-03-18,Bread
2489,2026-03-18,Butter
2489,2026-03-18,Carrots
2489,2026-03-18,Coffee
2489,2026-03-18,Eggs
2489,2026-03-18,Orange Juice
2489,2026-03-18,Reusable Bag
2489,2026-03-18,Tea
2490,2026-10-04,Apples
2490,2026-10-04,Beer
2490,2026-10-04,Bread
2490,2026-10-04,Burger Buns
2490,2026-10-04,Charcoal
2490,2026-10-04,Cheddar
2490,2026-10-04,Lettuce
2490,2026-10-04,Orange Juice
2490,2026-10-04,Reusable Bag
2490,2026-10-04,Steak
2490,2026-10-04,Tea
2491,2026-07-10,Burger Buns
2491,2026-07-10,Carrots
2491,2026-07-10,Coffee
2491,2026-07-10,Croissants
2491,2026-07-10,Orange Juice
2491,2026-07-10,Potato Chips
2491,2026-07-10,Reusable Bag
2491,2026-07-10,Whole Milk
2492,2026-03-28,2% Milk
2492,2026-03-28,Baby Food
2492,2026-03-28,Baby Wipes
2492,2026-03-28,Beer
2492,2026-03-28,Bread
2492,2026-03-28,Butter
2492,2026-03-28,Carrots
2492,2026-03-28,Diapers
2492,2026-03-28,Potato Chips
2492,2026-03-28,Reusable Bag
2493,2026-04-25,2% Milk
2493,2026-04-25,Bananas
2493,2026-04-25,Charcoal
2493,2026-04-25,Eggs
2493,2026-04-25,Garlic
2493,2026-04-25,Parmesan
2493,2026-04-25,Pasta
2493,2026-04-25,Red Wine
2493,2026-04-25,Reusable Bag
2494,2026-02-01,Baby Food
2494,2026-02-01,Baby Wipes
2494,2026-02-01,Beer
2494,2026-02-01,Chocolate
2494,2026-02-01,Diapers
2494,2026-02-01,Reusable Bag
2494,2026-02-01,Tomatoes
2495,2026-08-26,Coffee
2495,2026-08-26,Onions
2495,2026-08-26,Orange Juice
2495,2026-08-26,Whole Milk
2496,2026-09-28,2% Milk
2496,2026-09-28,Baby Food
2496,2026-09-28,Butter
2496,2026-09-28,Coffee
2496,2026-09-28,Croissants
2496,2026-09-28,Dish Soap
2496,2026-09-28,Orange Juice
2496,2026-09-28,Reusable Bag
2496,2026-09-28,Sparkling Water
2497,2026-05-21,Beer
2497,2026-05-21,Burger Buns
2497,2026-05-21,Charcoal
2497,2026-05-21,Chicken Breast
2497,2026-05-21,Garlic
2497,2026-05-21,Olive Oil
2497,2026-05-21,Steak
2497,2026-05-21,Whole Milk
2498,2026-10-08,Apples
2498,2026-10-08,Butter
2498,2026-10-08,Chicken Breast
2498,2026-10-08,Coffee
2498,2026-10-08,Croissants
2498,2026-10-08,Eggs
2498,2026-10-08,Lettuce
2498,2026-10-08,Orange Juice
2498,2026-10-08,Reusable Bag
2498,2026-10-08,Rice
2499,2026-08-02,Chicken Breast
2499,2026-08-02,Garlic
2499,2026-08-02,Parmesan
2499,2026-08-02,Pasta
2499,2026-08-02,Potato Chips
2499,2026-08-02,Reusable Bag
2499,2026-08-02,Tomato Sauce
2500,2026-08-26,2% Milk
2500,2026-08-26,Bread
2500,2026-08-26,Cereal
2500,2026-08-26,Chicken Breast
2500,2026-08-26,Onions
2500,2026-08-26,Reusable Bag
2501,2026-02-19,Beer
2501,2026-02-19,Burger Buns
2501,2026-02-19,Charcoal
2501,2026-02-19,Chocolate
2501,2026-02-19,Ketchup
2501,2026-02-19,Reusable Bag
2501,2026-02-19,Rice
2501,2026-02-19,Steak
2502,2026-04-29,Baby Food
2502,2026-04-29,Chocolate
2502,2026-04-29,Diapers
2502,2026-04-29,Olive Oil
2502,2026-04-29,Orange Juice
2502,2026-04-29,Reusable Bag
2502,2026-04-29,Tomato Sauce
2503,2026-07-22,Bread
2503,2026-07-22,Butter
2503,2026-07-22,Cereal
2503,2026-07-22,Cheddar
2503,2026-07-22,Reusable Bag
2504,2026-06-07,Bread
2504,2026-06-07,Chocolate
2504,2026-06-07,Paper Towels
2504,2026-06-07,Pasta
2504,2026-06-07,Reusable Bag
2504,2026-06-07,Tomatoes
2505,2026-05-19,Bananas
2505,2026-05-19,Burger Buns
2505,2026-05-19,Charcoal
2505,2026-05-19,Chocolate
2505,2026-05-19,Eggs
2505,2026-05-19,Ketchup
2505,2026-05-19,Reusable Bag
2505,2026-05-19,Steak
2505,2026-05-19,Tea
2506,2026-09-20,2% Milk
2506,2026-09-20,Baby Food
2506,2026-09-20,Baby Wipes
2506,2026-09-20,Beer
2506,2026-09-20,Diapers
2506,2026-09-20,Eggs
2506,2026-09-20,Paper Towels
2506,2026-09-20,Reusable Bag
2506,2026-09-20,Rice
2507,2026-02-11,Apples
2507,2026-02-11,Baby Food
2507,2026-02-11,Cheddar
2507,2026-02-11,Chocolate
2507,2026-02-11,Diapers
2507,2026-02-11,Dish Soap
2507,2026-02-11,Paper Towels
2507,2026-02-11,Reusable Bag
2508,2026-12-17,Beer
2508,2026-12-17,Bread
2508,2026-12-17,Charcoal
2508,2026-12-17,Ketchup
2508,2026-12-17,Reusable Bag
2508,2026-12-17,Sparkling Water
2508,2026-12-17,Steak
2508,2026-12-17,Tea
2508,2026-12-17,Tomato Sauce
2509,2026-01-11,Carrots
2509,2026-01-11,Chicken Breast
2509,2026-01-11,Croissants
2509,2026-01-11,Diapers
2509,2026-01-11,Olive Oil
2509,2026-01-11,Onions
2509,2026-01-11,Paper Towels
2509,2026-01-11,Pasta
2509,2026-01-11,Red Wine
2509,2026-01-11,Reusable Bag
2509,2026-01-11,Tea
2509,2026-01-11,Tomato Sauce
2510,2026-08-20,Cheddar
2510,2026-08-20,Dish Soap
2510,2026-08-20,Paper Towels
2511,2026-12-01,2% Milk
2511,2026-12-01,Bananas
2511,2026-12-01,Burger Buns
2511,2026-12-01,Carrots
2511,2026-12-01,Charcoal
2511,2026-12-01,Cheddar
2511,2026-12-01,Ketchup
2511,2026-12-01,Reusable Bag
2511,2026-12-01,Steak
2512,2026-06-04,Baby Wipes
2512,2026-06-04,Bread
2512,2026-06-04,Chicken Breast
2512,2026-06-04,Cucumber
2512,2026-06-04,Diapers
2512,2026-06-04,Reusable Bag
2512,2026-06-04,Sparkling Water
2513,2026-12-17,Burger Buns
2513,2026-12-17,Cheddar
2513,2026-12-17,Cucumber
2513,2026-12-17,Garlic
2513,2026-12-17,Lettuce
2513,2026-12-17,Onions
2513,2026-12-17,Tomatoes
2514,2026-12-01,Chicken Breast
2514,2026-12-01,Chocolate
2514,2026-12-01,Reusable Bag
2514,2026-12-01,Sparkling Water
2515,2026-08-15,Apples
2515,2026-08-15,Baby Food
2515,2026-08-15,Bananas
2515,2026-08-15,Cucumber
2515,2026-08-15,Dish Soap
2515,2026-08-15,Lettuce
2515,2026-08-15,Olive Oil
2515,2026-08-15,Reusable Bag
2516,2026-08-24,Beer
2516,2026-08-24,Cheddar
2516,2026-08-24,Coffee
2516,2026-08-24,Croissants
2516,2026-08-24,Lettuce
2516,2026-08-24,Red Wine
2516,2026-08-24,Reusable Bag
2516,2026-08-24,Whole Milk
2517,2026-09-22,2% Milk
2517,2026-09-22,Beer
2517,2026-09-22,Cheddar
2517,2026-09-22,Chocolate
2517,2026-09-22,Eggs
2517,2026-09-22,Lettuce
2517,2026-09-22,Reusable Bag
2517,2026-09-22,Rice
2518,2026-08-16,Beer
2518,2026-08-16,Bread
2518,2026-08-16,Charcoal
2518,2026-08-16,Lettuce
2518,2026-08-16,Olive Oil
2518,2026-08-16,Onions
2518,2026-08-16,Reusable Bag
2518,2026-08-16,Tomatoes
2519,2026-03-06,Bread
2519,2026-03-06,Burger Buns
2519,2026-03-06,Carrots
2519,2026-03-06,Charcoal
2519,2026-03-06,Chicken Breast
2519,2026-03-06,Dish Soap
2519,2026-03-06,Reusable Bag
2519,2026-03-06,Tomatoes
2519,2026-03-06,Yogurt
2520,2026-12-07,Carrots
2520,2026-12-07,Chicken Breast
2520,2026-12-07,Parmesan
2520,2026-12-07,Pasta
2520,2026-12-07,Reusable Bag
2520,2026-12-07,Tomato Sauce
2521,2026-04-15,Burger Buns
2521,2026-04-15,Butter
2521,2026-04-15,Charcoal
2521,2026-04-15,Chicken Breast
2521,2026-04-15,Eggs
2521,2026-04-15,Ketchup
2521,2026-04-15,Reusable Bag
2522,2026-03-15,2% Milk
2522,2026-03-15,Baby Wipes
2522,2026-03-15,Beer
2522,2026-03-15,Chicken Breast
2522,2026-03-15,Diapers
2522,2026-03-15,Eggs
2522,2026-03-15,Paper Towels
2522,2026-03-15,Reusable Bag
2522,2026-03-15,Sparkling Water
2523,2026-12-25,Chicken Breast
2523,2026-12-25,Coffee
2523,2026-12-25,Croissants
2523,2026-12-25,Onions
2524,2026-05-26,Chicken Breast
2524,2026-05-26,Coffee
2524,2026-05-26,Diapers
2524,2026-05-26,Orange Juice
2524,2026-05-26,Reusable Bag
2524,2026-05-26,Sparkling Water
2524,2026-05-26,Yogurt
2525,2026-06-05,Baby Food
2525,2026-06-05,Butter
2525,2026-06-05,Chicken Breast
2525,2026-06-05,Diapers
2525,2026-06-05,Dish Soap
2525,2026-06-05,Eggs
2525,2026-06-05,Garlic
2525,2026-06-05,Ketchup
2525,2026-06-05,Paper Towels
2525,2026-06-05,Parmesan
2525,2026-06-05,Pasta
2525,2026-06-05,Red Wine
2525,2026-06-05,Reusable Bag
2525,2026-06-05,Tomato Sauce
2526,2026-08-01,Chicken Breast
2526,2026-08-01,Chocolate
2526,2026-08-01,Rice
2526,2026-08-01,Steak
2526,2026-08-01,Yogurt
2527,2026-03-26,Diapers
2527,2026-03-26,Dish Soap
2527,2026-03-26,Lettuce
2527,2026-03-26,Olive Oil
2527,2026-03-26,Paper Towels
2527,2026-03-26,Reusable Bag
2527,2026-03-26,Rice
2527,2026-03-26,Steak
2527,2026-03-26,Tomatoes
2528,2026-08-27,Apples
2528,2026-08-27,Bread
2528,2026-08-27,Eggs
2528,2026-08-27,Lettuce
2528,2026-08-27,Potato Chips
2528,2026-08-27,Reusable Bag
2528,2026-08-27,Tomatoes
2529,2026-12-26,Bread
2529,2026-12-26,Burger Buns
2529,2026-12-26,Charcoal
2529,2026-12-26,Chocolate
2529,2026-12-26,Coffee
2529,2026-12-26,Diapers
2529,2026-12-26,Garlic
2529,2026-12-26,Ketchup
2529,2026-12-26,Potato Chips
2529,2026-12-26,Steak
2530,2026-08-05,Dish Soap
2530,2026-08-05,Reusable Bag
2530,2026-08-05,Sparkling Water
2530,2026-08-05,Tea
2530,2026-08-05,Yogurt
2531,2026-02-08,2% Milk
2531,2026-02-08,Bread
2531,2026-02-08,Coffee
2531,2026-02-08,Dish Soap
2531,2026-02-08,Eggs
2531,2026-02-08,Onions
2531,2026-02-08,Orange Juice
2531,2026-02-08,Reusable Bag
2532,2026-05-30,Apples
2532,2026-05-30,Butter
2532,2026-05-30,Chicken Breast
2532,2026-05-30,Croissants
2533,2026-09-03,Carrots
2533,2026-09-03,Chicken Breast
2533,2026-09-03,Coffee
2533,2026-09-03,Croissants
2533,2026-09-03,Diapers
2533,2026-09-03,Eggs
2533,2026-09-03,Onions
2533,2026-09-03,Orange Juice
2533,2026-09-03,Reusable Bag
2533,2026-09-03,Whole Milk
2534,2026-09-16,Beer
2534,2026-09-16,Charcoal
2534,2026-09-16,Ketchup
2534,2026-09-16,Orange Juice
2534,2026-09-16,Reusable Bag
2534,2026-09-16,Rice
2534,2026-09-16,Sparkling Water
2534,2026-09-16,Steak
2535,2026-11-13,Bread
2535,2026-11-13,Lettuce
2535,2026-11-13,Olive Oil
2535,2026-11-13,Onions
2535,2026-11-13,Reusable Bag
2535,2026-11-13,Tomato Sauce
2536,2026-04-21,Baby Food
2536,2026-04-21,Cheddar
2536,2026-04-21,Eggs
2536,2026-04-21,Frozen Pizza
2536,2026-04-21,Garlic
2536,2026-04-21,Onions
2536,2026-04-21,Parmesan
2536,2026-04-21,Pasta
2536,2026-04-21,Red Wine
2536,2026-04-21,Reusable Bag
2537,2026-09-21,Bananas
2537,2026-09-21,Carrots
2537,2026-09-21,Cheddar
2537,2026-09-21,Eggs
2537,2026-09-21,Parmesan
2537,2026-09-21,Pasta
2537,2026-09-21,Red Wine
2537,2026-09-21,Reusable Bag
2537,2026-09-21,Tomato Sauce
2538,2026-09-27,Bread
2538,2026-09-27,Coffee
2538,2026-09-27,Onions
2538,2026-09-27,Orange Juice
2538,2026-09-27,Reusable Bag
2539,2026-12-29,Charcoal
2539,2026-12-29,Cheddar
2539,2026-12-29,Diapers
2539,2026-12-29,Ketchup
2539,2026-12-29,Reusable Bag
2540,2026-12-18,2% Milk
2540,2026-12-18,Apples
2540,2026-12-18,Carrots
2540,2026-12-18,Coffee
2540,2026-12-18,Croissants
2540,2026-12-18,Eggs
2540,2026-12-18,Potato Chips
2540,2026-12-18,Whole Milk
2541,2026-03-10,Bread
2541,2026-03-10,Cereal
2541,2026-03-10,Parmesan
2541,2026-03-10,Pasta
2541,2026-03-10,Red Wine
2541,2026-03-10,Reusable Bag
2541,2026-03-10,Rice
2541,2026-03-10,Tea
2541,2026-03-10,Tomato Sauce
2542,2026-07-07,Bread
2542,2026-07-07,Burger Buns
2542,2026-07-07,Charcoal
2542,2026-07-07,Cucumber
2542,2026-07-07,Ketchup
2542,2026-07-07,Parmesan
2542,2026-07-07,Reusable Bag
2542,2026-07-07,Steak
2543,2026-04-03,2% Milk
2543,2026-04-03,Butter
2543,2026-04-03,Reusable Bag
2543,2026-04-03,Sparkling Water
2544,2026-07-12,Bananas
2544,2026-07-12,Chocolate
2544,2026-07-12,Reusable Bag
2544,2026-07-12,Steak
2545,2026-02-13,2% Milk
2545,2026-02-13,Carrots
2545,2026-02-13,Cereal
2545,2026-02-13,Cucumber
2545,2026-02-13,Frozen Pizza
2545,2026-02-13,Lettuce
2545,2026-02-13,Olive Oil
2545,2026-02-13,Sparkling Water
2545,2026-02-13,Tomatoes
2546,2026-06-14,Baby Wipes
2546,2026-06-14,Bread
2546,2026-06-14,Chocolate
2546,2026-06-14,Diapers
2546,2026-06-14,Dish Soap
2546,2026-06-14,Paper Towels
2546,2026-06-14,Potato Chips
2546,2026-06-14,Reusable Bag
2547,2026-09-01,Baby Food
2547,2026-09-01,Baby Wipes
2547,2026-09-01,Beer
2547,2026-09-01,Diapers
2547,2026-09-01,Reusable Bag
2547,2026-09-01,Sparkling Water
2548,2026-02-03,2% Milk
2548,2026-02-03,Bananas
2548,2026-02-03,Butter
2548,2026-02-03,Croissants
2548,2026-02-03,Cucumber
2548,2026-02-03,Frozen Pizza
2548,2026-02-03,Lettuce
2548,2026-02-03,Onions
2548,2026-02-03,Reusable Bag
2548,2026-02-03,Tomato Sauce
2548,2026-02-03,Tomatoes
2549,2026-04-28,Apples
2549,2026-04-28,Butter
2549,2026-04-28,Garlic
2549,2026-04-28,Parmesan
2549,2026-04-28,Pasta
2549,2026-04-28,Red Wine
2549,2026-04-28,Reusable Bag
2549,2026-04-28,Tomato Sauce
2549,2026-04-28,Tomatoes
2550,2026-03-23,Coffee
2550,2026-03-23,Orange Juice
2550,2026-03-23,Reusable Bag
2550,2026-03-23,Yogurt
2551,2026-09-02,Beer
2551,2026-09-02,Burger Buns
2551,2026-09-02,Butter
2551,2026-09-02,Cereal
2551,2026-09-02,Charcoal
2551,2026-09-02,Frozen Pizza
2551,2026-09-02,Ketchup
2551,2026-09-02,Onions
2551,2026-09-02,Reusable Bag
2552,2026-09-05,Burger Buns
2552,2026-09-05,Charcoal
2552,2026-09-05,Chicken Breast
2552,2026-09-05,Ketchup
2552,2026-09-05,Reusable Bag
2552,2026-09-05,Steak
2552,2026-09-05,Tea
2553,2026-12-26,Apples
2553,2026-12-26,Bread
2553,2026-12-26,Chocolate
2553,2026-12-26,Eggs
2553,2026-12-26,Reusable Bag
2554,2026-10-22,Butter
2554,2026-10-22,Frozen Pizza
2554,2026-10-22,Garlic
2554,2026-10-22,Paper Towels
2554,2026-10-22,Parmesan
2554,2026-10-22,Pasta
2554,2026-10-22,Reusable Bag
2554,2026-10-22,Sparkling Water
2554,2026-10-22,Tomato Sauce
2554,2026-10-22,Yogurt
2555,2026-04-25,Bread
2555,2026-04-25,Carrots
2555,2026-04-25,Eggs
2555,2026-04-25,Paper Towels
2555,2026-04-25,Red Wine
2555,2026-04-25,Reusable Bag
2555,2026-04-25,Tomato Sauce
2555,2026-04-25,Tomatoes
2555,2026-04-25,Yogurt
2556,2026-08-29,Apples
2556,2026-08-29,Cucumber
2556,2026-08-29,Lettuce
2556,2026-08-29,Paper Towels
2556,2026-08-29,Reusable Bag
2557,2026-12-03,Bread
2557,2026-12-03,Butter
2557,2026-12-03,Frozen Pizza
2557,2026-12-03,Lettuce
2557,2026-12-03,Olive Oil
2557,2026-12-03,Tomatoes
2557,2026-12-03,Whole Milk
2558,2026-02-08,Bananas
2558,2026-02-08,Bread
2558,2026-02-08,Carrots
2558,2026-02-08,Parmesan
2558,2026-02-08,Pasta
2558,2026-02-08,Reusable Bag
2558,2026-02-08,Rice
2558,2026-02-08,Tomato Sauce
2559,2026-05-24,Dish Soap
2559,2026-05-24,Reusable Bag
2559,2026-05-24,Steak
2559,2026-05-24,Tomato Sauce
2559,2026-05-24,Whole Milk
2560,2026-06-11,Bananas
2560,2026-06-11,Burger Buns
2560,2026-06-11,Charcoal
2560,2026-06-11,Ketchup
2560,2026-06-11,Reusable Bag
2560,2026-06-11,Steak
2561,2026-10-31,2% Milk
2561,2026-10-31,Bananas
2561,2026-10-31,Beer
2561,2026-10-31,Bread
2561,2026-10-31,Burger Buns
2561,2026-10-31,Charcoal
2561,2026-10-31,Chicken Breast
2561,2026-10-31,Chocolate
2561,2026-10-31,Ketchup
2561,2026-10-31,Reusable Bag
2561,2026-10-31,Steak
2562,2026-09-01,Bread
2562,2026-09-01,Chicken Breast
2562,2026-09-01,Coffee
2562,2026-09-01,Eggs
2562,2026-09-01,Onions
2562,2026-09-01,Orange Juice
2562,2026-09-01,Reusable Bag
2562,2026-09-01,Whole Milk
2562,2026-09-01,Yogurt
2563,2026-08-20,Bananas
2563,2026-08-20,Paper Towels
2563,2026-08-20,Reusable Bag
2564,2026-10-22,Cucumber
2564,2026-10-22,Lettuce
2564,2026-10-22,Reusable Bag
2564,2026-10-22,Tea
2564,2026-10-22,Tomatoes
2565,2026-01-27,2% Milk
2565,2026-01-27,Bananas
2565,2026-01-27,Lettuce
2565,2026-01-27,Olive Oil
2565,2026-01-27,Tomatoes
2566,2026-06-29,Apples
2566,2026-06-29,Beer
2566,2026-06-29,Burger Buns
2566,2026-06-29,Charcoal
2566,2026-06-29,Dish Soap
2566,2026-06-29,Eggs
2566,2026-06-29,Potato Chips
2566,2026-06-29,Reusable Bag
2566,2026-06-29,Sparkling Water
2566,2026-06-29,Steak
2567,2026-07-26,Baby Food
2567,2026-07-26,Cereal
2567,2026-07-26,Diapers
2567,2026-07-26,Ketchup
2567,2026-07-26,Reusable Bag
2567,2026-07-26,Rice
2567,2026-07-26,Tea
2568,2026-08-08,Baby Wipes
2568,2026-08-08,Bread
2568,2026-08-08,Diapers
2568,2026-08-08,Reusable Bag
2568,2026-08-08,Rice
2569,2026-04-26,Lettuce
2569,2026-04-26,Onions
2569,2026-04-26,Reusable Bag
2569,2026-04-26,Tomatoes
2569,2026-04-26,Yogurt
2570,2026-11-13,Eggs
2570,2026-11-13,Lettuce
2570,2026-11-13,Paper Towels
2570,2026-11-13,Reusable Bag
2570,2026-11-13,Tomatoes
2571,2026-04-03,Cereal
2571,2026-04-03,Coffee
2571,2026-04-03,Croissants
2571,2026-04-03,Orange Juice
2571,2026-04-03,Red Wine
2571,2026-04-03,Reusable Bag
2571,2026-04-03,Whole Milk
2572,2026-12-03,2% Milk
2572,2026-12-03,Bananas
2572,2026-12-03,Cheddar
2572,2026-12-03,Croissants
2572,2026-12-03,Cucumber
2572,2026-12-03,Lettuce
2572,2026-12-03,Reusable Bag
2572,2026-12-03,Tomato Sauce
2572,2026-12-03,Tomatoes
2573,2026-01-08,Baby Wipes
2573,2026-01-08,Burger Buns
2573,2026-01-08,Lettuce
2573,2026-01-08,Reusable Bag
2573,2026-01-08,Rice
2574,2026-03-16,Apples
2574,2026-03-16,Baby Wipes
2574,2026-03-16,Cereal
2574,2026-03-16,Charcoal
2574,2026-03-16,Cucumber
2574,2026-03-16,Garlic
2574,2026-03-16,Parmesan
2574,2026-03-16,Pasta
2574,2026-03-16,Red Wine
2574,2026-03-16,Reusable Bag
2575,2026-10-01,Carrots
2575,2026-10-01,Chicken Breast
2575,2026-10-01,Chocolate
2575,2026-10-01,Coffee
2575,2026-10-01,Croissants
2575,2026-10-01,Orange Juice
2575,2026-10-01,Reusable Bag
2575,2026-10-01,Rice
2575,2026-10-01,Sparkling Water
2575,2026-10-01,Whole Milk
2576,2026-01-23,Dish Soap
2576,2026-01-23,Eggs
2576,2026-01-23,Reusable Bag
2577,2026-10-31,Beer
2577,2026-10-31,Burger Buns
2577,2026-10-31,Charcoal
2577,2026-10-31,Ketchup
2577,2026-10-31,Reusable Bag
2577,2026-10-31,Rice
2577,2026-10-31,Steak
2578,2026-12-31,Cheddar
2578,2026-12-31,Potato Chips
2578,2026-12-31,Reusable Bag
2579,2026-10-15,Bananas
2579,2026-10-15,Eggs
2579,2026-10-15,Orange Juice
2579,2026-10-15,Reusable Bag
2580,2026-09-23,Chocolate
2580,2026-09-23,Lettuce
2580,2026-09-23,Olive Oil
2580,2026-09-23,Reusable Bag
2580,2026-09-23,Tomatoes
2581,2026-11-12,Baby Wipes
2581,2026-11-12,Cheddar
2581,2026-11-12,Chicken Breast
2581,2026-11-12,Chocolate
2581,2026-11-12,Rice
2582,2026-06-05,Bananas
2582,2026-06-05,Beer
2582,2026-06-05,Cucumber
2582,2026-06-05,Lettuce
2582,2026-06-05,Onions
2582,2026-06-05,Tomatoes
2582,2026-06-05,Truffle Oil
2583,2026-09-01,2% Milk
2583,2026-09-01,Cheddar
2583,2026-09-01,Croissants
2583,2026-09-01,Lettuce
2583,2026-09-01,Olive Oil
2583,2026-09-01,Pasta
2583,2026-09-01,Reusable Bag
2583,2026-09-01,Tomato Sauce
2583,2026-09-01,Tomatoes
2584,2026-01-06,Apples
2584,2026-01-06,Cereal
2584,2026-01-06,Coffee
2584,2026-01-06,Croissants
2584,2026-01-06,Eggs
2584,2026-01-06,Frozen Pizza
2584,2026-01-06,Reusable Bag
2584,2026-01-06,Tea
2584,2026-01-06,Whole Milk
2585,2026-02-14,Carrots
2585,2026-02-14,Cucumber
2585,2026-02-14,Lettuce
2585,2026-02-14,Reusable Bag
2585,2026-02-14,Tomatoes
2586,2026-07-26,Burger Buns
2586,2026-07-26,Charcoal
2586,2026-07-26,Cheddar
2586,2026-07-26,Chicken Breast
2586,2026-07-26,Eggs
2586,2026-07-26,Ketchup
2586,2026-07-26,Reusable Bag
2586,2026-07-26,Steak
2587,2026-06-30,2% Milk
2587,2026-06-30,Apples
2587,2026-06-30,Beer
2587,2026-06-30,Burger Buns
2587,2026-06-30,Charcoal
2587,2026-06-30,Ketchup
2587,2026-06-30,Reusable Bag
2587,2026-06-30,Yogurt
2588,2026-07-06,Bananas
2588,2026-07-06,Butter
2588,2026-07-06,Chocolate
2588,2026-07-06,Lettuce
2588,2026-07-06,Olive Oil
2588,2026-07-06,Reusable Bag
2588,2026-07-06,Tomatoes
2588,2026-07-06,Yogurt
2589,2026-09-04,Baby Wipes
2589,2026-09-04,Beer
2589,2026-09-04,Butter
2589,2026-09-04,Diapers
2589,2026-09-04,Reusable Bag
2589,2026-09-04,Yogurt
2590,2026-08-09,Apples
2590,2026-08-09,Beer
2590,2026-08-09,Burger Buns
2590,2026-08-09,Charcoal
2590,2026-08-09,Ketchup
2590,2026-08-09,Reusable Bag
2590,2026-08-09,Steak
2591,2026-10-18,Apples
2591,2026-10-18,Cheddar
2591,2026-10-18,Reusable Bag
2591,2026-10-18,Tea
2592,2026-06-01,Cucumber
2592,2026-06-01,Eggs
2592,2026-06-01,Lettuce
2592,2026-06-01,Reusable Bag
2592,2026-06-01,Rice
2592,2026-06-01,Sparkling Water
2592,2026-06-01,Tomatoes
2593,2026-02-18,2% Milk
2593,2026-02-18,Bread
2593,2026-02-18,Coffee
2593,2026-02-18,Croissants
2593,2026-02-18,Frozen Pizza
2593,2026-02-18,Orange Juice
2593,2026-02-18,Parmesan
2593,2026-02-18,Reusable Bag
2593,2026-02-18,Tomatoes
2593,2026-02-18,Whole Milk
2594,2026-08-29,Chicken Breast
2594,2026-08-29,Eggs
2594,2026-08-29,Frozen Pizza
2594,2026-08-29,Garlic
2594,2026-08-29,Parmesan
2594,2026-08-29,Pasta
2594,2026-08-29,Reusable Bag
2594,2026-08-29,Tomato Sauce
2595,2026-11-17,Baby Food
2595,2026-11-17,Baby Wipes
2595,2026-11-17,Cereal
2595,2026-11-17,Cheddar
2595,2026-11-17,Diapers
2595,2026-11-17,Yogurt
2596,2026-12-24,Baby Wipes
2596,2026-12-24,Carrots
2596,2026-12-24,Diapers
2596,2026-12-24,Potato Chips
2597,2026-04-06,Baby Food
2597,2026-04-06,Baby Wipes
2597,2026-04-06,Butter
2597,2026-04-06,Chocolate
2597,2026-04-06,Diapers
2597,2026-04-06,Onions
2597,2026-04-06,Paper Towels
2597,2026-04-06,Reusable Bag
2597,2026-04-06,Sparkling Water
2598,2026-05-11,Beer
2598,2026-05-11,Burger Buns
2598,2026-05-11,Charcoal
2598,2026-05-11,Ketchup
2598,2026-05-11,Orange Juice
2598,2026-05-11,Pasta
2598,2026-05-11,Reusable Bag
2598,2026-05-11,Rice
2598,2026-05-11,Sparkling Water
2598,2026-05-11,Steak
2599,2026-07-18,Apples
2599,2026-07-18,Charcoal
2599,2026-07-18,Ketchup
2599,2026-07-18,Reusable Bag
2599,2026-07-18,Steak
2600,2026-04-15,Baby Wipes
2600,2026-04-15,Garlic
2600,2026-04-15,Parmesan
2600,2026-04-15,Pasta
2600,2026-04-15,Potato Chips
2600,2026-04-15,Reusable Bag
2600,2026-04-15,Tomato Sauce
2601,2026-11-21,Bread
2601,2026-11-21,Burger Buns
2601,2026-11-21,Charcoal
2601,2026-11-21,Cheddar
2601,2026-11-21,Chocolate
2601,2026-11-21,Coffee
2601,2026-11-21,Ketchup
2601,2026-11-21,Orange Juice
2601,2026-11-21,Reusable Bag
2601,2026-11-21,Steak
2601,2026-11-21,Tomato Sauce
2602,2026-07-15,Bread
2602,2026-07-15,Cereal
2602,2026-07-15,Cheddar
2602,2026-07-15,Diapers
2602,2026-07-15,Eggs
2602,2026-07-15,Yogurt
2603,2026-03-23,Cucumber
2603,2026-03-23,Frozen Pizza
2603,2026-03-23,Lettuce
2603,2026-03-23,Olive Oil
2603,2026-03-23,Reusable Bag
2603,2026-03-23,Tomatoes
2604,2026-11-13,Burger Buns
2604,2026-11-13,Charcoal
2604,2026-11-13,Eggs
2604,2026-11-13,Frozen Pizza
2604,2026-11-13,Ketchup
2604,2026-11-13,Reusable Bag
2604,2026-11-13,Steak
2605,2026-07-14,Eggs
2605,2026-07-14,Paper Towels
2605,2026-07-14,Reusable Bag
2606,2026-01-29,Bananas
2606,2026-01-29,Burger Buns
2606,2026-01-29,Cucumber
2606,2026-01-29,Diapers
2606,2026-01-29,Garlic
2606,2026-01-29,Parmesan
2606,2026-01-29,Pasta
2606,2026-01-29,Reusable Bag
2606,2026-01-29,Tomato Sauce
2607,2026-01-30,Carrots
2607,2026-01-30,Coffee
2607,2026-01-30,Frozen Pizza
2607,2026-01-30,Olive Oil
2607,2026-01-30,Orange Juice
2607,2026-01-30,Pasta
2607,2026-01-30,Reusable Bag
2607,2026-01-30,Sparkling Water
2607,2026-01-30,Tomato Sauce
2607,2026-01-30,Whole Milk
2608,2026-04-02,Bread
2608,2026-04-02,Burger Buns
2608,2026-04-02,Charcoal
2608,2026-04-02,Eggs
2608,2026-04-02,Ketchup
2608,2026-04-02,Reusable Bag
2608,2026-04-02,Steak
2609,2026-08-25,Apples
2609,2026-08-25,Garlic
2609,2026-08-25,Onions
2609,2026-08-25,Paper Towels
2609,2026-08-25,Parmesan
2609,2026-08-25,Pasta
2609,2026-08-25,Reusable Bag
2609,2026-08-25,Tomato Sauce
2610,2026-10-15,Apples
2610,2026-10-15,Beer
2610,2026-10-15,Burger Buns
2610,2026-10-15,Carrots
2610,2026-10-15,Charcoal
2610,2026-10-15,Ketchup
2610,2026-10-15,Reusable Bag
2611,2026-09-29,Carrots
2611,2026-09-29,Charcoal
2611,2026-09-29,Reusable Bag
2612,2026-02-09,Bananas
2612,2026-02-09,Beer
2612,2026-02-09,Burger Buns
2612,2026-02-09,Butter
2612,2026-02-09,Carrots
2612,2026-02-09,Charcoal
2612,2026-02-09,Cheddar
2612,2026-02-09,Eggs
2612,2026-02-09,Steak
2613,2026-04-26,2% Milk
2613,2026-04-26,Apples
2613,2026-04-26,Bananas
2613,2026-04-26,Chicken Breast
2613,2026-04-26,Reusable Bag
2614,2026-01-20,Butter
2614,2026-01-20,Reusable Bag
2615,2026-11-29,2% Milk
2615,2026-11-29,Bread
2615,2026-11-29,Carrots
2615,2026-11-29,Cucumber
2615,2026-11-29,Eggs
2615,2026-11-29,Lettuce
2615,2026-11-29,Onions
2615,2026-11-29,Reusable Bag
2616,2026-04-09,Baby Food
2616,2026-04-09,Baby Wipes
2616,2026-04-09,Beer
2616,2026-04-09,Bread
2616,2026-04-09,Diapers
2616,2026-04-09,Ketchup
2616,2026-04-09,Reusable Bag
2617,2026-10-26,Chocolate
2617,2026-10-26,Cucumber
2617,2026-10-26,Lettuce
2617,2026-10-26,Olive Oil
2617,2026-10-26,Reusable Bag
2617,2026-10-26,Tomatoes
2618,2026-12-06,Apples
2618,2026-12-06,Beer
2618,2026-12-06,Burger Buns
2618,2026-12-06,Charcoal
2618,2026-12-06,Cheddar
2618,2026-12-06,Chicken Breast
2618,2026-12-06,Ketchup
2618,2026-12-06,Reusable Bag
2618,2026-12-06,Steak
2618,2026-12-06,Tea
2619,2026-11-08,Bananas
2619,2026-11-08,Bread
2619,2026-11-08,Burger Buns
2619,2026-11-08,Charcoal
2619,2026-11-08,Ketchup
2619,2026-11-08,Reusable Bag
2619,2026-11-08,Steak
2619,2026-11-08,Yogurt
2620,2026-11-14,Burger Buns
2620,2026-11-14,Charcoal
2620,2026-11-14,Chicken Breast
2620,2026-11-14,Ketchup
2620,2026-11-14,Onions
2620,2026-11-14,Reusable Bag
2620,2026-11-14,Steak
2620,2026-11-14,Tea
2621,2026-07-29,Apples
2621,2026-07-29,Chicken Breast
2621,2026-07-29,Cucumber
2621,2026-07-29,Eggs
2621,2026-07-29,Lettuce
2621,2026-07-29,Onions
2621,2026-07-29,Reusable Bag
2621,2026-07-29,Tomatoes
2621,2026-07-29,Yogurt
2622,2026-09-13,Coffee
2622,2026-09-13,Croissants
2622,2026-09-13,Onions
2622,2026-09-13,Orange Juice
2622,2026-09-13,Reusable Bag
2623,2026-09-05,Bananas
2623,2026-09-05,Coffee
2623,2026-09-05,Croissants
2623,2026-09-05,Orange Juice
2623,2026-09-05,Pasta
2623,2026-09-05,Reusable Bag
2623,2026-09-05,Whole Milk
2624,2026-03-06,2% Milk
2624,2026-03-06,Burger Buns
2624,2026-03-06,Charcoal
2624,2026-03-06,Ketchup
2624,2026-03-06,Onions
2624,2026-03-06,Reusable Bag
2624,2026-03-06,Sparkling Water
2624,2026-03-06,Steak
2625,2026-08-28,2% Milk
2625,2026-08-28,Bananas
2625,2026-08-28,Chocolate
2625,2026-08-28,Coffee
2625,2026-08-28,Diapers
2625,2026-08-28,Onions
2625,2026-08-28,Potato Chips
2625,2026-08-28,Red Wine
2625,2026-08-28,Reusable Bag
2625,2026-08-28,Whole Milk
2626,2026-10-13,Bananas
2626,2026-10-13,Diapers
2626,2026-10-13,Eggs
2626,2026-10-13,Garlic
2626,2026-10-13,Ketchup
2626,2026-10-13,Pasta
2626,2026-10-13,Red Wine
2626,2026-10-13,Tomato Sauce
2627,2026-02-09,Butter
2627,2026-02-09,Chicken Breast
2628,2026-07-18,Butter
2628,2026-07-18,Coffee
2628,2026-07-18,Croissants
2628,2026-07-18,Orange Juice
2628,2026-07-18,Reusable Bag
2628,2026-07-18,Sparkling Water
2629,2026-07-02,Burger Buns
2629,2026-07-02,Charcoal
2629,2026-07-02,Diapers
2629,2026-07-02,Frozen Pizza
2629,2026-07-02,Ketchup
2629,2026-07-02,Reusable Bag
2629,2026-07-02,Sparkling Water
2629,2026-07-02,Steak
2630,2026-05-20,Baby Food
2630,2026-05-20,Baby Wipes
2630,2026-05-20,Chicken Breast
2630,2026-05-20,Diapers
2630,2026-05-20,Frozen Pizza
2630,2026-05-20,Reusable Bag
2630,2026-05-20,Yogurt
2631,2026-11-23,Beer
2631,2026-11-23,Burger Buns
2631,2026-11-23,Charcoal
2631,2026-11-23,Eggs
2631,2026-11-23,Ketchup
2631,2026-11-23,Reusable Bag
2632,2026-03-05,2% Milk
2632,2026-03-05,Bread
2632,2026-03-05,Cheddar
2632,2026-03-05,Croissants
2632,2026-03-05,Frozen Pizza
2632,2026-03-05,Garlic
2632,2026-03-05,Parmesan
2632,2026-03-05,Pasta
2632,2026-03-05,Red Wine
2632,2026-03-05,Tomato Sauce
2633,2026-04-15,2% Milk
2633,2026-04-15,Apples
2633,2026-04-15,Baby Food
2633,2026-04-15,Bananas
2633,2026-04-15,Cheddar
2633,2026-04-15,Cucumber
2633,2026-04-15,Lettuce
2633,2026-04-15,Paper Towels
2633,2026-04-15,Reusable Bag
2633,2026-04-15,Tomatoes
2633,2026-04-15,Whole Milk
2634,2026-01-28,2% Milk
2634,2026-01-28,Apples
2634,2026-01-28,Bread
2634,2026-01-28,Reusable Bag
2634,2026-01-28,Tea
2635,2026-03-31,Coffee
2635,2026-03-31,Croissants
2635,2026-03-31,Cucumber
2635,2026-03-31,Lettuce
2635,2026-03-31,Orange Juice
2635,2026-03-31,Pasta
2635,2026-03-31,Rice
2636,2026-06-28,Baby Food
2636,2026-06-28,Baby Wipes
2636,2026-06-28,Beer
2636,2026-06-28,Bread
2636,2026-06-28,Diapers
2636,2026-06-28,Reusable Bag
2637,2026-11-16,Bananas
2637,2026-11-16,Charcoal
2637,2026-11-16,Dish Soap
2637,2026-11-16,Pasta
2637,2026-11-16,Red Wine
2637,2026-11-16,Reusable Bag
2638,2026-12-10,Garlic
2638,2026-12-10,Parmesan
2638,2026-12-10,Pasta
2638,2026-12-10,Potato Chips
2638,2026-12-10,Reusable Bag
2639,2026-01-26,Apples
2639,2026-01-26,Bread
2639,2026-01-26,Garlic
2639,2026-01-26,Paper Towels
2639,2026-01-26,Parmesan
2639,2026-01-26,Pasta
2639,2026-01-26,Potato Chips
2639,2026-01-26,Reusable Bag
2640,2026-12-30,Cheddar
2640,2026-12-30,Coffee
2640,2026-12-30,Orange Juice
2640,2026-12-30,Parmesan
2640,2026-12-30,Potato Chips
2640,2026-12-30,Reusable Bag
2640,2026-12-30,Tea
2640,2026-12-30,Whole Milk
2641,2026-08-14,Butter
2641,2026-08-14,Cereal
2641,2026-08-14,Cucumber
2641,2026-08-14,Eggs
2641,2026-08-14,Lettuce
2641,2026-08-14,Reusable Bag
2641,2026-08-14,Tomatoes
2642,2026-04-01,Baby Wipes
2642,2026-04-01,Garlic
2642,2026-04-01,Paper Towels
2642,2026-04-01,Parmesan
2642,2026-04-01,Pasta
2642,2026-04-01,Reusable Bag
2643,2026-01-25,Bread
2643,2026-01-25,Butter
2643,2026-01-25,Lettuce
2643,2026-01-25,Reusable Bag
2644,2026-12-29,Bananas
2644,2026-12-29,Bread
2644,2026-12-29,Onions
2644,2026-12-29,Parmesan
2644,2026-12-29,Pasta
2644,2026-12-29,Red Wine
2644,2026-12-29,Reusable Bag
2644,2026-12-29,Tomato Sauce
2645,2026-01-31,Burger Buns
2645,2026-01-31,Cereal
2645,2026-01-31,Charcoal
2645,2026-01-31,Chicken Breast
2645,2026-01-31,Chocolate
2645,2026-01-31,Ketchup
2645,2026-01-31,Rice
2645,2026-01-31,Steak
2646,2026-02-07,Cheddar
2646,2026-02-07,Reusable Bag
2647,2026-03-12,Eggs
2647,2026-03-12,Reusable Bag
2647,2026-03-12,Sparkling Water
2647,2026-03-12,Tomato Sauce
2647,2026-03-12,Tomatoes
2648,2026-11-09,Cucumber
2648,2026-11-09,Frozen Pizza
2648,2026-11-09,Reusable Bag
2649,2026-05-16,Bread
2649,2026-05-16,Chicken Breast
2649,2026-05-16,Cucumber
2649,2026-05-16,Lettuce
2649,2026-05-16,Olive Oil
2649,2026-05-16,Onions
2649,2026-05-16,Reusable Bag
2649,2026-05-16,Rice
2649,2026-05-16,Tomatoes
2650,2026-07-15,Bread
2650,2026-07-15,Butter
2650,2026-07-15,Cucumber
2650,2026-07-15,Eggs
2650,2026-07-15,Lettuce
2650,2026-07-15,Olive Oil
2650,2026-07-15,Onions
2650,2026-07-15,Reusable Bag
2650,2026-07-15,Tomatoes
2651,2026-02-04,Bananas
2651,2026-02-04,Bread
2651,2026-02-04,Burger Buns
2651,2026-02-04,Charcoal
2651,2026-02-04,Cheddar
2651,2026-02-04,Ketchup
2651,2026-02-04,Reusable Bag
2651,2026-02-04,Steak
2652,2026-12-27,2% Milk
2652,2026-12-27,Bananas
2652,2026-12-27,Butter
2652,2026-12-27,Croissants
2652,2026-12-27,Cucumber
2652,2026-12-27,Eggs
2652,2026-12-27,Ketchup
2652,2026-12-27,Lettuce
2652,2026-12-27,Potato Chips
2652,2026-12-27,Reusable Bag
2652,2026-12-27,Tomatoes
2653,2026-10-22,Bread
2653,2026-10-22,Diapers
2653,2026-10-22,Dish Soap
2653,2026-10-22,Eggs
2653,2026-10-22,Garlic
2653,2026-10-22,Parmesan
2653,2026-10-22,Pasta
2653,2026-10-22,Potato Chips
2653,2026-10-22,Red Wine
2653,2026-10-22,Reusable Bag
2653,2026-10-22,Tomato Sauce
2654,2026-10-02,Baby Food
2654,2026-10-02,Baby Wipes
2654,2026-10-02,Beer
2654,2026-10-02,Bread
2654,2026-10-02,Chicken Breast
2654,2026-10-02,Chocolate
2654,2026-10-02,Diapers
2654,2026-10-02,Eggs
2654,2026-10-02,Frozen Pizza
2655,2026-04-09,Baby Wipes
2655,2026-04-09,Parmesan
2655,2026-04-09,Pasta
2655,2026-04-09,Red Wine
2655,2026-04-09,Reusable Bag
2655,2026-04-09,Tea
2655,2026-04-09,Tomato Sauce
2655,2026-04-09,Tomatoes
2656,2026-04-27,Bananas
2656,2026-04-27,Burger Buns
2656,2026-04-27,Charcoal
2656,2026-04-27,Eggs
2656,2026-04-27,Ketchup
2656,2026-04-27,Reusable Bag
2656,2026-04-27,Steak
2657,2026-12-02,Apples
2657,2026-12-02,Butter
2657,2026-12-02,Paper Towels
2657,2026-12-02,Parmesan
2657,2026-12-02,Pasta
2657,2026-12-02,Red Wine
2657,2026-12-02,Reusable Bag
2657,2026-12-02,Rice
2657,2026-12-02,Tomato Sauce
2658,2026-05-06,Bread
2658,2026-05-06,Coffee
2658,2026-05-06,Croissants
2658,2026-05-06,Whole Milk
2659,2026-09-28,Bread
2659,2026-09-28,Cheddar
2659,2026-09-28,Coffee
2659,2026-09-28,Garlic
2659,2026-09-28,Pasta
2659,2026-09-28,Red Wine
2659,2026-09-28,Reusable Bag
2659,2026-09-28,Tea
2659,2026-09-28,Tomato Sauce
2660,2026-05-26,Burger Buns
2660,2026-05-26,Carrots
2660,2026-05-26,Cereal
2660,2026-05-26,Charcoal
2660,2026-05-26,Frozen Pizza
2660,2026-05-26,Ketchup
2660,2026-05-26,Reusable Bag
2660,2026-05-26,Steak
2661,2026-03-21,Carrots
2661,2026-03-21,Charcoal
2661,2026-03-21,Ketchup
2661,2026-03-21,Steak
2662,2026-03-02,Cereal
2662,2026-03-02,Coffee
2662,2026-03-02,Garlic
2662,2026-03-02,Parmesan
2662,2026-03-02,Pasta
2662,2026-03-02,Potato Chips
2662,2026-03-02,Red Wine
2662,2026-03-02,Reusable Bag
2662,2026-03-02,Tomato Sauce
2663,2026-07-22,Baby Food
2663,2026-07-22,Beer
2663,2026-07-22,Butter
2663,2026-07-22,Chicken Breast
2663,2026-07-22,Croissants
2663,2026-07-22,Garlic
2663,2026-07-22,Parmesan
2663,2026-07-22,Pasta
2663,2026-07-22,Red Wine
2663,2026-07-22,Reusable Bag
2663,2026-07-22,Rice
2663,2026-07-22,Tomato Sauce
2663,2026-07-22,Yogurt
2664,2026-05-09,Bananas
2664,2026-05-09,Butter
2664,2026-05-09,Eggs
2664,2026-05-09,Frozen Pizza
2664,2026-05-09,Garlic
2664,2026-05-09,Parmesan
2664,2026-05-09,Pasta
2664,2026-05-09,Red Wine
2664,2026-05-09,Reusable Bag
2664,2026-05-09,Sparkling Water
2664,2026-05-09,Tomato Sauce
2665,2026-08-08,2% Milk
2665,2026-08-08,Beer
2665,2026-08-08,Burger Buns
2665,2026-08-08,Charcoal
2665,2026-08-08,Ketchup
2665,2026-08-08,Reusable Bag
2665,2026-08-08,Steak
2666,2026-01-23,Burger Buns
2666,2026-01-23,Butter
2666,2026-01-23,Charcoal
2666,2026-01-23,Ketchup
2666,2026-01-23,Orange Juice
2666,2026-01-23,Reusable Bag
2666,2026-01-23,Steak
2667,2026-05-08,2% Milk
2667,2026-05-08,Paper Towels
2667,2026-05-08,Reusable Bag
2667,2026-05-08,Sparkling Water
2668,2026-02-27,Bread
2668,2026-02-27,Cheddar
2668,2026-02-27,Coffee
2668,2026-02-27,Croissants
2668,2026-02-27,Reusable Bag
2668,2026-02-27,Sparkling Water
2668,2026-02-27,Whole Milk
2669,2026-01-04,Bread
2669,2026-01-04,Carrots
2669,2026-01-04,Frozen Pizza
2669,2026-01-04,Garlic
2669,2026-01-04,Onions
2669,2026-01-04,Parmesan
2669,2026-01-04,Pasta
2669,2026-01-04,Red Wine
2669,2026-01-04,Tomato Sauce
2669,2026-01-04,Whole Milk
2670,2026-03-10,2% Milk
2670,2026-03-10,Bananas
2670,2026-03-10,Coffee
2670,2026-03-10,Croissants
2670,2026-03-10,Orange Juice
2670,2026-03-10,Reusable Bag
2671,2026-01-30,Bread
2671,2026-01-30,Chicken Breast
2671,2026-01-30,Coffee
2671,2026-01-30,Reusable Bag
2671,2026-01-30,Rice
2671,2026-01-30,Whole Milk
2672,2026-12-07,Burger Buns
2672,2026-12-07,Charcoal
2672,2026-12-07,Cheddar
2672,2026-12-07,Ketchup
2672,2026-12-07,Paper Towels
2672,2026-12-07,Reusable Bag
2672,2026-12-07,Steak
2672,2026-12-07,Tea
2673,2026-03-20,Cheddar
2673,2026-03-20,Lettuce
2673,2026-03-20,Olive Oil
2673,2026-03-20,Reusable Bag
2673,2026-03-20,Tomatoes
2674,2026-02-07,Bread
2674,2026-02-07,Coffee
2674,2026-02-07,Olive Oil
2674,2026-02-07,Reusable Bag
2675,2026-01-19,Coffee
2675,2026-01-19,Parmesan
2675,2026-01-19,Reusable Bag
2675,2026-01-19,Whole Milk
2675,2026-01-19,Yogurt
2676,2026-03-01,Beer
2676,2026-03-01,Bread
2676,2026-03-01,Burger Buns
2676,2026-03-01,Charcoal
2676,2026-03-01,Garlic
2676,2026-03-01,Ketchup
2676,2026-03-01,Parmesan
2676,2026-03-01,Reusable Bag
2676,2026-03-01,Steak
2676,2026-03-01,Yogurt
2677,2026-10-11,Cereal
2677,2026-10-11,Cucumber
2677,2026-10-11,Eggs
2677,2026-10-11,Lettuce
2677,2026-10-11,Olive Oil
2677,2026-10-11,Potato Chips
2677,2026-10-11,Reusable Bag
2677,2026-10-11,Tomatoes
2678,2026-02-25,Coffee
2678,2026-02-25,Eggs
2678,2026-02-25,Orange Juice
2678,2026-02-25,Reusable Bag
2678,2026-02-25,Steak
2679,2026-11-16,Bread
2679,2026-11-16,Chocolate
2679,2026-11-16,Frozen Pizza
2679,2026-11-16,Garlic
2679,2026-11-16,Parmesan
2679,2026-11-16,Pasta
2679,2026-11-16,Potato Chips
2679,2026-11-16,Red Wine
2679,2026-11-16,Reusable Bag
2679,2026-11-16,Sparkling Water
2679,2026-11-16,Tomato Sauce
2680,2026-04-21,Carrots
2680,2026-04-21,Reusable Bag
2681,2026-09-12,Beer
2681,2026-09-12,Burger Buns
2681,2026-09-12,Butter
2681,2026-09-12,Charcoal
2681,2026-09-12,Paper Towels
2681,2026-09-12,Reusable Bag
2681,2026-09-12,Steak
2681,2026-09-12,Tea
2682,2026-01-18,Apples
2682,2026-01-18,Carrots
2682,2026-01-18,Cereal
2682,2026-01-18,Garlic
2682,2026-01-18,Onions
2682,2026-01-18,Parmesan
2682,2026-01-18,Pasta
2682,2026-01-18,Reusable Bag
2682,2026-01-18,Yogurt
2683,2026-03-06,Bananas
2683,2026-03-06,Charcoal
2683,2026-03-06,Chicken Breast
2683,2026-03-06,Olive Oil
2683,2026-03-06,Paper Towels
2683,2026-03-06,Yogurt
2684,2026-12-13,Bananas
2684,2026-12-13,Bread
2684,2026-12-13,Frozen Pizza
2684,2026-12-13,Parmesan
2684,2026-12-13,Pasta
2684,2026-12-13,Potato Chips
2684,2026-12-13,Reusable Bag
2684,2026-12-13,Tomato Sauce
2684,2026-12-13,Yogurt
2685,2026-06-25,Beer
2685,2026-06-25,Diapers
2685,2026-06-25,Dish Soap
2685,2026-06-25,Eggs
2685,2026-06-25,Paper Towels
2685,2026-06-25,Reusable Bag
2685,2026-06-25,Yogurt
2686,2026-04-18,Burger Buns
2686,2026-04-18,Carrots
2686,2026-04-18,Charcoal
2686,2026-04-18,Cucumber
2686,2026-04-18,Eggs
2686,2026-04-18,Frozen Pizza
2686,2026-04-18,Ketchup
2686,2026-04-18,Potato Chips
2686,2026-04-18,Reusable Bag
2686,2026-04-18,Steak
2686,2026-04-18,Whole Milk
2687,2026-09-27,Frozen Pizza
2687,2026-09-27,Reusable Bag
2688,2026-02-12,Apples
2688,2026-02-12,Carrots
2688,2026-02-12,Chicken Breast
2688,2026-02-12,Garlic
2688,2026-02-12,Parmesan
2688,2026-02-12,Pasta
2688,2026-02-12,Tomato Sauce
2689,2026-08-30,2% Milk
2689,2026-08-30,Beer
2689,2026-08-30,Burger Buns
2689,2026-08-30,Charcoal
2689,2026-08-30,Eggs
2689,2026-08-30,Ketchup
2689,2026-08-30,Paper Towels
2689,2026-08-30,Reusable Bag
2689,2026-08-30,Steak
2690,2026-06-02,Baby Wipes
2690,2026-06-02,Bread
2690,2026-06-02,Cheddar
2690,2026-06-02,Diapers
2690,2026-06-02,Reusable Bag
2690,2026-06-02,Tea
2691,2026-02-05,2% Milk
2691,2026-02-05,Bananas
2691,2026-02-05,Butter
2691,2026-02-05,Chocolate
2691,2026-02-05,Reusable Bag
2691,2026-02-05,Sparkling Water
2692,2026-01-11,Butter
2692,2026-01-11,Coffee
2692,2026-01-11,Croissants
2692,2026-01-11,Orange Juice
2692,2026-01-11,Reusable Bag
2692,2026-01-11,Whole Milk
2692,2026-01-11,Yogurt
2693,2026-05-19,Bread
2693,2026-05-19,Coffee
2693,2026-05-19,Onions
2693,2026-05-19,Reusable Bag
2693,2026-05-19,Rice
2694,2026-05-16,Apples
2694,2026-05-16,Bananas
2694,2026-05-16,Cheddar
2694,2026-05-16,Chicken Breast
2694,2026-05-16,Dish Soap
2694,2026-05-16,Lettuce
2694,2026-05-16,Olive Oil
2694,2026-05-16,Reusable Bag
2694,2026-05-16,Tomatoes
2695,2026-07-26,2% Milk
2696,2026-06-19,Baby Food
2696,2026-06-19,Beer
2696,2026-06-19,Carrots
2696,2026-06-19,Diapers
2696,2026-06-19,Ketchup
2696,2026-06-19,Reusable Bag
2697,2026-11-24,2% Milk
2697,2026-11-24,Bananas
2697,2026-11-24,Coffee
2697,2026-11-24,Eggs
2697,2026-11-24,Orange Juice
2697,2026-11-24,Potato Chips
2697,2026-11-24,Reusable Bag
2697,2026-11-24,Rice
2698,2026-08-02,Bread
2698,2026-08-02,Butter
2698,2026-08-02,Onions
2698,2026-08-02,Parmesan
2698,2026-08-02,Pasta
2698,2026-08-02,Red Wine
2698,2026-08-02,Reusable Bag
2698,2026-08-02,Tomato Sauce
2699,2026-04-29,Baby Food
2699,2026-04-29,Baby Wipes
2699,2026-04-29,Coffee
2699,2026-04-29,Diapers
2699,2026-04-29,Dish Soap
2699,2026-04-29,Parmesan
2699,2026-04-29,Reusable Bag
2700,2026-07-04,Baby Food
2700,2026-07-04,Baby Wipes
2700,2026-07-04,Beer
2700,2026-07-04,Diapers
2700,2026-07-04,Paper Towels
2700,2026-07-04,Reusable Bag
2700,2026-07-04,Steak
2700,2026-07-04,Tea
2701,2026-01-30,Bananas
2701,2026-01-30,Parmesan
2701,2026-01-30,Reusable Bag
2702,2026-12-31,2% Milk
2702,2026-12-31,Apples
2702,2026-12-31,Butter
2702,2026-12-31,Cereal
2702,2026-12-31,Coffee
2702,2026-12-31,Croissants
2702,2026-12-31,Cucumber
2702,2026-12-31,Steak
2702,2026-12-31,Tomatoes
2702,2026-12-31,Whole Milk
2703,2026-12-04,Lettuce
2703,2026-12-04,Potato Chips
2703,2026-12-04,Reusable Bag
2703,2026-12-04,Sparkling Water
2703,2026-12-04,Tomatoes
2703,2026-12-04,Yogurt
2704,2026-07-05,Carrots
2704,2026-07-05,Eggs
2704,2026-07-05,Onions
2704,2026-07-05,Reusable Bag
2704,2026-07-05,Rice
2705,2026-09-22,Apples
2705,2026-09-22,Cheddar
2705,2026-09-22,Chicken Breast
2705,2026-09-22,Eggs
2705,2026-09-22,Frozen Pizza
2705,2026-09-22,Lettuce
2705,2026-09-22,Reusable Bag
2706,2026-01-27,Chocolate
2706,2026-01-27,Parmesan
2706,2026-01-27,Pasta
2706,2026-01-27,Reusable Bag
2706,2026-01-27,Tomato Sauce
2707,2026-09-16,Apples
2707,2026-09-16,Baby Food
2707,2026-09-16,Baby Wipes
2707,2026-09-16,Beer
2707,2026-09-16,Diapers
2707,2026-09-16,Garlic
2707,2026-09-16,Onions
2707,2026-09-16,Reusable Bag
2708,2026-09-25,Eggs
2708,2026-09-25,Potato Chips
2709,2026-02-18,Bananas
2709,2026-02-18,Butter
2709,2026-02-18,Dish Soap
2709,2026-02-18,Eggs
2709,2026-02-18,Paper Towels
2709,2026-02-18,Reusable Bag
2710,2026-01-03,Lettuce
2710,2026-01-03,Reusable Bag
2710,2026-01-03,Rice
2710,2026-01-03,Tomatoes
2711,2026-02-03,Carrots
2711,2026-02-03,Coffee
2711,2026-02-03,Croissants
2711,2026-02-03,Onions
2711,2026-02-03,Reusable Bag
2711,2026-02-03,Yogurt
2712,2026-12-09,Cereal
2712,2026-12-09,Chicken Breast
2712,2026-12-09,Coffee
2712,2026-12-09,Croissants
2712,2026-12-09,Tomatoes
2713,2026-09-24,Bananas
2713,2026-09-24,Beer
2713,2026-09-24,Burger Buns
2713,2026-09-24,Charcoal
2713,2026-09-24,Chocolate
2713,2026-09-24,Diapers
2713,2026-09-24,Frozen Pizza
2713,2026-09-24,Potato Chips
2713,2026-09-24,Reusable Bag
2713,2026-09-24,Steak
2713,2026-09-24,Whole Milk
2714,2026-08-26,Chicken Breast
2714,2026-08-26,Ketchup
2714,2026-08-26,Potato Chips
2714,2026-08-26,Steak
2715,2026-08-09,Apples
2715,2026-08-09,Bananas
2715,2026-08-09,Bread
2715,2026-08-09,Chocolate
2715,2026-08-09,Cucumber
2715,2026-08-09,Lettuce
2715,2026-08-09,Olive Oil
2715,2026-08-09,Reusable Bag
2715,2026-08-09,Tomatoes
2715,2026-08-09,Whole Milk
2716,2026-12-06,Butter
2716,2026-12-06,Yogurt
2717,2026-07-10,2% Milk
2717,2026-07-10,Baby Food
2717,2026-07-10,Chicken Breast
2717,2026-07-10,Coffee
2717,2026-07-10,Croissants
2717,2026-07-10,Frozen Pizza
2717,2026-07-10,Ketchup
2717,2026-07-10,Orange Juice
2717,2026-07-10,Reusable Bag
2717,2026-07-10,Sparkling Water
2717,2026-07-10,Whole Milk
2718,2026-04-24,Beer
2718,2026-04-24,Butter
2718,2026-04-24,Charcoal
2718,2026-04-24,Ketchup
2718,2026-04-24,Reusable Bag
2719,2026-01-05,2% Milk
2719,2026-01-05,Burger Buns
2719,2026-01-05,Charcoal
2719,2026-01-05,Ketchup
2719,2026-01-05,Onions
2719,2026-01-05,Reusable Bag
2719,2026-01-05,Steak
2720,2026-11-07,2% Milk
2720,2026-11-07,Baby Food
2720,2026-11-07,Croissants
2720,2026-11-07,Garlic
2720,2026-11-07,Pasta
2720,2026-11-07,Red Wine
2720,2026-11-07,Reusable Bag
2720,2026-11-07,Tomatoes
2721,2026-05-12,Apples
2721,2026-05-12,Burger Buns
2721,2026-05-12,Butter
2721,2026-05-12,Chicken Breast
2721,2026-05-12,Diapers
2721,2026-05-12,Dish Soap
2721,2026-05-12,Reusable Bag
2722,2026-03-17,Chicken Breast
2722,2026-03-17,Cucumber
2722,2026-03-17,Lettuce
2722,2026-03-17,Olive Oil
2722,2026-03-17,Reusable Bag
2722,2026-03-17,Sparkling Water
2722,2026-03-17,Tea
2722,2026-03-17,Tomatoes
2723,2026-08-17,2% Milk
2723,2026-08-17,Burger Buns
2723,2026-08-17,Charcoal
2723,2026-08-17,Eggs
2723,2026-08-17,Ketchup
2723,2026-08-17,Reusable Bag
2723,2026-08-17,Steak
2724,2026-03-02,Baby Wipes
2724,2026-03-02,Burger Buns
2724,2026-03-02,Butter
2724,2026-03-02,Diapers
2724,2026-03-02,Reusable Bag
2724,2026-03-02,Yogurt
2725,2026-03-28,2% Milk
2725,2026-03-28,Beer
2725,2026-03-28,Coffee
2725,2026-03-28,Garlic
2725,2026-03-28,Potato Chips
2725,2026-03-28,Sparkling Water
2726,2026-10-12,Baby Food
2726,2026-10-12,Baby Wipes
2726,2026-10-12,Beer
2726,2026-10-12,Bread
2726,2026-10-12,Chocolate
2726,2026-10-12,Coffee
2726,2026-10-12,Diapers
2726,2026-10-12,Dish Soap
2726,2026-10-12,Eggs
2726,2026-10-12,Pasta
2726,2026-10-12,Reusable Bag
2727,2026-09-24,Apples
2727,2026-09-24,Baby Wipes
2727,2026-09-24,Coffee
2727,2026-09-24,Orange Juice
2727,2026-09-24,Reusable Bag
2727,2026-09-24,Yogurt
2728,2026-04-18,Chicken Breast
2728,2026-04-18,Garlic
2728,2026-04-18,Parmesan
2728,2026-04-18,Pasta
2728,2026-04-18,Red Wine
2728,2026-04-18,Reusable Bag
2728,2026-04-18,Tomato Sauce
2729,2026-03-29,2% Milk
2729,2026-03-29,Bread
2729,2026-03-29,Butter
2729,2026-03-29,Charcoal
2729,2026-03-29,Cheddar
2729,2026-03-29,Onions
2729,2026-03-29,Parmesan
2729,2026-03-29,Reusable Bag
2729,2026-03-29,Tomato Sauce
2730,2026-08-28,Apples
2730,2026-08-28,Cucumber
2730,2026-08-28,Lettuce
2730,2026-08-28,Olive Oil
2730,2026-08-28,Reusable Bag
2730,2026-08-28,Tomatoes
2730,2026-08-28,Yogurt
2731,2026-08-12,Dish Soap
2731,2026-08-12,Eggs
2731,2026-08-12,Parmesan
2731,2026-08-12,Pasta
2731,2026-08-12,Red Wine
2731,2026-08-12,Reusable Bag
2731,2026-08-12,Sparkling Water
2731,2026-08-12,Tomato Sauce
2732,2026-03-26,2% Milk
2732,2026-03-26,Butter
2732,2026-03-26,Parmesan
2732,2026-03-26,Pasta
2732,2026-03-26,Rice
2733,2026-07-25,Chocolate
2733,2026-07-25,Onions
2733,2026-07-25,Reusable Bag
2734,2026-10-06,2% Milk
2734,2026-10-06,Bread
2734,2026-10-06,Charcoal
2734,2026-10-06,Frozen Pizza
2734,2026-10-06,Ketchup
2734,2026-10-06,Reusable Bag
2734,2026-10-06,Rice
2734,2026-10-06,Steak
2735,2026-05-02,Cucumber
2735,2026-05-02,Frozen Pizza
2735,2026-05-02,Lettuce
2735,2026-05-02,Reusable Bag
2735,2026-05-02,Tomatoes
2736,2026-01-01,Chicken Breast
2736,2026-01-01,Coffee
2736,2026-01-01,Croissants
2736,2026-01-01,Orange Juice
2736,2026-01-01,Potato Chips
2736,2026-01-01,Reusable Bag
2736,2026-01-01,Sparkling Water
2736,2026-01-01,Tea
2736,2026-01-01,Whole Milk
2737,2026-12-01,2% Milk
2737,2026-12-01,Apples
2737,2026-12-01,Bananas
2737,2026-12-01,Butter
2737,2026-12-01,Coffee
2737,2026-12-01,Croissants
2737,2026-12-01,Orange Juice
2737,2026-12-01,Reusable Bag
2737,2026-12-01,Tea
2738,2026-02-06,Baby Wipes
2738,2026-02-06,Garlic
2738,2026-02-06,Lettuce
2738,2026-02-06,Parmesan
2738,2026-02-06,Pasta
2738,2026-02-06,Potato Chips
2738,2026-02-06,Reusable Bag
2738,2026-02-06,Tomato Sauce
2739,2026-12-11,Bread
2739,2026-12-11,Eggs
2739,2026-12-11,Reusable Bag
2740,2026-04-14,Baby Food
2740,2026-04-14,Baby Wipes
2740,2026-04-14,Beer
2740,2026-04-14,Diapers
2740,2026-04-14,Frozen Pizza
2740,2026-04-14,Onions
2740,2026-04-14,Reusable Bag
2740,2026-04-14,Tomato Sauce
2741,2026-11-19,2% Milk
2741,2026-11-19,Bananas
2741,2026-11-19,Bread
2741,2026-11-19,Chocolate
2741,2026-11-19,Dish Soap
2741,2026-11-19,Garlic
2741,2026-11-19,Pasta
2741,2026-11-19,Red Wine
2741,2026-11-19,Reusable Bag
2741,2026-11-19,Tomato Sauce
2742,2026-07-14,2% Milk
2742,2026-07-14,Beer
2742,2026-07-14,Burger Buns
2742,2026-07-14,Charcoal
2742,2026-07-14,Eggs
2742,2026-07-14,Olive Oil
2742,2026-07-14,Steak
2743,2026-09-04,Apples
2743,2026-09-04,Onions
2743,2026-09-04,Paper Towels
2743,2026-09-04,Reusable Bag
2743,2026-09-04,Tomatoes
2743,2026-09-04,Yogurt
2744,2026-08-01,2% Milk
2744,2026-08-01,Baby Wipes
2744,2026-08-01,Chicken Breast
2744,2026-08-01,Chocolate
2744,2026-08-01,Croissants
2744,2026-08-01,Diapers
2744,2026-08-01,Reusable Bag
2744,2026-08-01,Sparkling Water
2744,2026-08-01,Tea
2745,2026-12-07,2% Milk
2745,2026-12-07,Cucumber
2745,2026-12-07,Garlic
2745,2026-12-07,Lettuce
2745,2026-12-07,Reusable Bag
2745,2026-12-07,Sparkling Water
2745,2026-12-07,Tomato Sauce
2745,2026-12-07,Whole Milk
2746,2026-02-17,Bananas
2746,2026-02-17,Bread
2746,2026-02-17,Croissants
2746,2026-02-17,Dish Soap
2746,2026-02-17,Lettuce
2746,2026-02-17,Potato Chips
2746,2026-02-17,Reusable Bag
2746,2026-02-17,Rice
2746,2026-02-17,Tomatoes
2747,2026-09-01,Baby Food
2747,2026-09-01,Baby Wipes
2747,2026-09-01,Beer
2747,2026-09-01,Butter
2747,2026-09-01,Diapers
2747,2026-09-01,Frozen Pizza
2747,2026-09-01,Potato Chips
2747,2026-09-01,Reusable Bag
2748,2026-08-12,Apples
2748,2026-08-12,Reusable Bag
2749,2026-05-25,Cheddar
2749,2026-05-25,Cucumber
2749,2026-05-25,Diapers
2749,2026-05-25,Lettuce
2749,2026-05-25,Olive Oil
2749,2026-05-25,Reusable Bag
2749,2026-05-25,Tomatoes
2750,2026-10-15,Apples
2750,2026-10-15,Coffee
2750,2026-10-15,Orange Juice
2750,2026-10-15,Reusable Bag
2750,2026-10-15,Whole Milk
2751,2026-12-27,2% Milk
2751,2026-12-27,Beer
2751,2026-12-27,Burger Buns
2751,2026-12-27,Charcoal
2751,2026-12-27,Frozen Pizza
2751,2026-12-27,Ketchup
2751,2026-12-27,Reusable Bag
2751,2026-12-27,Sparkling Water
2752,2026-05-12,Parmesan
2752,2026-05-12,Pasta
2752,2026-05-12,Potato Chips
2752,2026-05-12,Red Wine
2752,2026-05-12,Reusable Bag
2753,2026-10-03,Apples
2753,2026-10-03,Cereal
2753,2026-10-03,Coffee
2753,2026-10-03,Croissants
2753,2026-10-03,Dish Soap
2753,2026-10-03,Lettuce
2753,2026-10-03,Reusable Bag
2753,2026-10-03,Tomatoes
2753,2026-10-03,Whole Milk
2754,2026-03-06,Apples
2754,2026-03-06,Bananas
2754,2026-03-06,Eggs
2754,2026-03-06,Lettuce
2754,2026-03-06,Paper Towels
2754,2026-03-06,Reusable Bag
2754,2026-03-06,Rice
2754,2026-03-06,Tomatoes
2755,2026-03-07,2% Milk
2755,2026-03-07,Burger Buns
2755,2026-03-07,Chicken Breast
2755,2026-03-07,Chocolate
2755,2026-03-07,Croissants
2755,2026-03-07,Eggs
2755,2026-03-07,Olive Oil
2755,2026-03-07,Paper Towels
2755,2026-03-07,Reusable Bag
2756,2026-10-31,Apples
2756,2026-10-31,Burger Buns
2756,2026-10-31,Charcoal
2756,2026-10-31,Ketchup
2756,2026-10-31,Steak
2757,2026-08-28,Cucumber
2757,2026-08-28,Eggs
2757,2026-08-28,Lettuce
2757,2026-08-28,Olive Oil
2757,2026-08-28,Reusable Bag
2758,2026-06-21,Bananas
2758,2026-06-21,Cucumber
2758,2026-06-21,Eggs
2758,2026-06-21,Lettuce
2758,2026-06-21,Olive Oil
2758,2026-06-21,Parmesan
2758,2026-06-21,Reusable Bag
2758,2026-06-21,Tomatoes
2759,2026-03-15,Cucumber
2759,2026-03-15,Lettuce
2759,2026-03-15,Olive Oil
2759,2026-03-15,Onions
2759,2026-03-15,Tomatoes
2760,2026-09-20,Bananas
2760,2026-09-20,Chicken Breast
2760,2026-09-20,Coffee
2760,2026-09-20,Eggs
2760,2026-09-20,Onions
2760,2026-09-20,Orange Juice
2760,2026-09-20,Reusable Bag
2760,2026-09-20,Whole Milk
2761,2026-02-05,2% Milk
2761,2026-02-05,Baby Food
2761,2026-02-05,Baby Wipes
2761,2026-02-05,Bananas
2761,2026-02-05,Beer
2761,2026-02-05,Bread
2761,2026-02-05,Carrots
2761,2026-02-05,Chicken Breast
2761,2026-02-05,Diapers
2761,2026-02-05,Reusable Bag
2762,2026-08-11,Apples
2762,2026-08-11,Chicken Breast
2762,2026-08-11,Dish Soap
2762,2026-08-11,Reusable Bag
2763,2026-06-05,Eggs
2763,2026-06-05,Pasta
2763,2026-06-05,Reusable Bag
2764,2026-05-14,Cereal
2764,2026-05-14,Chocolate
2764,2026-05-14,Eggs
2764,2026-05-14,Reusable Bag
2764,2026-05-14,Tea
2764,2026-05-14,Yogurt
2765,2026-11-14,Beer
2765,2026-11-14,Diapers
2765,2026-11-14,Reusable Bag
2765,2026-11-14,Rice
2765,2026-11-14,Yogurt
2766,2026-12-27,Apples
2766,2026-12-27,Eggs
2766,2026-12-27,Frozen Pizza
2766,2026-12-27,Reusable Bag
2766,2026-12-27,Rice
2767,2026-02-22,Chocolate
2767,2026-02-22,Garlic
2767,2026-02-22,Parmesan
2767,2026-02-22,Pasta
2767,2026-02-22,Red Wine
2767,2026-02-22,Reusable Bag
2767,2026-02-22,Yogurt
2768,2026-05-24,Chicken Breast
2768,2026-05-24,Reusable Bag
2768,2026-05-24,Sparkling Water
2769,2026-02-12,2% Milk
2769,2026-02-12,Baby Wipes
2769,2026-02-12,Beer
2769,2026-02-12,Diapers
2769,2026-02-12,Reusable Bag
2769,2026-02-12,Sparkling Water
2770,2026-01-14,Baby Food
2770,2026-01-14,Bananas
2770,2026-01-14,Cheddar
2770,2026-01-14,Diapers
2770,2026-01-14,Reusable Bag
2771,2026-02-23,Chicken Breast
2771,2026-02-23,Coffee
2771,2026-02-23,Reusable Bag
2772,2026-04-09,Baby Food
2772,2026-04-09,Baby Wipes
2772,2026-04-09,Beer
2772,2026-04-09,Butter
2772,2026-04-09,Diapers
2772,2026-04-09,Parmesan
2772,2026-04-09,Reusable Bag
2773,2026-09-03,Coffee
2773,2026-09-03,Croissants
2773,2026-09-03,Orange Juice
2773,2026-09-03,Yogurt
2774,2026-03-03,Apples
2774,2026-03-03,Cereal
2774,2026-03-03,Chicken Breast
2774,2026-03-03,Garlic
2774,2026-03-03,Paper Towels
2774,2026-03-03,Pasta
2774,2026-03-03,Reusable Bag
2774,2026-03-03,Tomato Sauce
2775,2026-03-04,Beer
2775,2026-03-04,Bread
2775,2026-03-04,Charcoal
2775,2026-03-04,Coffee
2775,2026-03-04,Onions
2775,2026-03-04,Reusable Bag
2775,2026-03-04,Steak
2776,2026-11-06,Cheddar
2776,2026-11-06,Lettuce
2776,2026-11-06,Paper Towels
2776,2026-11-06,Reusable Bag
2776,2026-11-06,Tomatoes
2777,2026-02-21,Bread
2777,2026-02-21,Cereal
2777,2026-02-21,Coffee
2777,2026-02-21,Croissants
2777,2026-02-21,Onions
2777,2026-02-21,Reusable Bag
2777,2026-02-21,Rice
2777,2026-02-21,Whole Milk
2778,2026-06-26,Butter
2778,2026-06-26,Cereal
2778,2026-06-26,Chocolate
2778,2026-06-26,Potato Chips
2778,2026-06-26,Reusable Bag
2778,2026-06-26,Yogurt
2779,2026-11-12,Charcoal
2779,2026-11-12,Chicken Breast
2779,2026-11-12,Diapers
2779,2026-11-12,Paper Towels
2779,2026-11-12,Pasta
2779,2026-11-12,Red Wine
2779,2026-11-12,Tomato Sauce
2779,2026-11-12,Yogurt
2780,2026-12-28,Apples
2780,2026-12-28,Baby Wipes
2780,2026-12-28,Beer
2780,2026-12-28,Burger Buns
2780,2026-12-28,Butter
2780,2026-12-28,Charcoal
2780,2026-12-28,Dish Soap
2780,2026-12-28,Ketchup
2780,2026-12-28,Paper Towels
2780,2026-12-28,Reusable Bag
2780,2026-12-28,Rice
2781,2026-09-20,Apples
2781,2026-09-20,Charcoal
2781,2026-09-20,Garlic
2781,2026-09-20,Orange Juice
2781,2026-09-20,Reusable Bag
2781,2026-09-20,Steak
2782,2026-02-16,Bread
2782,2026-02-16,Cucumber
2782,2026-02-16,Lettuce
2782,2026-02-16,Olive Oil
2782,2026-02-16,Reusable Bag
2783,2026-06-07,Bread
2783,2026-06-07,Chocolate
2783,2026-06-07,Dish Soap
2783,2026-06-07,Reusable Bag
2784,2026-04-02,Apples
2784,2026-04-02,Garlic
2784,2026-04-02,Paper Towels
2784,2026-04-02,Parmesan
2784,2026-04-02,Pasta
2784,2026-04-02,Sparkling Water
2784,2026-04-02,Tomato Sauce
2784,2026-04-02,Yogurt
2785,2026-05-27,Bread
2785,2026-05-27,Reusable Bag
2786,2026-12-01,Bananas
2786,2026-12-01,Beer
2786,2026-12-01,Bread
2786,2026-12-01,Burger Buns
2786,2026-12-01,Charcoal
2786,2026-12-01,Eggs
2786,2026-12-01,Frozen Pizza
2786,2026-12-01,Reusable Bag
2786,2026-12-01,Sparkling Water
2787,2026-03-27,Beer
2787,2026-03-27,Burger Buns
2787,2026-03-27,Charcoal
2787,2026-03-27,Croissants
2787,2026-03-27,Ketchup
2787,2026-03-27,Onions
2787,2026-03-27,Reusable Bag
2787,2026-03-27,Steak
2788,2026-10-09,2% Milk
2788,2026-10-09,Beer
2788,2026-10-09,Bread
2788,2026-10-09,Burger Buns
2788,2026-10-09,Cereal
2788,2026-10-09,Charcoal
2788,2026-10-09,Chocolate
2788,2026-10-09,Cucumber
2788,2026-10-09,Frozen Pizza
2788,2026-10-09,Ketchup
2788,2026-10-09,Lettuce
2788,2026-10-09,Reusable Bag
2788,2026-10-09,Steak
2789,2026-07-06,Garlic
2789,2026-07-06,Onions
2789,2026-07-06,Pasta
2789,2026-07-06,Red Wine
2789,2026-07-06,Reusable Bag
2789,2026-07-06,Tomato Sauce
2790,2026-10-04,2% Milk
2790,2026-10-04,Chicken Breast
2790,2026-10-04,Frozen Pizza
2790,2026-10-04,Lettuce
2790,2026-10-04,Potato Chips
2790,2026-10-04,Reusable Bag
2790,2026-10-04,Tomatoes
2790,2026-10-04,Yogurt
2791,2026-07-26,Eggs
2791,2026-07-26,Lettuce
2791,2026-07-26,Olive Oil
2791,2026-07-26,Onions
2791,2026-07-26,Tea
2791,2026-07-26,Yogurt
2792,2026-08-18,Apples
2792,2026-08-18,Bread
2792,2026-08-18,Cucumber
2792,2026-08-18,Lettuce
2792,2026-08-18,Reusable Bag
2793,2026-01-05,Baby Wipes
2793,2026-01-05,Beer
2793,2026-01-05,Carrots
2793,2026-01-05,Cheddar
2793,2026-01-05,Chocolate
2793,2026-01-05,Diapers
2793,2026-01-05,Frozen Pizza
2794,2026-09-17,Bananas
2794,2026-09-17,Chicken Breast
2794,2026-09-17,Reusable Bag
2794,2026-09-17,Sparkling Water
2794,2026-09-17,Yogurt
2795,2026-04-25,Baby Food
2795,2026-04-25,Baby Wipes
2795,2026-04-25,Bread
2795,2026-04-25,Butter
2795,2026-04-25,Chicken Breast
2795,2026-04-25,Diapers
2795,2026-04-25,Onions
2795,2026-04-25,Reusable Bag
2795,2026-04-25,Sparkling Water
2795,2026-04-25,Tomato Sauce
2796,2026-11-26,Burger Buns
2796,2026-11-26,Carrots
2796,2026-11-26,Cereal
2796,2026-11-26,Charcoal
2796,2026-11-26,Chocolate
2796,2026-11-26,Ketchup
2796,2026-11-26,Reusable Bag
2796,2026-11-26,Rice
2796,2026-11-26,Sparkling Water
2796,2026-11-26,Steak
2797,2026-02-27,Lettuce
2797,2026-02-27,Reusable Bag
2797,2026-02-27,Rice
2797,2026-02-27,Tomatoes
2798,2026-08-20,Baby Food
2798,2026-08-20,Baby Wipes
2798,2026-08-20,Beer
2798,2026-08-20,Bread
2798,2026-08-20,Chicken Breast
2798,2026-08-20,Cucumber
2798,2026-08-20,Diapers
2798,2026-08-20,Reusable Bag
2798,2026-08-20,Rice
2798,2026-08-20,Yogurt
2799,2026-05-28,Bananas
2799,2026-05-28,Coffee
2799,2026-05-28,Orange Juice
2799,2026-05-28,Reusable Bag
2799,2026-05-28,Whole Milk
2800,2026-11-11,Burger Buns
2800,2026-11-11,Butter
2800,2026-11-11,Chicken Breast
2800,2026-11-11,Coffee
2800,2026-11-11,Garlic
2800,2026-11-11,Reusable Bag
2801,2026-08-31,2% Milk
2801,2026-08-31,Reusable Bag
2801,2026-08-31,Tomatoes
2801,2026-08-31,Yogurt
2802,2026-01-23,Bananas
2802,2026-01-23,Chocolate
2802,2026-01-23,Garlic
2802,2026-01-23,Parmesan
2802,2026-01-23,Pasta
2802,2026-01-23,Reusable Bag
2802,2026-01-23,Rice
2802,2026-01-23,Sparkling Water
2802,2026-01-23,Tomato Sauce
2802,2026-01-23,Whole Milk
2803,2026-02-20,Apples
2803,2026-02-20,Lettuce
2803,2026-02-20,Tomatoes
2803,2026-02-20,Yogurt
2804,2026-02-07,Apples
2804,2026-02-07,Baby Food
2804,2026-02-07,Baby Wipes
2804,2026-02-07,Diapers
2804,2026-02-07,Dish Soap
2804,2026-02-07,Eggs
2804,2026-02-07,Paper Towels
2804,2026-02-07,Rice
2805,2026-12-16,Cheddar
2805,2026-12-16,Cucumber
2805,2026-12-16,Lettuce
2806,2026-09-11,Beer
2806,2026-09-11,Butter
2806,2026-09-11,Cereal
2806,2026-09-11,Cucumber
2806,2026-09-11,Diapers
2806,2026-09-11,Orange Juice
2806,2026-09-11,Reusable Bag
2807,2026-11-06,Bread
2807,2026-11-06,Chicken Breast
2807,2026-11-06,Garlic
2807,2026-11-06,Parmesan
2807,2026-11-06,Pasta
2807,2026-11-06,Red Wine
2807,2026-11-06,Reusable Bag
2807,2026-11-06,Tomato Sauce
2807,2026-11-06,Yogurt
2808,2026-02-23,Beer
2808,2026-02-23,Burger Buns
2808,2026-02-23,Charcoal
2808,2026-02-23,Ketchup
2808,2026-02-23,Steak
2808,2026-02-23,Yogurt
2809,2026-03-02,Bananas
2809,2026-03-02,Bread
2809,2026-03-02,Butter
2809,2026-03-02,Coffee
2809,2026-03-02,Potato Chips
2809,2026-03-02,Reusable Bag
2810,2026-10-26,Burger Buns
2810,2026-10-26,Charcoal
2810,2026-10-26,Ketchup
2810,2026-10-26,Onions
2810,2026-10-26,Parmesan
2810,2026-10-26,Potato Chips
2810,2026-10-26,Reusable Bag
2811,2026-11-03,Apples
2811,2026-11-03,Bread
2811,2026-11-03,Burger Buns
2811,2026-11-03,Charcoal
2811,2026-11-03,Cheddar
2811,2026-11-03,Croissants
2811,2026-11-03,Dish Soap
2811,2026-11-03,Ketchup
2811,2026-11-03,Lettuce
2811,2026-11-03,Reusable Bag
2811,2026-11-03,Steak
2811,2026-11-03,Whole Milk
2812,2026-05-21,2% Milk
2812,2026-05-21,Chocolate
2812,2026-05-21,Coffee
2812,2026-05-21,Reusable Bag
2812,2026-05-21,Whole Milk
2813,2026-03-17,Baby Food
2813,2026-03-17,Baby Wipes
2813,2026-03-17,Beer
2813,2026-03-17,Diapers
2813,2026-03-17,Eggs
2813,2026-03-17,Potato Chips
2813,2026-03-17,Reusable Bag
2813,2026-03-17,Rice
2814,2026-08-25,Beer
2814,2026-08-25,Bread
2814,2026-08-25,Charcoal
2814,2026-08-25,Chicken Breast
2814,2026-08-25,Ketchup
2814,2026-08-25,Steak
2815,2026-04-09,Cereal
2815,2026-04-09,Charcoal
2815,2026-04-09,Coffee
2815,2026-04-09,Garlic
2815,2026-04-09,Reusable Bag
2815,2026-04-09,Tomato Sauce
2816,2026-12-23,Bread
2816,2026-12-23,Eggs
2816,2026-12-23,Lettuce
2816,2026-12-23,Olive Oil
2816,2026-12-23,Onions
2816,2026-12-23,Sparkling Water
2817,2026-12-07,Bananas
2817,2026-12-07,Beer
2817,2026-12-07,Bread
2817,2026-12-07,Frozen Pizza
2817,2026-12-07,Garlic
2817,2026-12-07,Parmesan
2817,2026-12-07,Pasta
2817,2026-12-07,Reusable Bag
2817,2026-12-07,Rice
2817,2026-12-07,Sparkling Water
2817,2026-12-07,Tomato Sauce
2817,2026-12-07,Tomatoes
2818,2026-08-18,Bananas
2818,2026-08-18,Bread
2818,2026-08-18,Dish Soap
2818,2026-08-18,Garlic
2818,2026-08-18,Ketchup
2818,2026-08-18,Paper Towels
2818,2026-08-18,Parmesan
2818,2026-08-18,Pasta
2818,2026-08-18,Red Wine
2818,2026-08-18,Reusable Bag
2818,2026-08-18,Rice
2818,2026-08-18,Steak
2818,2026-08-18,Tomato Sauce
2819,2026-04-13,Eggs
2819,2026-04-13,Garlic
2819,2026-04-13,Paper Towels
2819,2026-04-13,Parmesan
2819,2026-04-13,Pasta
2819,2026-04-13,Reusable Bag
2819,2026-04-13,Rice
2819,2026-04-13,Tea
2819,2026-04-13,Yogurt
2820,2026-02-19,Bananas
2820,2026-02-19,Cheddar
2820,2026-02-19,Coffee
2820,2026-02-19,Parmesan
2820,2026-02-19,Pasta
2820,2026-02-19,Red Wine
2820,2026-02-19,Reusable Bag
2820,2026-02-19,Sparkling Water
2820,2026-02-19,Steak
2820,2026-02-19,Tomato Sauce
2820,2026-02-19,Yogurt
2821,2026-09-27,Apples
2821,2026-09-27,Chicken Breast
2821,2026-09-27,Cucumber
2821,2026-09-27,Lettuce
2821,2026-09-27,Olive Oil
2821,2026-09-27,Reusable Bag
2821,2026-09-27,Sparkling Water
2821,2026-09-27,Tomatoes
2822,2026-12-29,Bananas
2822,2026-12-29,Charcoal
2822,2026-12-29,Diapers
2822,2026-12-29,Eggs
2822,2026-12-29,Lettuce
2822,2026-12-29,Paper Towels
2822,2026-12-29,Red Wine
2822,2026-12-29,Reusable Bag
2822,2026-12-29,Tomatoes
2823,2026-05-14,Bread
2823,2026-05-14,Burger Buns
2823,2026-05-14,Charcoal
2823,2026-05-14,Ketchup
2823,2026-05-14,Reusable Bag
2823,2026-05-14,Steak
2824,2026-02-09,2% Milk
2824,2026-02-09,Baby Wipes
2824,2026-02-09,Diapers
2824,2026-02-09,Eggs
2824,2026-02-09,Reusable Bag
2824,2026-02-09,Rice
2824,2026-02-09,Tea
2825,2026-02-18,2% Milk
2825,2026-02-18,Bread
2825,2026-02-18,Garlic
2825,2026-02-18,Pasta
2825,2026-02-18,Potato Chips
2825,2026-02-18,Reusable Bag
2825,2026-02-18,Rice
2825,2026-02-18,Sparkling Water
2825,2026-02-18,Tomato Sauce
2826,2026-06-25,2% Milk
2826,2026-06-25,Baby Wipes
2826,2026-06-25,Carrots
2826,2026-06-25,Cheddar
2826,2026-06-25,Cucumber
2826,2026-06-25,Eggs
2826,2026-06-25,Olive Oil
2827,2026-09-12,Charcoal
2827,2026-09-12,Cucumber
2827,2026-09-12,Eggs
2827,2026-09-12,Frozen Pizza
2827,2026-09-12,Parmesan
2827,2026-09-12,Pasta
2827,2026-09-12,Reusable Bag
2827,2026-09-12,Tomato Sauce
2828,2026-09-06,Cheddar
2828,2026-09-06,Eggs
2828,2026-09-06,Olive Oil
2828,2026-09-06,Parmesan
2828,2026-09-06,Pasta
2828,2026-09-06,Reusable Bag
2828,2026-09-06,Rice
2828,2026-09-06,Sparkling Water
2828,2026-09-06,Tomato Sauce
2829,2026-07-06,Apples
2829,2026-07-06,Bananas
2829,2026-07-06,Burger Buns
2829,2026-07-06,Butter
2829,2026-07-06,Red Wine
2829,2026-07-06,Reusable Bag
2829,2026-07-06,Tomatoes
2830,2026-08-21,Carrots
2830,2026-08-21,Cucumber
2830,2026-08-21,Dish Soap
2830,2026-08-21,Lettuce
2830,2026-08-21,Olive Oil
2830,2026-08-21,Onions
2830,2026-08-21,Potato Chips
2830,2026-08-21,Reusable Bag
2830,2026-08-21,Sparkling Water
2831,2026-01-20,Bananas
2831,2026-01-20,Bread
2831,2026-01-20,Frozen Pizza
2831,2026-01-20,Lettuce
2831,2026-01-20,Olive Oil
2831,2026-01-20,Reusable Bag
2831,2026-01-20,Sparkling Water
2832,2026-07-22,2% Milk
2832,2026-07-22,Apples
2832,2026-07-22,Bread
2832,2026-07-22,Cucumber
2832,2026-07-22,Lettuce
2832,2026-07-22,Olive Oil
2832,2026-07-22,Reusable Bag
2832,2026-07-22,Tomatoes
2833,2026-06-04,Baby Food
2833,2026-06-04,Bananas
2833,2026-06-04,Cereal
2833,2026-06-04,Chicken Breast
2833,2026-06-04,Cucumber
2833,2026-06-04,Lettuce
2833,2026-06-04,Paper Towels
2833,2026-06-04,Red Wine
2833,2026-06-04,Reusable Bag
2833,2026-06-04,Tomatoes
2834,2026-01-18,Bananas
2834,2026-01-18,Bread
2834,2026-01-18,Burger Buns
2834,2026-01-18,Charcoal
2834,2026-01-18,Chocolate
2834,2026-01-18,Eggs
2834,2026-01-18,Frozen Pizza
2834,2026-01-18,Pasta
2834,2026-01-18,Reusable Bag
2834,2026-01-18,Steak
2835,2026-09-29,Cereal
2835,2026-09-29,Cucumber
2835,2026-09-29,Lettuce
2835,2026-09-29,Reusable Bag
2835,2026-09-29,Tomatoes
2836,2026-04-28,Dish Soap
2836,2026-04-28,Eggs
2836,2026-04-28,Garlic
2836,2026-04-28,Onions
2836,2026-04-28,Paper Towels
2836,2026-04-28,Pasta
2836,2026-04-28,Red Wine
2836,2026-04-28,Reusable Bag
2836,2026-04-28,Sparkling Water
2836,2026-04-28,Tomato Sauce
2837,2026-08-05,Carrots
2837,2026-08-05,Cheddar
2837,2026-08-05,Chicken Breast
2837,2026-08-05,Coffee
2837,2026-08-05,Croissants
2837,2026-08-05,Eggs
2837,2026-08-05,Ketchup
2837,2026-08-05,Paper Towels
2837,2026-08-05,Reusable Bag
2838,2026-10-26,Bananas
2838,2026-10-26,Cereal
2838,2026-10-26,Cucumber
2838,2026-10-26,Lettuce
2838,2026-10-26,Reusable Bag
2839,2026-02-22,Beer
2839,2026-02-22,Burger Buns
2839,2026-02-22,Charcoal
2839,2026-02-22,Ketchup
2839,2026-02-22,Potato Chips
2839,2026-02-22,Reusable Bag
2839,2026-02-22,Steak
2840,2026-12-09,Apples
2840,2026-12-09,Butter
2840,2026-12-09,Carrots
2840,2026-12-09,Charcoal
2840,2026-12-09,Ketchup
2840,2026-12-09,Reusable Bag
2840,2026-12-09,Sparkling Water
2840,2026-12-09,Steak
2841,2026-04-24,2% Milk
2841,2026-04-24,Bananas
2841,2026-04-24,Bread
2841,2026-04-24,Carrots
2841,2026-04-24,Cereal
2841,2026-04-24,Coffee
2841,2026-04-24,Cucumber
2841,2026-04-24,Lettuce
2841,2026-04-24,Orange Juice
2841,2026-04-24,Reusable Bag
2841,2026-04-24,Whole Milk
2842,2026-07-29,2% Milk
2842,2026-07-29,Butter
2842,2026-07-29,Cheddar
2842,2026-07-29,Diapers
2842,2026-07-29,Onions
2842,2026-07-29,Reusable Bag
2842,2026-07-29,Sparkling Water
2843,2026-11-17,Baby Wipes
2843,2026-11-17,Bananas
2843,2026-11-17,Cheddar
2843,2026-11-17,Garlic
2843,2026-11-17,Olive Oil
2843,2026-11-17,Onions
2843,2026-11-17,Parmesan
2843,2026-11-17,Pasta
2843,2026-11-17,Red Wine
2843,2026-11-17,Reusable Bag
2843,2026-11-17,Rice
2843,2026-11-17,Tomato Sauce
2843,2026-11-17,Yogurt
2844,2026-02-19,2% Milk
2844,2026-02-19,Beer
2844,2026-02-19,Burger Buns
2844,2026-02-19,Butter
2844,2026-02-19,Charcoal
2844,2026-02-19,Ketchup
2844,2026-02-19,Reusable Bag
2844,2026-02-19,Steak
2845,2026-09-01,Chicken Breast
2845,2026-09-01,Coffee
2845,2026-09-01,Croissants
2845,2026-09-01,Frozen Pizza
2845,2026-09-01,Reusable Bag
2845,2026-09-01,Whole Milk
2846,2026-10-01,Bananas
2846,2026-10-01,Bread
2846,2026-10-01,Carrots
2846,2026-10-01,Diapers
2846,2026-10-01,Lettuce
2846,2026-10-01,Olive Oil
2846,2026-10-01,Parmesan
2846,2026-10-01,Reusable Bag
2846,2026-10-01,Tomatoes
2846,2026-10-01,Yogurt
2847,2026-04-23,Cheddar
2847,2026-04-23,Chicken Breast
2847,2026-04-23,Chocolate
2847,2026-04-23,Eggs
2847,2026-04-23,Lettuce
2847,2026-04-23,Olive Oil
2847,2026-04-23,Reusable Bag
2847,2026-04-23,Tomatoes
2848,2026-12-25,Apples
2848,2026-12-25,Beer
2848,2026-12-25,Burger Buns
2848,2026-12-25,Charcoal
2848,2026-12-25,Ketchup
2848,2026-12-25,Reusable Bag
2848,2026-12-25,Sparkling Water
2849,2026-05-09,Bananas
2849,2026-05-09,Bread
2849,2026-05-09,Cheddar
2849,2026-05-09,Reusable Bag
2849,2026-05-09,Rice
2850,2026-06-17,Beer
2850,2026-06-17,Charcoal
2850,2026-06-17,Chicken Breast
2850,2026-06-17,Reusable Bag
2850,2026-06-17,Steak
2851,2026-07-23,Cereal
2851,2026-07-23,Chicken Breast
2851,2026-07-23,Reusable Bag
2852,2026-02-15,2% Milk
2852,2026-02-15,Baby Wipes
2852,2026-02-15,Bananas
2852,2026-02-15,Beer
2852,2026-02-15,Carrots
2852,2026-02-15,Diapers
2852,2026-02-15,Eggs
2852,2026-02-15,Frozen Pizza
2852,2026-02-15,Reusable Bag
2853,2026-03-23,Beer
2853,2026-03-23,Butter
2853,2026-03-23,Carrots
2853,2026-03-23,Diapers
2853,2026-03-23,Paper Towels
2853,2026-03-23,Potato Chips
2853,2026-03-23,Reusable Bag
2853,2026-03-23,Yogurt
2854,2026-03-21,Pasta
2854,2026-03-21,Sparkling Water
2854,2026-03-21,Tea
2854,2026-03-21,Tomato Sauce
2855,2026-05-30,Butter
2855,2026-05-30,Chocolate
2855,2026-05-30,Croissants
2855,2026-05-30,Cucumber
2855,2026-05-30,Frozen Pizza
2855,2026-05-30,Ketchup
2855,2026-05-30,Lettuce
2855,2026-05-30,Olive Oil
2855,2026-05-30,Orange Juice
2855,2026-05-30,Reusable Bag
2856,2026-02-21,Baby Wipes
2856,2026-02-21,Beer
2856,2026-02-21,Burger Buns
2856,2026-02-21,Charcoal
2856,2026-02-21,Cheddar
2856,2026-02-21,Ketchup
2856,2026-02-21,Potato Chips
2856,2026-02-21,Steak
2856,2026-02-21,Tomatoes
2857,2026-09-08,Baby Food
2857,2026-09-08,Baby Wipes
2857,2026-09-08,Bananas
2857,2026-09-08,Beer
2857,2026-09-08,Burger Buns
2857,2026-09-08,Butter
2857,2026-09-08,Cheddar
2857,2026-09-08,Diapers
2857,2026-09-08,Onions
2857,2026-09-08,Reusable Bag
2858,2026-10-24,Coffee
2858,2026-10-24,Dish Soap
2858,2026-10-24,Frozen Pizza
2858,2026-10-24,Reusable Bag
2858,2026-10-24,Yogurt
2859,2026-09-02,Bananas
2859,2026-09-02,Bread
2859,2026-09-02,Cucumber
2859,2026-09-02,Lettuce
2859,2026-09-02,Tomatoes
2860,2026-09-16,Apples
2860,2026-09-16,Bread
2860,2026-09-16,Burger Buns
2860,2026-09-16,Cereal
2860,2026-09-16,Charcoal
2860,2026-09-16,Ketchup
2860,2026-09-16,Reusable Bag
2860,2026-09-16,Rice
2860,2026-09-16,Steak
2861,2026-06-16,Bananas
2861,2026-06-16,Cheddar
2861,2026-06-16,Reusable Bag
2861,2026-06-16,Sparkling Water
2862,2026-04-08,Baby Wipes
2862,2026-04-08,Chicken Breast
2862,2026-04-08,Chocolate
2862,2026-04-08,Diapers
2862,2026-04-08,Eggs
2862,2026-04-08,Garlic
2862,2026-04-08,Orange Juice
2862,2026-04-08,Reusable Bag
2862,2026-04-08,Steak
2863,2026-07-27,Burger Buns
2863,2026-07-27,Charcoal
2863,2026-07-27,Chicken Breast
2863,2026-07-27,Eggs
2863,2026-07-27,Ketchup
2863,2026-07-27,Reusable Bag
2863,2026-07-27,Steak
2864,2026-12-09,Baby Wipes
2864,2026-12-09,Bananas
2864,2026-12-09,Garlic
2864,2026-12-09,Ketchup
2864,2026-12-09,Parmesan
2864,2026-12-09,Pasta
2864,2026-12-09,Red Wine
2864,2026-12-09,Reusable Bag
2865,2026-08-01,Bananas
2865,2026-08-01,Beer
2865,2026-08-01,Cereal
2865,2026-08-01,Cheddar
2865,2026-08-01,Coffee
2865,2026-08-01,Paper Towels
2865,2026-08-01,Reusable Bag
2865,2026-08-01,Whole Milk
2866,2026-06-08,Eggs
2866,2026-06-08,Garlic
2866,2026-06-08,Pasta
2866,2026-06-08,Reusable Bag
2866,2026-06-08,Tomato Sauce
2867,2026-06-19,Bread
2867,2026-06-19,Chicken Breast
2867,2026-06-19,Cucumber
2867,2026-06-19,Frozen Pizza
2867,2026-06-19,Lettuce
2867,2026-06-19,Olive Oil
2867,2026-06-19,Red Wine
2867,2026-06-19,Reusable Bag
2867,2026-06-19,Tomatoes
2867,2026-06-19,Yogurt
2868,2026-03-05,Cheddar
2868,2026-03-05,Eggs
2868,2026-03-05,Garlic
2868,2026-03-05,Parmesan
2868,2026-03-05,Pasta
2868,2026-03-05,Reusable Bag
2868,2026-03-05,Rice
2868,2026-03-05,Sparkling Water
2868,2026-03-05,Tomato Sauce
2869,2026-08-17,Bread
2869,2026-08-17,Butter
2869,2026-08-17,Cheddar
2869,2026-08-17,Cucumber
2869,2026-08-17,Lettuce
2869,2026-08-17,Reusable Bag
2870,2026-08-12,Beer
2870,2026-08-12,Burger Buns
2870,2026-08-12,Butter
2870,2026-08-12,Charcoal
2870,2026-08-12,Chicken Breast
2870,2026-08-12,Eggs
2870,2026-08-12,Ketchup
2870,2026-08-12,Reusable Bag
2870,2026-08-12,Sparkling Water
2870,2026-08-12,Steak
2871,2026-02-27,Butter
2871,2026-02-27,Cheddar
2871,2026-02-27,Eggs
2871,2026-02-27,Garlic
2871,2026-02-27,Pasta
2871,2026-02-27,Red Wine
2871,2026-02-27,Reusable Bag
2872,2026-06-09,Apples
2872,2026-06-09,Olive Oil
2872,2026-06-09,Onions
2872,2026-06-09,Paper Towels
2872,2026-06-09,Rice
2872,2026-06-09,Yogurt
2873,2026-01-19,Apples
2873,2026-01-19,Cereal
2873,2026-01-19,Eggs
2873,2026-01-19,Frozen Pizza
2873,2026-01-19,Garlic
2873,2026-01-19,Ketchup
2873,2026-01-19,Onions
2873,2026-01-19,Parmesan
2873,2026-01-19,Pasta
2873,2026-01-19,Red Wine
2873,2026-01-19,Reusable Bag
2873,2026-01-19,Tomato Sauce
2873,2026-01-19,Whole Milk
2874,2026-12-08,Carrots
2874,2026-12-08,Garlic
2874,2026-12-08,Parmesan
2874,2026-12-08,Pasta
2874,2026-12-08,Reusable Bag
2874,2026-12-08,Tomato Sauce
2874,2026-12-08,Yogurt
2875,2026-07-31,Baby Food
2875,2026-07-31,Baby Wipes
2875,2026-07-31,Beer
2875,2026-07-31,Butter
2875,2026-07-31,Diapers
2875,2026-07-31,Potato Chips
2875,2026-07-31,Reusable Bag
2875,2026-07-31,Sparkling Water
2876,2026-03-22,2% Milk
2876,2026-03-22,Coffee
2876,2026-03-22,Croissants
2876,2026-03-22,Orange Juice
2876,2026-03-22,Reusable Bag
2876,2026-03-22,Yogurt
2877,2026-01-12,Apples
2877,2026-01-12,Bananas
2877,2026-01-12,Chicken Breast
2877,2026-01-12,Garlic
2877,2026-01-12,Paper Towels
2877,2026-01-12,Pasta
2877,2026-01-12,Red Wine
2877,2026-01-12,Reusable Bag
2877,2026-01-12,Sparkling Water
2877,2026-01-12,Tomato Sauce
2878,2026-10-14,2% Milk
2878,2026-10-14,Chocolate
2878,2026-10-14,Dish Soap
2878,2026-10-14,Reusable Bag
2878,2026-10-14,Sparkling Water
2878,2026-10-14,Yogurt
2879,2026-08-24,Beer
2879,2026-08-24,Burger Buns
2879,2026-08-24,Carrots
2879,2026-08-24,Charcoal
2879,2026-08-24,Reusable Bag
2879,2026-08-24,Steak
2880,2026-10-10,Bread
2880,2026-10-10,Eggs
2880,2026-10-10,Reusable Bag
2881,2026-06-23,Baby Wipes
2881,2026-06-23,Beer
2881,2026-06-23,Bread
2881,2026-06-23,Butter
2881,2026-06-23,Diapers
2881,2026-06-23,Eggs
2881,2026-06-23,Onions
2881,2026-06-23,Reusable Bag
2881,2026-06-23,Sparkling Water
2882,2026-08-25,Apples
2882,2026-08-25,Cheddar
2882,2026-08-25,Garlic
2882,2026-08-25,Parmesan
2882,2026-08-25,Pasta
2882,2026-08-25,Potato Chips
2882,2026-08-25,Reusable Bag
2882,2026-08-25,Tomato Sauce
2882,2026-08-25,Yogurt
2883,2026-06-28,2% Milk
2883,2026-06-28,Apples
2883,2026-06-28,Baby Wipes
2883,2026-06-28,Cheddar
2883,2026-06-28,Chocolate
2883,2026-06-28,Diapers
2883,2026-06-28,Onions
2883,2026-06-28,Reusable Bag
2884,2026-04-30,Bread
2884,2026-04-30,Carrots
2884,2026-04-30,Lettuce
2884,2026-04-30,Olive Oil
2884,2026-04-30,Onions
2884,2026-04-30,Reusable Bag
2884,2026-04-30,Tomatoes
2885,2026-01-10,2% Milk
2885,2026-01-10,Bread
2885,2026-01-10,Chicken Breast
2885,2026-01-10,Coffee
2885,2026-01-10,Onions
2885,2026-01-10,Orange Juice
2885,2026-01-10,Reusable Bag
2885,2026-01-10,Sparkling Water
2885,2026-01-10,Whole Milk
2886,2026-04-16,Lettuce
2886,2026-04-16,Onions
2886,2026-04-16,Potato Chips
2886,2026-04-16,Reusable Bag
2886,2026-04-16,Tomatoes
2887,2026-08-29,2% Milk
2887,2026-08-29,Baby Wipes
2887,2026-08-29,Beer
2887,2026-08-29,Bread
2887,2026-08-29,Butter
2887,2026-08-29,Diapers
2887,2026-08-29,Reusable Bag
2887,2026-08-29,Sparkling Water
2888,2026-03-24,Apples
2888,2026-03-24,Burger Buns
2888,2026-03-24,Charcoal
2888,2026-03-24,Chocolate
2888,2026-03-24,Diapers
2888,2026-03-24,Frozen Pizza
2888,2026-03-24,Ketchup
2888,2026-03-24,Parmesan
2888,2026-03-24,Potato Chips
2888,2026-03-24,Reusable Bag
2888,2026-03-24,Rice
2888,2026-03-24,Steak
2889,2026-03-09,Beer
2889,2026-03-09,Carrots
2889,2026-03-09,Lettuce
2889,2026-03-09,Parmesan
2889,2026-03-09,Pasta
2889,2026-03-09,Reusable Bag
2889,2026-03-09,Rice
2889,2026-03-09,Tomato Sauce
2890,2026-02-24,Bananas
2890,2026-02-24,Bread
2890,2026-02-24,Coffee
2890,2026-02-24,Croissants
2890,2026-02-24,Onions
2890,2026-02-24,Reusable Bag
2890,2026-02-24,Whole Milk
2891,2026-10-16,Bananas
2891,2026-10-16,Bread
2891,2026-10-16,Burger Buns
2891,2026-10-16,Carrots
2891,2026-10-16,Yogurt
2892,2026-10-09,Apples
2892,2026-10-09,Beer
2892,2026-10-09,Butter
2892,2026-10-09,Parmesan
2892,2026-10-09,Pasta
2892,2026-10-09,Red Wine
2892,2026-10-09,Reusable Bag
2893,2026-09-28,2% Milk
2893,2026-09-28,Chicken Breast
2893,2026-09-28,Cucumber
2893,2026-09-28,Dish Soap
2893,2026-09-28,Lettuce
2893,2026-09-28,Olive Oil
2893,2026-09-28,Paper Towels
2893,2026-09-28,Reusable Bag
2893,2026-09-28,Rice
2894,2026-05-23,Beer
2894,2026-05-23,Cereal
2894,2026-05-23,Chicken Breast
2894,2026-05-23,Diapers
2894,2026-05-23,Reusable Bag
2895,2026-03-27,Cereal
2895,2026-03-27,Parmesan
2895,2026-03-27,Pasta
2895,2026-03-27,Red Wine
2895,2026-03-27,Reusable Bag
2895,2026-03-27,Sparkling Water
2896,2026-07-15,Coffee
2896,2026-07-15,Croissants
2896,2026-07-15,Eggs
2896,2026-07-15,Orange Juice
2896,2026-07-15,Potato Chips
2896,2026-07-15,Reusable Bag
2896,2026-07-15,Whole Milk
2897,2026-07-30,Apples
2897,2026-07-30,Bananas
2897,2026-07-30,Beer
2897,2026-07-30,Burger Buns
2897,2026-07-30,Cereal
2897,2026-07-30,Charcoal
2897,2026-07-30,Ketchup
2897,2026-07-30,Reusable Bag
2897,2026-07-30,Sparkling Water
2897,2026-07-30,Steak
2897,2026-07-30,Yogurt
2898,2026-08-09,Burger Buns
2898,2026-08-09,Charcoal
2898,2026-08-09,Chicken Breast
2898,2026-08-09,Paper Towels
2898,2026-08-09,Reusable Bag
2898,2026-08-09,Sparkling Water
2899,2026-10-03,Bananas
2899,2026-10-03,Chicken Breast
2899,2026-10-03,Coffee
2899,2026-10-03,Frozen Pizza
2900,2026-02-14,Apples
2900,2026-02-14,Bananas
2900,2026-02-14,Bread
2900,2026-02-14,Potato Chips
2900,2026-02-14,Reusable Bag
2900,2026-02-14,Yogurt
2901,2026-09-11,Eggs
2901,2026-09-11,Reusable Bag
2902,2026-02-07,2% Milk
2902,2026-02-07,Baby Wipes
2902,2026-02-07,Bananas
2902,2026-02-07,Cereal
2902,2026-02-07,Chicken Breast
2902,2026-02-07,Coffee
2902,2026-02-07,Onions
2902,2026-02-07,Orange Juice
2903,2026-01-12,Baby Food
2903,2026-01-12,Diapers
2903,2026-01-12,Reusable Bag
2903,2026-01-12,Sparkling Water
2904,2026-09-23,Bananas
2904,2026-09-23,Burger Buns
2904,2026-09-23,Parmesan
2904,2026-09-23,Rice
2904,2026-09-23,Tomatoes
2905,2026-05-10,Eggs
2905,2026-05-10,Reusable Bag
2906,2026-11-26,Cereal
2906,2026-11-26,Cucumber
2906,2026-11-26,Lettuce
2906,2026-11-26,Onions
2906,2026-11-26,Reusable Bag
2906,2026-11-26,Sparkling Water
2906,2026-11-26,Tea
2907,2026-10-14,Baby Wipes
2907,2026-10-14,Chicken Breast
2907,2026-10-14,Eggs
2907,2026-10-14,Lettuce
2907,2026-10-14,Reusable Bag
2907,2026-10-14,Tomatoes
2908,2026-11-19,Burger Buns
2908,2026-11-19,Charcoal
2908,2026-11-19,Ketchup
2908,2026-11-19,Paper Towels
2908,2026-11-19,Parmesan
2908,2026-11-19,Reusable Bag
2908,2026-11-19,Rice
2909,2026-02-15,Baby Food
2909,2026-02-15,Baby Wipes
2909,2026-02-15,Bananas
2909,2026-02-15,Beer
2909,2026-02-15,Cheddar
2909,2026-02-15,Chicken Breast
2909,2026-02-15,Diapers
2909,2026-02-15,Olive Oil
2910,2026-05-06,Coffee
2910,2026-05-06,Orange Juice
2910,2026-05-06,Reusable Bag
2910,2026-05-06,Rice
2910,2026-05-06,Whole Milk
2911,2026-06-01,Bananas
2911,2026-06-01,Beer
2911,2026-06-01,Bread
2911,2026-06-01,Burger Buns
2911,2026-06-01,Charcoal
2911,2026-06-01,Chicken Breast
2911,2026-06-01,Dish Soap
2911,2026-06-01,Onions
2911,2026-06-01,Reusable Bag
2912,2026-07-07,2% Milk
2912,2026-07-07,Apples
2912,2026-07-07,Beer
2912,2026-07-07,Burger Buns
2912,2026-07-07,Charcoal
2912,2026-07-07,Chicken Breast
2912,2026-07-07,Ketchup
2912,2026-07-07,Reusable Bag
2912,2026-07-07,Sparkling Water
2912,2026-07-07,Steak
2913,2026-06-30,Bread
2913,2026-06-30,Cereal
2913,2026-06-30,Garlic
2913,2026-06-30,Onions
2913,2026-06-30,Parmesan
2913,2026-06-30,Pasta
2913,2026-06-30,Reusable Bag
2913,2026-06-30,Tea
2913,2026-06-30,Tomato Sauce
2913,2026-06-30,Yogurt
2914,2026-11-06,Beer
2914,2026-11-06,Coffee
2914,2026-11-06,Garlic
2914,2026-11-06,Parmesan
2914,2026-11-06,Pasta
2914,2026-11-06,Red Wine
2914,2026-11-06,Reusable Bag
2914,2026-11-06,Rice
2914,2026-11-06,Sparkling Water
2914,2026-11-06,Tomato Sauce
2915,2026-10-27,Bread
2915,2026-10-27,Butter
2915,2026-10-27,Cereal
2915,2026-10-27,Charcoal
2915,2026-10-27,Coffee
2915,2026-10-27,Croissants
2915,2026-10-27,Orange Juice
2915,2026-10-27,Reusable Bag
2915,2026-10-27,Steak
2916,2026-03-15,2% Milk
2916,2026-03-15,Apples
2916,2026-03-15,Carrots
2916,2026-03-15,Chicken Breast
2916,2026-03-15,Croissants
2916,2026-03-15,Eggs
2916,2026-03-15,Garlic
2916,2026-03-15,Orange Juice
2916,2026-03-15,Parmesan
2916,2026-03-15,Pasta
2916,2026-03-15,Red Wine
2916,2026-03-15,Reusable Bag
2916,2026-03-15,Tomato Sauce
2917,2026-05-30,Baby Food
2917,2026-05-30,Cucumber
2917,2026-05-30,Diapers
2917,2026-05-30,Lettuce
2917,2026-05-30,Olive Oil
2917,2026-05-30,Reusable Bag
2917,2026-05-30,Tea
2917,2026-05-30,Tomatoes
2918,2026-12-24,2% Milk
2918,2026-12-24,Bananas
2918,2026-12-24,Burger Buns
2918,2026-12-24,Charcoal
2918,2026-12-24,Cucumber
2918,2026-12-24,Ketchup
2918,2026-12-24,Potato Chips
2918,2026-12-24,Reusable Bag
2918,2026-12-24,Sparkling Water
2918,2026-12-24,Tomatoes
2919,2026-09-24,Chocolate
2919,2026-09-24,Eggs
2919,2026-09-24,Reusable Bag
2919,2026-09-24,Steak
2919,2026-09-24,Tea
2920,2026-06-09,2% Milk
2920,2026-06-09,Baby Food
2920,2026-06-09,Baby Wipes
2920,2026-06-09,Coffee
2920,2026-06-09,Croissants
2920,2026-06-09,Cucumber
2920,2026-06-09,Reusable Bag
2920,2026-06-09,Whole Milk
2921,2026-12-01,Garlic
2921,2026-12-01,Parmesan
2921,2026-12-01,Pasta
2921,2026-12-01,Reusable Bag
2921,2026-12-01,Sparkling Water
2921,2026-12-01,Tomato Sauce
2922,2026-04-23,Bananas
2922,2026-04-23,Beer
2922,2026-04-23,Bread
2922,2026-04-23,Burger Buns
2922,2026-04-23,Charcoal
2922,2026-04-23,Eggs
2922,2026-04-23,Ketchup
2922,2026-04-23,Potato Chips
2922,2026-04-23,Steak
2923,2026-02-12,Beer
2923,2026-02-12,Burger Buns
2923,2026-02-12,Charcoal
2923,2026-02-12,Chicken Breast
2923,2026-02-12,Ketchup
2923,2026-02-12,Reusable Bag
2923,2026-02-12,Steak
2924,2026-05-29,Frozen Pizza
2924,2026-05-29,Lettuce
2924,2026-05-29,Onions
2924,2026-05-29,Potato Chips
2924,2026-05-29,Reusable Bag
2924,2026-05-29,Rice
2924,2026-05-29,Tomatoes
2924,2026-05-29,Yogurt
2925,2026-12-21,Chicken Breast
2925,2026-12-21,Coffee
2925,2026-12-21,Croissants
2925,2026-12-21,Eggs
2925,2026-12-21,Onions
2925,2026-12-21,Orange Juice
2925,2026-12-21,Paper Towels
2925,2026-12-21,Reusable Bag
2925,2026-12-21,Whole Milk
2926,2026-06-30,Chicken Breast
2926,2026-06-30,Coffee
2926,2026-06-30,Croissants
2926,2026-06-30,Reusable Bag
2926,2026-06-30,Whole Milk
2927,2026-11-24,Baby Food
2927,2026-11-24,Baby Wipes
2927,2026-11-24,Beer
2927,2026-11-24,Cereal
2927,2026-11-24,Diapers
2927,2026-11-24,Eggs
2927,2026-11-24,Frozen Pizza
2928,2026-01-28,Apples
2928,2026-01-28,Baby Food
2928,2026-01-28,Beer
2928,2026-01-28,Burger Buns
2928,2026-01-28,Butter
2928,2026-01-28,Charcoal
2928,2026-01-28,Chocolate
2928,2026-01-28,Cucumber
2928,2026-01-28,Reusable Bag
2928,2026-01-28,Steak
2928,2026-01-28,Yogurt
2929,2026-05-19,Chicken Breast
2929,2026-05-19,Chocolate
2929,2026-05-19,Dish Soap
2929,2026-05-19,Potato Chips
2929,2026-05-19,Reusable Bag
2929,2026-05-19,Rice
2930,2026-10-24,Ketchup
2930,2026-10-24,Rice
2930,2026-10-24,Tomato Sauce
2931,2026-03-13,2% Milk
2931,2026-03-13,Baby Food
2931,2026-03-13,Baby Wipes
2931,2026-03-13,Beer
2931,2026-03-13,Carrots
2931,2026-03-13,Chicken Breast
2931,2026-03-13,Diapers
2931,2026-03-13,Paper Towels
2931,2026-03-13,Parmesan
2931,2026-03-13,Reusable Bag
2931,2026-03-13,Rice
2932,2026-08-03,Cereal
2932,2026-08-03,Onions
2933,2026-04-23,Apples
2933,2026-04-23,Bread
2933,2026-04-23,Burger Buns
2933,2026-04-23,Cereal
2933,2026-04-23,Charcoal
2933,2026-04-23,Ketchup
2933,2026-04-23,Onions
2933,2026-04-23,Potato Chips
2933,2026-04-23,Reusable Bag
2933,2026-04-23,Steak
2934,2026-01-21,2% Milk
2934,2026-01-21,Baby Food
2934,2026-01-21,Baby Wipes
2934,2026-01-21,Beer
2934,2026-01-21,Butter
2934,2026-01-21,Chocolate
2934,2026-01-21,Diapers
2934,2026-01-21,Potato Chips
2934,2026-01-21,Reusable Bag
2935,2026-12-20,Baby Wipes
2935,2026-12-20,Bananas
2935,2026-12-20,Dish Soap
2935,2026-12-20,Eggs
2935,2026-12-20,Garlic
2935,2026-12-20,Parmesan
2935,2026-12-20,Pasta
2935,2026-12-20,Red Wine
2935,2026-12-20,Reusable Bag
2936,2026-10-25,Baby Food
2936,2026-10-25,Baby Wipes
2936,2026-10-25,Bread
2936,2026-10-25,Butter
2936,2026-10-25,Diapers
2936,2026-10-25,Potato Chips
2936,2026-10-25,Reusable Bag
2936,2026-10-25,Sparkling Water
2937,2026-03-02,Baby Food
2937,2026-03-02,Baby Wipes
2937,2026-03-02,Bread
2937,2026-03-02,Diapers
2937,2026-03-02,Onions
2937,2026-03-02,Reusable Bag
2938,2026-03-28,Bananas
2938,2026-03-28,Butter
2938,2026-03-28,Cereal
2938,2026-03-28,Coffee
2938,2026-03-28,Lettuce
2938,2026-03-28,Orange Juice
2938,2026-03-28,Potato Chips
2938,2026-03-28,Reusable Bag
2938,2026-03-28,Sparkling Water
2938,2026-03-28,Whole Milk
2939,2026-12-23,Bananas
2939,2026-12-23,Cereal
2939,2026-12-23,Coffee
2939,2026-12-23,Croissants
2939,2026-12-23,Onions
2939,2026-12-23,Orange Juice
2939,2026-12-23,Paper Towels
2939,2026-12-23,Reusable Bag
2939,2026-12-23,Whole Milk
2940,2026-08-18,Apples
2940,2026-08-18,Burger Buns
2940,2026-08-18,Garlic
2940,2026-08-18,Parmesan
2940,2026-08-18,Pasta
2940,2026-08-18,Potato Chips
2940,2026-08-18,Reusable Bag
2940,2026-08-18,Tomato Sauce
2940,2026-08-18,Tomatoes
2940,2026-08-18,Yogurt
2941,2026-08-07,Butter
2941,2026-08-07,Carrots
2941,2026-08-07,Cereal
2941,2026-08-07,Coffee
2941,2026-08-07,Croissants
2941,2026-08-07,Garlic
2941,2026-08-07,Onions
2941,2026-08-07,Potato Chips
2941,2026-08-07,Reusable Bag
2941,2026-08-07,Steak
2941,2026-08-07,Whole Milk
2942,2026-12-30,2% Milk
2942,2026-12-30,Apples
2942,2026-12-30,Bananas
2942,2026-12-30,Beer
2942,2026-12-30,Burger Buns
2942,2026-12-30,Carrots
2942,2026-12-30,Charcoal
2942,2026-12-30,Chicken Breast
2942,2026-12-30,Cucumber
2942,2026-12-30,Reusable Bag
2942,2026-12-30,Steak
2943,2026-10-28,Apples
2943,2026-10-28,Cereal
2943,2026-10-28,Frozen Pizza
2943,2026-10-28,Onions
2943,2026-10-28,Reusable Bag
2944,2026-04-01,Bananas
2944,2026-04-01,Carrots
2944,2026-04-01,Coffee
2944,2026-04-01,Croissants
2944,2026-04-01,Orange Juice
2944,2026-04-01,Reusable Bag
2945,2026-01-08,Apples
2945,2026-01-08,Bread
2945,2026-01-08,Cereal
2945,2026-01-08,Eggs
2945,2026-01-08,Sparkling Water
2946,2026-11-15,Butter
2946,2026-11-15,Chicken Breast
2946,2026-11-15,Diapers
2946,2026-11-15,Frozen Pizza
2946,2026-11-15,Reusable Bag
2946,2026-11-15,Rice
2946,2026-11-15,Sparkling Water
2947,2026-06-04,Burger Buns
2947,2026-06-04,Olive Oil
2947,2026-06-04,Red Wine
2947,2026-06-04,Reusable Bag
2947,2026-06-04,Rice
2948,2026-05-06,2% Milk
2948,2026-05-06,Baby Food
2948,2026-05-06,Baby Wipes
2948,2026-05-06,Bananas
2948,2026-05-06,Beer
2948,2026-05-06,Carrots
2948,2026-05-06,Cucumber
2948,2026-05-06,Diapers
2948,2026-05-06,Reusable Bag
2948,2026-05-06,Rice
2948,2026-05-06,Sparkling Water
2949,2026-08-05,Cheddar
2949,2026-08-05,Garlic
2949,2026-08-05,Parmesan
2949,2026-08-05,Pasta
2949,2026-08-05,Red Wine
2949,2026-08-05,Tea
2949,2026-08-05,Tomato Sauce
2950,2026-01-22,Apples
2950,2026-01-22,Bread
2950,2026-01-22,Chocolate
2950,2026-01-22,Coffee
2950,2026-01-22,Croissants
2950,2026-01-22,Cucumber
2950,2026-01-22,Reusable Bag
2951,2026-07-17,Bananas
2951,2026-07-17,Bread
2951,2026-07-17,Dish Soap
2951,2026-07-17,Eggs
2951,2026-07-17,Onions
2951,2026-07-17,Red Wine
2951,2026-07-17,Reusable Bag
2952,2026-08-20,Bread
2952,2026-08-20,Lettuce
2952,2026-08-20,Reusable Bag
2953,2026-03-31,Apples
2953,2026-03-31,Chocolate
2953,2026-03-31,Cucumber
2953,2026-03-31,Dish Soap
2953,2026-03-31,Eggs
2953,2026-03-31,Lettuce
2953,2026-03-31,Olive Oil
2953,2026-03-31,Reusable Bag
2953,2026-03-31,Tea
2953,2026-03-31,Tomatoes
2954,2026-06-26,Apples
2954,2026-06-26,Carrots
2954,2026-06-26,Frozen Pizza
2954,2026-06-26,Garlic
2954,2026-06-26,Parmesan
2954,2026-06-26,Pasta
2954,2026-06-26,Potato Chips
2954,2026-06-26,Red Wine
2954,2026-06-26,Reusable Bag
2954,2026-06-26,Sparkling Water
2954,2026-06-26,Tomato Sauce
2955,2026-10-27,Eggs
2955,2026-10-27,Onions
2955,2026-10-27,Reusable Bag
2955,2026-10-27,Rice
2955,2026-10-27,Tomato Sauce
2956,2026-12-17,Beer
2956,2026-12-17,Carrots
2956,2026-12-17,Chicken Breast
2956,2026-12-17,Cucumber
2956,2026-12-17,Lettuce
2956,2026-12-17,Olive Oil
2956,2026-12-17,Pasta
2956,2026-12-17,Reusable Bag
2957,2026-05-05,Baby Food
2957,2026-05-05,Carrots
2957,2026-05-05,Diapers
2957,2026-05-05,Reusable Bag
2958,2026-06-22,Baby Food
2958,2026-06-22,Baby Wipes
2958,2026-06-22,Bananas
2958,2026-06-22,Cereal
2958,2026-06-22,Diapers
2958,2026-06-22,Dish Soap
2958,2026-06-22,Frozen Pizza
2958,2026-06-22,Rice
2959,2026-11-07,Baby Food
2959,2026-11-07,Baby Wipes
2959,2026-11-07,Bananas
2959,2026-11-07,Butter
2959,2026-11-07,Diapers
2959,2026-11-07,Eggs
2959,2026-11-07,Onions
2959,2026-11-07,Potato Chips
2959,2026-11-07,Reusable Bag
2960,2026-08-27,Beer
2960,2026-08-27,Burger Buns
2960,2026-08-27,Carrots
2960,2026-08-27,Charcoal
2960,2026-08-27,Dish Soap
2960,2026-08-27,Frozen Pizza
2960,2026-08-27,Onions
2960,2026-08-27,Parmesan
2960,2026-08-27,Pasta
2960,2026-08-27,Potato Chips
2960,2026-08-27,Reusable Bag
2960,2026-08-27,Steak
2961,2026-05-13,Apples
2961,2026-05-13,Bananas
2961,2026-05-13,Bread
2961,2026-05-13,Eggs
2961,2026-05-13,Parmesan
2961,2026-05-13,Pasta
2961,2026-05-13,Reusable Bag
2961,2026-05-13,Sparkling Water
2962,2026-08-25,2% Milk
2962,2026-08-25,Baby Wipes
2962,2026-08-25,Beer
2962,2026-08-25,Charcoal
2962,2026-08-25,Ketchup
2962,2026-08-25,Reusable Bag
2962,2026-08-25,Rice
2962,2026-08-25,Steak
2963,2026-08-13,Baby Food
2963,2026-08-13,Cereal
2963,2026-08-13,Olive Oil
2963,2026-08-13,Reusable Bag
2963,2026-08-13,Rice
2963,2026-08-13,Tomato Sauce
2963,2026-08-13,Yogurt
2964,2026-10-02,Apples
2964,2026-10-02,Baby Food
2964,2026-10-02,Bread
2964,2026-10-02,Carrots
2964,2026-10-02,Cheddar
2964,2026-10-02,Parmesan
2964,2026-10-02,Pasta
2964,2026-10-02,Potato Chips
2964,2026-10-02,Red Wine
2964,2026-10-02,Reusable Bag
2964,2026-10-02,Tomato Sauce
2965,2026-12-08,Apples
2965,2026-12-08,Beer
2965,2026-12-08,Burger Buns
2965,2026-12-08,Charcoal
2965,2026-12-08,Cheddar
2965,2026-12-08,Chicken Breast
2965,2026-12-08,Garlic
2965,2026-12-08,Ketchup
2965,2026-12-08,Reusable Bag
2965,2026-12-08,Rice
2965,2026-12-08,Steak
2966,2026-10-10,Butter
2966,2026-10-10,Coffee
2966,2026-10-10,Orange Juice
2966,2026-10-10,Reusable Bag
2966,2026-10-10,Tomatoes
2966,2026-10-10,Whole Milk
2967,2026-08-19,Apples
2967,2026-08-19,Carrots
2967,2026-08-19,Chicken Breast
2967,2026-08-19,Coffee
2967,2026-08-19,Croissants
2967,2026-08-19,Eggs
2967,2026-08-19,Orange Juice
2967,2026-08-19,Reusable Bag
2967,2026-08-19,Whole Milk
2968,2026-09-01,Baby Wipes
2968,2026-09-01,Beer
2968,2026-09-01,Bread
2968,2026-09-01,Cheddar
2968,2026-09-01,Coffee
2968,2026-09-01,Croissants
2968,2026-09-01,Orange Juice
2968,2026-09-01,Potato Chips
2968,2026-09-01,Reusable Bag
2969,2026-04-15,Bananas
2969,2026-04-15,Bread
2969,2026-04-15,Coffee
2969,2026-04-15,Orange Juice
2969,2026-04-15,Reusable Bag
2969,2026-04-15,Whole Milk
2970,2026-09-29,2% Milk
2970,2026-09-29,Baby Food
2970,2026-09-29,Cheddar
2970,2026-09-29,Dish Soap
2970,2026-09-29,Garlic
2970,2026-09-29,Ketchup
2970,2026-09-29,Parmesan
2970,2026-09-29,Pasta
2970,2026-09-29,Red Wine
2970,2026-09-29,Tomato Sauce
2971,2026-05-25,Chocolate
2971,2026-05-25,Lettuce
2971,2026-05-25,Reusable Bag
2972,2026-05-29,Bananas
2972,2026-05-29,Coffee
2972,2026-05-29,Reusable Bag
2973,2026-04-06,2% Milk
2973,2026-04-06,Baby Food
2973,2026-04-06,Cereal
2973,2026-04-06,Chicken Breast
2973,2026-04-06,Coffee
2973,2026-04-06,Orange Juice
2973,2026-04-06,Paper Towels
2973,2026-04-06,Parmesan
2973,2026-04-06,Red Wine
2973,2026-04-06,Yogurt
2974,2026-09-15,Bread
2974,2026-09-15,Garlic
2974,2026-09-15,Parmesan
2974,2026-09-15,Pasta
2974,2026-09-15,Rice
2974,2026-09-15,Sparkling Water
2974,2026-09-15,Tomato Sauce
2975,2026-04-01,Bread
2975,2026-04-01,Frozen Pizza
2975,2026-04-01,Orange Juice
2975,2026-04-01,Paper Towels
2975,2026-04-01,Parmesan
2975,2026-04-01,Potato Chips
2975,2026-04-01,Red Wine
2975,2026-04-01,Rice
2976,2026-09-08,Apples
2976,2026-09-08,Bread
2976,2026-09-08,Coffee
2976,2026-09-08,Croissants
2976,2026-09-08,Cucumber
2976,2026-09-08,Onions
2976,2026-09-08,Paper Towels
2976,2026-09-08,Reusable Bag
2976,2026-09-08,Rice
2977,2026-12-15,2% Milk
2977,2026-12-15,Apples
2977,2026-12-15,Beer
2977,2026-12-15,Burger Buns
2977,2026-12-15,Cereal
2977,2026-12-15,Charcoal
2977,2026-12-15,Chocolate
2977,2026-12-15,Ketchup
2977,2026-12-15,Reusable Bag
2977,2026-12-15,Sparkling Water
2977,2026-12-15,Tomato Sauce
2977,2026-12-15,Whole Milk
2978,2026-05-16,Bananas
2978,2026-05-16,Ketchup
2978,2026-05-16,Reusable Bag
2978,2026-05-16,Tea
2979,2026-06-21,Parmesan
2979,2026-06-21,Pasta
2979,2026-06-21,Reusable Bag
2979,2026-06-21,Tea
2979,2026-06-21,Tomato Sauce
2980,2026-01-06,Beer
2980,2026-01-06,Burger Buns
2980,2026-01-06,Charcoal
2980,2026-01-06,Chocolate
2980,2026-01-06,Dish Soap
2980,2026-01-06,Eggs
2980,2026-01-06,Frozen Pizza
2980,2026-01-06,Onions
2980,2026-01-06,Reusable Bag
2980,2026-01-06,Steak
2981,2026-01-15,2% Milk
2981,2026-01-15,Baby Wipes
2981,2026-01-15,Bread
2981,2026-01-15,Diapers
2981,2026-01-15,Frozen Pizza
2981,2026-01-15,Paper Towels
2981,2026-01-15,Reusable Bag
2981,2026-01-15,Tea
2982,2026-03-07,Apples
2982,2026-03-07,Reusable Bag
2982,2026-03-07,Steak
2983,2026-05-29,Coffee
2983,2026-05-29,Orange Juice
2983,2026-05-29,Yogurt
2984,2026-09-09,Burger Buns
2984,2026-09-09,Butter
2984,2026-09-09,Charcoal
2984,2026-09-09,Cheddar
2984,2026-09-09,Dish Soap
2984,2026-09-09,Frozen Pizza
2984,2026-09-09,Ketchup
2984,2026-09-09,Red Wine
2984,2026-09-09,Reusable Bag
2984,2026-09-09,Rice
2984,2026-09-09,Steak
2985,2026-07-10,Cereal
2985,2026-07-10,Coffee
2985,2026-07-10,Croissants
2985,2026-07-10,Eggs
2985,2026-07-10,Onions
2985,2026-07-10,Reusable Bag
2985,2026-07-10,Sparkling Water
2985,2026-07-10,Whole Milk
2986,2026-03-01,Cheddar
2986,2026-03-01,Reusable Bag
2987,2026-03-25,2% Milk
2987,2026-03-25,Cheddar
2987,2026-03-25,Coffee
2987,2026-03-25,Potato Chips
2987,2026-03-25,Reusable Bag
2988,2026-04-28,Garlic
2988,2026-04-28,Parmesan
2988,2026-04-28,Pasta
2988,2026-04-28,Red Wine
2988,2026-04-28,Reusable Bag
2988,2026-04-28,Tea
2989,2026-03-24,Beer
2989,2026-03-24,Burger Buns
2989,2026-03-24,Charcoal
2989,2026-03-24,Eggs
2989,2026-03-24,Ketchup
2989,2026-03-24,Onions
2989,2026-03-24,Reusable Bag
2989,2026-03-24,Steak
2989,2026-03-24,Tea
2990,2026-11-18,Bananas
2990,2026-11-18,Carrots
2990,2026-11-18,Frozen Pizza
2991,2026-03-02,Bread
2991,2026-03-02,Chocolate
2991,2026-03-02,Eggs
2991,2026-03-02,Garlic
2991,2026-03-02,Parmesan
2991,2026-03-02,Pasta
2991,2026-03-02,Red Wine
2991,2026-03-02,Reusable Bag
2991,2026-03-02,Tomato Sauce
2992,2026-06-05,2% Milk
2992,2026-06-05,Baby Food
2992,2026-06-05,Baby Wipes
2992,2026-06-05,Diapers
2992,2026-06-05,Potato Chips
2993,2026-01-09,2% Milk
2993,2026-01-09,Cereal
2993,2026-01-09,Eggs
2993,2026-01-09,Onions
2993,2026-01-09,Orange Juice
2993,2026-01-09,Potato Chips
2993,2026-01-09,Red Wine
2993,2026-01-09,Reusable Bag
2994,2026-06-26,Bread
2994,2026-06-26,Cucumber
2994,2026-06-26,Lettuce
2994,2026-06-26,Reusable Bag
2995,2026-07-04,Baby Wipes
2995,2026-07-04,Cheddar
2995,2026-07-04,Chocolate
2995,2026-07-04,Cucumber
2995,2026-07-04,Eggs
2995,2026-07-04,Frozen Pizza
2995,2026-07-04,Reusable Bag
2995,2026-07-04,Rice
2996,2026-06-20,Bananas
2996,2026-06-20,Bread
2996,2026-06-20,Cereal
2996,2026-06-20,Chocolate
2996,2026-06-20,Coffee
2996,2026-06-20,Croissants
2996,2026-06-20,Dish Soap
2996,2026-06-20,Orange Juice
2996,2026-06-20,Reusable Bag
2996,2026-06-20,Tomatoes
2996,2026-06-20,Whole Milk
2997,2026-12-24,Cereal
2997,2026-12-24,Cheddar
2997,2026-12-24,Garlic
2997,2026-12-24,Onions
2997,2026-12-24,Pasta
2997,2026-12-24,Reusable Bag
2997,2026-12-24,Tomato Sauce
2998,2026-03-14,Eggs
2998,2026-03-14,Reusable Bag
2999,2026-10-30,Bread
2999,2026-10-30,Cheddar
2999,2026-10-30,Cucumber
2999,2026-10-30,Lettuce
2999,2026-10-30,Onions
2999,2026-10-30,Rice
2999,2026-10-30,Tea
2999,2026-10-30,Tomatoes
3000,2026-02-27,Chicken Breast
3000,2026-02-27,Chocolate
3000,2026-02-27,Diapers
3000,2026-02-27,Parmesan
3000,2026-02-27,Pasta
3000,2026-02-27,Reusable Bag
3000,2026-02-27,Rice
